适用于 .NET Framework MSBuild 版本 17.14.18+a338add32

  GLAD.vcxproj -> D:\Workspace\VS Workspace\HuaEngine\build\bin\Debug-Windows-x64\GLAD.lib
  ImGui.vcxproj -> D:\Workspace\VS Workspace\HuaEngine\build\bin\Debug-Windows-x64\ImGui.lib
  glfw.vcxproj -> D:\Workspace\VS Workspace\HuaEngine\build\bin\Debug-Windows-x64\glfw3.lib
  cmake_pch.cxx
  Application.cpp
D:\Workspace\VS Workspace\HuaEngine\HuaEngine\src\HuaEngine\Reflection\TypeList.h(95,70): error C3878: syntax error: unexpected token ';' following 'typename-specifier' [D:\Workspace\VS Workspace\HuaEngine\build\HuaEngine\HuaEngine.vcxproj]
  (compiling source file '../../HuaEngine/src/HuaEngine/Application.cpp')
      D:\Workspace\VS Workspace\HuaEngine\HuaEngine\src\HuaEngine\Reflection\TypeList.h(95,70):
      missing one of: '(' '{' ?
  
D:\Workspace\VS Workspace\HuaEngine\Dependencies\entt\entt.hpp(6046,1): warning C4828: The file contains a character starting at offset 0x3a191 that is illegal in the current source character set (codepage 65001). [D:\Workspace\VS Workspace\HuaEngine\build\HuaEngine\HuaEngine.vcxproj]
  (compiling source file '../../HuaEngine/src/HuaEngine/Application.cpp')
  
D:\Workspace\VS Workspace\HuaEngine\Dependencies\entt\entt.hpp(6046,1): warning C4828: The file contains a character starting at offset 0x3a197 that is illegal in the current source character set (codepage 65001). [D:\Workspace\VS Workspace\HuaEngine\build\HuaEngine\HuaEngine.vcxproj]
  (compiling source file '../../HuaEngine/src/HuaEngine/Application.cpp')
  
D:\Workspace\VS Workspace\HuaEngine\Dependencies\entt\entt.hpp(8355,1): warning C4828: The file contains a character starting at offset 0x52025 that is illegal in the current source character set (codepage 65001). [D:\Workspace\VS Workspace\HuaEngine\build\HuaEngine\HuaEngine.vcxproj]
  (compiling source file '../../HuaEngine/src/HuaEngine/Application.cpp')
  
D:\Workspace\VS Workspace\HuaEngine\Dependencies\entt\entt.hpp(8355,1): warning C4828: The file contains a character starting at offset 0x5202b that is illegal in the current source character set (codepage 65001). [D:\Workspace\VS Workspace\HuaEngine\build\HuaEngine\HuaEngine.vcxproj]
  (compiling source file '../../HuaEngine/src/HuaEngine/Application.cpp')
  
D:\Workspace\VS Workspace\HuaEngine\Dependencies\entt\entt.hpp(13868,1): warning C4828: The file contains a character starting at offset 0x7f0c0 that is illegal in the current source character set (codepage 65001). [D:\Workspace\VS Workspace\HuaEngine\build\HuaEngine\HuaEngine.vcxproj]
  (compiling source file '../../HuaEngine/src/HuaEngine/Application.cpp')
  
D:\Workspace\VS Workspace\HuaEngine\Dependencies\entt\entt.hpp(13868,1): warning C4828: The file contains a character starting at offset 0x7f0c6 that is illegal in the current source character set (codepage 65001). [D:\Workspace\VS Workspace\HuaEngine\build\HuaEngine\HuaEngine.vcxproj]
  (compiling source file '../../HuaEngine/src/HuaEngine/Application.cpp')
  
D:\Workspace\VS Workspace\HuaEngine\Dependencies\entt\entt.hpp(59711,1): warning C4828: The file contains a character starting at offset 0x230043 that is illegal in the current source character set (codepage 65001). [D:\Workspace\VS Workspace\HuaEngine\build\HuaEngine\HuaEngine.vcxproj]
  (compiling source file '../../HuaEngine/src/HuaEngine/Application.cpp')
  
D:\Workspace\VS Workspace\HuaEngine\Dependencies\entt\entt.hpp(59711,1): warning C4828: The file contains a character starting at offset 0x230049 that is illegal in the current source character set (codepage 65001). [D:\Workspace\VS Workspace\HuaEngine\build\HuaEngine\HuaEngine.vcxproj]
  (compiling source file '../../HuaEngine/src/HuaEngine/Application.cpp')
  
D:\Workspace\VS Workspace\HuaEngine\Dependencies\entt\entt.hpp(71606,1): warning C4828: The file contains a character starting at offset 0x2a7cf1 that is illegal in the current source character set (codepage 65001). [D:\Workspace\VS Workspace\HuaEngine\build\HuaEngine\HuaEngine.vcxproj]
  (compiling source file '../../HuaEngine/src/HuaEngine/Application.cpp')
  
D:\Workspace\VS Workspace\HuaEngine\Dependencies\entt\entt.hpp(71606,1): warning C4828: The file contains a character starting at offset 0x2a7cf7 that is illegal in the current source character set (codepage 65001). [D:\Workspace\VS Workspace\HuaEngine\build\HuaEngine\HuaEngine.vcxproj]
  (compiling source file '../../HuaEngine/src/HuaEngine/Application.cpp')
  
D:\Workspace\VS Workspace\HuaEngine\Dependencies\entt\entt.hpp(91527,1): warning C4828: The file contains a character starting at offset 0x35f91d that is illegal in the current source character set (codepage 65001). [D:\Workspace\VS Workspace\HuaEngine\build\HuaEngine\HuaEngine.vcxproj]
  (compiling source file '../../HuaEngine/src/HuaEngine/Application.cpp')
  
D:\Workspace\VS Workspace\HuaEngine\Dependencies\entt\entt.hpp(91527,1): warning C4828: The file contains a character starting at offset 0x35f923 that is illegal in the current source character set (codepage 65001). [D:\Workspace\VS Workspace\HuaEngine\build\HuaEngine\HuaEngine.vcxproj]
  (compiling source file '../../HuaEngine/src/HuaEngine/Application.cpp')
  
D:\Workspace\VS Workspace\HuaEngine\Dependencies\entt\entt.hpp(6046,1): warning C4828: The file contains a character starting at offset 0x3a191 that is illegal in the current source character set (codepage 65001). [D:\Workspace\VS Workspace\HuaEngine\build\HuaEngine\HuaEngine.vcxproj]
  (compiling source file '../../HuaEngine/src/HuaEngine/Application.cpp')
  
D:\Workspace\VS Workspace\HuaEngine\Dependencies\entt\entt.hpp(6046,1): warning C4828: The file contains a character starting at offset 0x3a197 that is illegal in the current source character set (codepage 65001). [D:\Workspace\VS Workspace\HuaEngine\build\HuaEngine\HuaEngine.vcxproj]
  (compiling source file '../../HuaEngine/src/HuaEngine/Application.cpp')
  
D:\Workspace\VS Workspace\HuaEngine\Dependencies\entt\entt.hpp(8355,1): warning C4828: The file contains a character starting at offset 0x52025 that is illegal in the current source character set (codepage 65001). [D:\Workspace\VS Workspace\HuaEngine\build\HuaEngine\HuaEngine.vcxproj]
  (compiling source file '../../HuaEngine/src/HuaEngine/Application.cpp')
  
D:\Workspace\VS Workspace\HuaEngine\Dependencies\entt\entt.hpp(8355,1): warning C4828: The file contains a character starting at offset 0x5202b that is illegal in the current source character set (codepage 65001). [D:\Workspace\VS Workspace\HuaEngine\build\HuaEngine\HuaEngine.vcxproj]
  (compiling source file '../../HuaEngine/src/HuaEngine/Application.cpp')
  
D:\Workspace\VS Workspace\HuaEngine\Dependencies\entt\entt.hpp(13868,1): warning C4828: The file contains a character starting at offset 0x7f0c0 that is illegal in the current source character set (codepage 65001). [D:\Workspace\VS Workspace\HuaEngine\build\HuaEngine\HuaEngine.vcxproj]
  (compiling source file '../../HuaEngine/src/HuaEngine/Application.cpp')
  
D:\Workspace\VS Workspace\HuaEngine\Dependencies\entt\entt.hpp(13868,1): warning C4828: The file contains a character starting at offset 0x7f0c6 that is illegal in the current source character set (codepage 65001). [D:\Workspace\VS Workspace\HuaEngine\build\HuaEngine\HuaEngine.vcxproj]
  (compiling source file '../../HuaEngine/src/HuaEngine/Application.cpp')
  
D:\Workspace\VS Workspace\HuaEngine\Dependencies\entt\entt.hpp(59711,1): warning C4828: The file contains a character starting at offset 0x230043 that is illegal in the current source character set (codepage 65001). [D:\Workspace\VS Workspace\HuaEngine\build\HuaEngine\HuaEngine.vcxproj]
  (compiling source file '../../HuaEngine/src/HuaEngine/Application.cpp')
  
D:\Workspace\VS Workspace\HuaEngine\Dependencies\entt\entt.hpp(59711,1): warning C4828: The file contains a character starting at offset 0x230049 that is illegal in the current source character set (codepage 65001). [D:\Workspace\VS Workspace\HuaEngine\build\HuaEngine\HuaEngine.vcxproj]
  (compiling source file '../../HuaEngine/src/HuaEngine/Application.cpp')
  
D:\Workspace\VS Workspace\HuaEngine\Dependencies\entt\entt.hpp(71606,1): warning C4828: The file contains a character starting at offset 0x2a7cf1 that is illegal in the current source character set (codepage 65001). [D:\Workspace\VS Workspace\HuaEngine\build\HuaEngine\HuaEngine.vcxproj]
  (compiling source file '../../HuaEngine/src/HuaEngine/Application.cpp')
  
D:\Workspace\VS Workspace\HuaEngine\Dependencies\entt\entt.hpp(71606,1): warning C4828: The file contains a character starting at offset 0x2a7cf7 that is illegal in the current source character set (codepage 65001). [D:\Workspace\VS Workspace\HuaEngine\build\HuaEngine\HuaEngine.vcxproj]
  (compiling source file '../../HuaEngine/src/HuaEngine/Application.cpp')
  
D:\Workspace\VS Workspace\HuaEngine\Dependencies\entt\entt.hpp(91527,1): warning C4828: The file contains a character starting at offset 0x35f91d that is illegal in the current source character set (codepage 65001). [D:\Workspace\VS Workspace\HuaEngine\build\HuaEngine\HuaEngine.vcxproj]
  (compiling source file '../../HuaEngine/src/HuaEngine/Application.cpp')
  
D:\Workspace\VS Workspace\HuaEngine\Dependencies\entt\entt.hpp(91527,1): warning C4828: The file contains a character starting at offset 0x35f923 that is illegal in the current source character set (codepage 65001). [D:\Workspace\VS Workspace\HuaEngine\build\HuaEngine\HuaEngine.vcxproj]
  (compiling source file '../../HuaEngine/src/HuaEngine/Application.cpp')
  
D:\Workspace\VS Workspace\HuaEngine\HuaEngine\src\HuaEngine\ECS\Entity.h(29,44): error C3878: syntax error: unexpected token '>' following 'simple-type-specifier' [D:\Workspace\VS Workspace\HuaEngine\build\HuaEngine\HuaEngine.vcxproj]
  (compiling source file '../../HuaEngine/src/HuaEngine/Application.cpp')
      D:\Workspace\VS Workspace\HuaEngine\HuaEngine\src\HuaEngine\ECS\Entity.h(29,44):
      missing one of: '(' '{' ?
      D:\Workspace\VS Workspace\HuaEngine\HuaEngine\src\HuaEngine\ECS\Entity.h(28,8):
      This diagnostic occurred in the compiler generated function 'bool HE::Entity::HasComponent(void)'
  
D:\Workspace\VS Workspace\HuaEngine\HuaEngine\src\HuaEngine\ECS\Entity.h(29,44): error C3878: syntax error: unexpected token '>' following 'expression' [D:\Workspace\VS Workspace\HuaEngine\build\HuaEngine\HuaEngine.vcxproj]
  (compiling source file '../../HuaEngine/src/HuaEngine/Application.cpp')
      D:\Workspace\VS Workspace\HuaEngine\HuaEngine\src\HuaEngine\ECS\Entity.h(28,8):
      This diagnostic occurred in the compiler generated function 'bool HE::Entity::HasComponent(void)'
  
D:\Workspace\VS Workspace\HuaEngine\HuaEngine\src\HuaEngine\ECS\Entity.h(29,60): error C2760: syntax error: ')' was unexpected here; expected ';' [D:\Workspace\VS Workspace\HuaEngine\build\HuaEngine\HuaEngine.vcxproj]
  (compiling source file '../../HuaEngine/src/HuaEngine/Application.cpp')
      D:\Workspace\VS Workspace\HuaEngine\HuaEngine\src\HuaEngine\ECS\Entity.h(28,8):
      This diagnostic occurred in the compiler generated function 'bool HE::Entity::HasComponent(void)'
  
D:\Workspace\VS Workspace\HuaEngine\HuaEngine\src\HuaEngine\ECS\Entity.h(29,60): error C3878: syntax error: unexpected token ')' following 'jump-statement' [D:\Workspace\VS Workspace\HuaEngine\build\HuaEngine\HuaEngine.vcxproj]
  (compiling source file '../../HuaEngine/src/HuaEngine/Application.cpp')
      D:\Workspace\VS Workspace\HuaEngine\HuaEngine\src\HuaEngine\ECS\Entity.h(28,8):
      This diagnostic occurred in the compiler generated function 'bool HE::Entity::HasComponent(void)'
  
D:\Workspace\VS Workspace\HuaEngine\HuaEngine\src\HuaEngine\ECS\Components.h(42,3): error C2760: syntax error: '}' was unexpected here; expected ';' [D:\Workspace\VS Workspace\HuaEngine\build\HuaEngine\HuaEngine.vcxproj]
  (compiling source file '../../HuaEngine/src/HuaEngine/Application.cpp')
      D:\Workspace\VS Workspace\HuaEngine\HuaEngine\src\HuaEngine\ECS\Components.h(39,8):
      This diagnostic occurred in the compiler generated function 'void HE::NativeScriptComponent::Bind(void)'
  
D:\Workspace\VS Workspace\HuaEngine\Dependencies\entt\entt.hpp(6046,1): warning C4828: The file contains a character starting at offset 0x3a191 that is illegal in the current source character set (codepage 65001). [D:\Workspace\VS Workspace\HuaEngine\build\HuaEngine\HuaEngine.vcxproj]
  (compiling source file '../../HuaEngine/src/HuaEngine/Application.cpp')
  
D:\Workspace\VS Workspace\HuaEngine\Dependencies\entt\entt.hpp(6046,1): warning C4828: The file contains a character starting at offset 0x3a197 that is illegal in the current source character set (codepage 65001). [D:\Workspace\VS Workspace\HuaEngine\build\HuaEngine\HuaEngine.vcxproj]
  (compiling source file '../../HuaEngine/src/HuaEngine/Application.cpp')
  
D:\Workspace\VS Workspace\HuaEngine\Dependencies\entt\entt.hpp(8355,1): warning C4828: The file contains a character starting at offset 0x52025 that is illegal in the current source character set (codepage 65001). [D:\Workspace\VS Workspace\HuaEngine\build\HuaEngine\HuaEngine.vcxproj]
  (compiling source file '../../HuaEngine/src/HuaEngine/Application.cpp')
  
D:\Workspace\VS Workspace\HuaEngine\Dependencies\entt\entt.hpp(8355,1): warning C4828: The file contains a character starting at offset 0x5202b that is illegal in the current source character set (codepage 65001). [D:\Workspace\VS Workspace\HuaEngine\build\HuaEngine\HuaEngine.vcxproj]
  (compiling source file '../../HuaEngine/src/HuaEngine/Application.cpp')
  
D:\Workspace\VS Workspace\HuaEngine\Dependencies\entt\entt.hpp(13868,1): warning C4828: The file contains a character starting at offset 0x7f0c0 that is illegal in the current source character set (codepage 65001). [D:\Workspace\VS Workspace\HuaEngine\build\HuaEngine\HuaEngine.vcxproj]
  (compiling source file '../../HuaEngine/src/HuaEngine/Application.cpp')
  
D:\Workspace\VS Workspace\HuaEngine\Dependencies\entt\entt.hpp(13868,1): warning C4828: The file contains a character starting at offset 0x7f0c6 that is illegal in the current source character set (codepage 65001). [D:\Workspace\VS Workspace\HuaEngine\build\HuaEngine\HuaEngine.vcxproj]
  (compiling source file '../../HuaEngine/src/HuaEngine/Application.cpp')
  
D:\Workspace\VS Workspace\HuaEngine\Dependencies\entt\entt.hpp(59711,1): warning C4828: The file contains a character starting at offset 0x230043 that is illegal in the current source character set (codepage 65001). [D:\Workspace\VS Workspace\HuaEngine\build\HuaEngine\HuaEngine.vcxproj]
  (compiling source file '../../HuaEngine/src/HuaEngine/Application.cpp')
  
D:\Workspace\VS Workspace\HuaEngine\Dependencies\entt\entt.hpp(59711,1): warning C4828: The file contains a character starting at offset 0x230049 that is illegal in the current source character set (codepage 65001). [D:\Workspace\VS Workspace\HuaEngine\build\HuaEngine\HuaEngine.vcxproj]
  (compiling source file '../../HuaEngine/src/HuaEngine/Application.cpp')
  
D:\Workspace\VS Workspace\HuaEngine\Dependencies\entt\entt.hpp(71606,1): warning C4828: The file contains a character starting at offset 0x2a7cf1 that is illegal in the current source character set (codepage 65001). [D:\Workspace\VS Workspace\HuaEngine\build\HuaEngine\HuaEngine.vcxproj]
  (compiling source file '../../HuaEngine/src/HuaEngine/Application.cpp')
  
D:\Workspace\VS Workspace\HuaEngine\Dependencies\entt\entt.hpp(71606,1): warning C4828: The file contains a character starting at offset 0x2a7cf7 that is illegal in the current source character set (codepage 65001). [D:\Workspace\VS Workspace\HuaEngine\build\HuaEngine\HuaEngine.vcxproj]
  (compiling source file '../../HuaEngine/src/HuaEngine/Application.cpp')
  
D:\Workspace\VS Workspace\HuaEngine\Dependencies\entt\entt.hpp(91527,1): warning C4828: The file contains a character starting at offset 0x35f91d that is illegal in the current source character set (codepage 65001). [D:\Workspace\VS Workspace\HuaEngine\build\HuaEngine\HuaEngine.vcxproj]
  (compiling source file '../../HuaEngine/src/HuaEngine/Application.cpp')
  
D:\Workspace\VS Workspace\HuaEngine\Dependencies\entt\entt.hpp(91527,1): warning C4828: The file contains a character starting at offset 0x35f923 that is illegal in the current source character set (codepage 65001). [D:\Workspace\VS Workspace\HuaEngine\build\HuaEngine\HuaEngine.vcxproj]
  (compiling source file '../../HuaEngine/src/HuaEngine/Application.cpp')
  
  LayerStack.cpp
  Log.cpp
  Window.cpp
  Entity.cpp
D:\Workspace\VS Workspace\HuaEngine\Dependencies\entt\entt.hpp(6046,1): warning C4828: The file contains a character starting at offset 0x3a191 that is illegal in the current source character set (codepage 65001). [D:\Workspace\VS Workspace\HuaEngine\build\HuaEngine\HuaEngine.vcxproj]
  (compiling source file '../../HuaEngine/src/HuaEngine/ECS/Entity.cpp')
  
D:\Workspace\VS Workspace\HuaEngine\Dependencies\entt\entt.hpp(6046,1): warning C4828: The file contains a character starting at offset 0x3a197 that is illegal in the current source character set (codepage 65001). [D:\Workspace\VS Workspace\HuaEngine\build\HuaEngine\HuaEngine.vcxproj]
  (compiling source file '../../HuaEngine/src/HuaEngine/ECS/Entity.cpp')
  
D:\Workspace\VS Workspace\HuaEngine\Dependencies\entt\entt.hpp(8355,1): warning C4828: The file contains a character starting at offset 0x52025 that is illegal in the current source character set (codepage 65001). [D:\Workspace\VS Workspace\HuaEngine\build\HuaEngine\HuaEngine.vcxproj]
  (compiling source file '../../HuaEngine/src/HuaEngine/ECS/Entity.cpp')
  
D:\Workspace\VS Workspace\HuaEngine\Dependencies\entt\entt.hpp(8355,1): warning C4828: The file contains a character starting at offset 0x5202b that is illegal in the current source character set (codepage 65001). [D:\Workspace\VS Workspace\HuaEngine\build\HuaEngine\HuaEngine.vcxproj]
  (compiling source file '../../HuaEngine/src/HuaEngine/ECS/Entity.cpp')
  
D:\Workspace\VS Workspace\HuaEngine\Dependencies\entt\entt.hpp(13868,1): warning C4828: The file contains a character starting at offset 0x7f0c0 that is illegal in the current source character set (codepage 65001). [D:\Workspace\VS Workspace\HuaEngine\build\HuaEngine\HuaEngine.vcxproj]
  (compiling source file '../../HuaEngine/src/HuaEngine/ECS/Entity.cpp')
  
D:\Workspace\VS Workspace\HuaEngine\Dependencies\entt\entt.hpp(13868,1): warning C4828: The file contains a character starting at offset 0x7f0c6 that is illegal in the current source character set (codepage 65001). [D:\Workspace\VS Workspace\HuaEngine\build\HuaEngine\HuaEngine.vcxproj]
  (compiling source file '../../HuaEngine/src/HuaEngine/ECS/Entity.cpp')
  
D:\Workspace\VS Workspace\HuaEngine\Dependencies\entt\entt.hpp(59711,1): warning C4828: The file contains a character starting at offset 0x230043 that is illegal in the current source character set (codepage 65001). [D:\Workspace\VS Workspace\HuaEngine\build\HuaEngine\HuaEngine.vcxproj]
  (compiling source file '../../HuaEngine/src/HuaEngine/ECS/Entity.cpp')
  
D:\Workspace\VS Workspace\HuaEngine\Dependencies\entt\entt.hpp(59711,1): warning C4828: The file contains a character starting at offset 0x230049 that is illegal in the current source character set (codepage 65001). [D:\Workspace\VS Workspace\HuaEngine\build\HuaEngine\HuaEngine.vcxproj]
  (compiling source file '../../HuaEngine/src/HuaEngine/ECS/Entity.cpp')
  
D:\Workspace\VS Workspace\HuaEngine\Dependencies\entt\entt.hpp(71606,1): warning C4828: The file contains a character starting at offset 0x2a7cf1 that is illegal in the current source character set (codepage 65001). [D:\Workspace\VS Workspace\HuaEngine\build\HuaEngine\HuaEngine.vcxproj]
  (compiling source file '../../HuaEngine/src/HuaEngine/ECS/Entity.cpp')
  
D:\Workspace\VS Workspace\HuaEngine\Dependencies\entt\entt.hpp(71606,1): warning C4828: The file contains a character starting at offset 0x2a7cf7 that is illegal in the current source character set (codepage 65001). [D:\Workspace\VS Workspace\HuaEngine\build\HuaEngine\HuaEngine.vcxproj]
  (compiling source file '../../HuaEngine/src/HuaEngine/ECS/Entity.cpp')
  
D:\Workspace\VS Workspace\HuaEngine\Dependencies\entt\entt.hpp(91527,1): warning C4828: The file contains a character starting at offset 0x35f91d that is illegal in the current source character set (codepage 65001). [D:\Workspace\VS Workspace\HuaEngine\build\HuaEngine\HuaEngine.vcxproj]
  (compiling source file '../../HuaEngine/src/HuaEngine/ECS/Entity.cpp')
  
D:\Workspace\VS Workspace\HuaEngine\Dependencies\entt\entt.hpp(91527,1): warning C4828: The file contains a character starting at offset 0x35f923 that is illegal in the current source character set (codepage 65001). [D:\Workspace\VS Workspace\HuaEngine\build\HuaEngine\HuaEngine.vcxproj]
  (compiling source file '../../HuaEngine/src/HuaEngine/ECS/Entity.cpp')
  
D:\Workspace\VS Workspace\HuaEngine\Dependencies\entt\entt.hpp(6046,1): warning C4828: The file contains a character starting at offset 0x3a191 that is illegal in the current source character set (codepage 65001). [D:\Workspace\VS Workspace\HuaEngine\build\HuaEngine\HuaEngine.vcxproj]
  (compiling source file '../../HuaEngine/src/HuaEngine/ECS/Entity.cpp')
  
D:\Workspace\VS Workspace\HuaEngine\Dependencies\entt\entt.hpp(6046,1): warning C4828: The file contains a character starting at offset 0x3a197 that is illegal in the current source character set (codepage 65001). [D:\Workspace\VS Workspace\HuaEngine\build\HuaEngine\HuaEngine.vcxproj]
  (compiling source file '../../HuaEngine/src/HuaEngine/ECS/Entity.cpp')
  
D:\Workspace\VS Workspace\HuaEngine\Dependencies\entt\entt.hpp(8355,1): warning C4828: The file contains a character starting at offset 0x52025 that is illegal in the current source character set (codepage 65001). [D:\Workspace\VS Workspace\HuaEngine\build\HuaEngine\HuaEngine.vcxproj]
  (compiling source file '../../HuaEngine/src/HuaEngine/ECS/Entity.cpp')
  
D:\Workspace\VS Workspace\HuaEngine\Dependencies\entt\entt.hpp(8355,1): warning C4828: The file contains a character starting at offset 0x5202b that is illegal in the current source character set (codepage 65001). [D:\Workspace\VS Workspace\HuaEngine\build\HuaEngine\HuaEngine.vcxproj]
  (compiling source file '../../HuaEngine/src/HuaEngine/ECS/Entity.cpp')
  
D:\Workspace\VS Workspace\HuaEngine\Dependencies\entt\entt.hpp(13868,1): warning C4828: The file contains a character starting at offset 0x7f0c0 that is illegal in the current source character set (codepage 65001). [D:\Workspace\VS Workspace\HuaEngine\build\HuaEngine\HuaEngine.vcxproj]
  (compiling source file '../../HuaEngine/src/HuaEngine/ECS/Entity.cpp')
  
D:\Workspace\VS Workspace\HuaEngine\Dependencies\entt\entt.hpp(13868,1): warning C4828: The file contains a character starting at offset 0x7f0c6 that is illegal in the current source character set (codepage 65001). [D:\Workspace\VS Workspace\HuaEngine\build\HuaEngine\HuaEngine.vcxproj]
  (compiling source file '../../HuaEngine/src/HuaEngine/ECS/Entity.cpp')
  
D:\Workspace\VS Workspace\HuaEngine\Dependencies\entt\entt.hpp(59711,1): warning C4828: The file contains a character starting at offset 0x230043 that is illegal in the current source character set (codepage 65001). [D:\Workspace\VS Workspace\HuaEngine\build\HuaEngine\HuaEngine.vcxproj]
  (compiling source file '../../HuaEngine/src/HuaEngine/ECS/Entity.cpp')
  
D:\Workspace\VS Workspace\HuaEngine\Dependencies\entt\entt.hpp(59711,1): warning C4828: The file contains a character starting at offset 0x230049 that is illegal in the current source character set (codepage 65001). [D:\Workspace\VS Workspace\HuaEngine\build\HuaEngine\HuaEngine.vcxproj]
  (compiling source file '../../HuaEngine/src/HuaEngine/ECS/Entity.cpp')
  
D:\Workspace\VS Workspace\HuaEngine\Dependencies\entt\entt.hpp(71606,1): warning C4828: The file contains a character starting at offset 0x2a7cf1 that is illegal in the current source character set (codepage 65001). [D:\Workspace\VS Workspace\HuaEngine\build\HuaEngine\HuaEngine.vcxproj]
  (compiling source file '../../HuaEngine/src/HuaEngine/ECS/Entity.cpp')
  
D:\Workspace\VS Workspace\HuaEngine\Dependencies\entt\entt.hpp(71606,1): warning C4828: The file contains a character starting at offset 0x2a7cf7 that is illegal in the current source character set (codepage 65001). [D:\Workspace\VS Workspace\HuaEngine\build\HuaEngine\HuaEngine.vcxproj]
  (compiling source file '../../HuaEngine/src/HuaEngine/ECS/Entity.cpp')
  
D:\Workspace\VS Workspace\HuaEngine\Dependencies\entt\entt.hpp(91527,1): warning C4828: The file contains a character starting at offset 0x35f91d that is illegal in the current source character set (codepage 65001). [D:\Workspace\VS Workspace\HuaEngine\build\HuaEngine\HuaEngine.vcxproj]
  (compiling source file '../../HuaEngine/src/HuaEngine/ECS/Entity.cpp')
  
D:\Workspace\VS Workspace\HuaEngine\Dependencies\entt\entt.hpp(91527,1): warning C4828: The file contains a character starting at offset 0x35f923 that is illegal in the current source character set (codepage 65001). [D:\Workspace\VS Workspace\HuaEngine\build\HuaEngine\HuaEngine.vcxproj]
  (compiling source file '../../HuaEngine/src/HuaEngine/ECS/Entity.cpp')
  
D:\Workspace\VS Workspace\HuaEngine\HuaEngine\src\HuaEngine\ECS\Entity.h(29,44): error C3878: syntax error: unexpected token '>' following 'simple-type-specifier' [D:\Workspace\VS Workspace\HuaEngine\build\HuaEngine\HuaEngine.vcxproj]
  (compiling source file '../../HuaEngine/src/HuaEngine/ECS/Entity.cpp')
      D:\Workspace\VS Workspace\HuaEngine\HuaEngine\src\HuaEngine\ECS\Entity.h(29,44):
      missing one of: '(' '{' ?
      D:\Workspace\VS Workspace\HuaEngine\HuaEngine\src\HuaEngine\ECS\Entity.h(28,8):
      This diagnostic occurred in the compiler generated function 'bool HE::Entity::HasComponent(void)'
  
D:\Workspace\VS Workspace\HuaEngine\HuaEngine\src\HuaEngine\ECS\Entity.h(29,44): error C3878: syntax error: unexpected token '>' following 'expression' [D:\Workspace\VS Workspace\HuaEngine\build\HuaEngine\HuaEngine.vcxproj]
  (compiling source file '../../HuaEngine/src/HuaEngine/ECS/Entity.cpp')
      D:\Workspace\VS Workspace\HuaEngine\HuaEngine\src\HuaEngine\ECS\Entity.h(28,8):
      This diagnostic occurred in the compiler generated function 'bool HE::Entity::HasComponent(void)'
  
D:\Workspace\VS Workspace\HuaEngine\HuaEngine\src\HuaEngine\ECS\Entity.h(29,60): error C2760: syntax error: ')' was unexpected here; expected ';' [D:\Workspace\VS Workspace\HuaEngine\build\HuaEngine\HuaEngine.vcxproj]
  (compiling source file '../../HuaEngine/src/HuaEngine/ECS/Entity.cpp')
      D:\Workspace\VS Workspace\HuaEngine\HuaEngine\src\HuaEngine\ECS\Entity.h(28,8):
      This diagnostic occurred in the compiler generated function 'bool HE::Entity::HasComponent(void)'
  
D:\Workspace\VS Workspace\HuaEngine\HuaEngine\src\HuaEngine\ECS\Entity.h(29,60): error C3878: syntax error: unexpected token ')' following 'jump-statement' [D:\Workspace\VS Workspace\HuaEngine\build\HuaEngine\HuaEngine.vcxproj]
  (compiling source file '../../HuaEngine/src/HuaEngine/ECS/Entity.cpp')
      D:\Workspace\VS Workspace\HuaEngine\HuaEngine\src\HuaEngine\ECS\Entity.h(28,8):
      This diagnostic occurred in the compiler generated function 'bool HE::Entity::HasComponent(void)'
  
  EntityManager.cpp
D:\Workspace\VS Workspace\HuaEngine\HuaEngine\src\HuaEngine\Reflection\TypeList.h(95,70): error C3878: syntax error: unexpected token ';' following 'typename-specifier' [D:\Workspace\VS Workspace\HuaEngine\build\HuaEngine\HuaEngine.vcxproj]
  (compiling source file '../../HuaEngine/src/HuaEngine/ECS/EntityManager.cpp')
      D:\Workspace\VS Workspace\HuaEngine\HuaEngine\src\HuaEngine\Reflection\TypeList.h(95,70):
      missing one of: '(' '{' ?
  
D:\Workspace\VS Workspace\HuaEngine\HuaEngine\src\HuaEngine\ECS\Components.h(42,3): error C2760: syntax error: '}' was unexpected here; expected ';' [D:\Workspace\VS Workspace\HuaEngine\build\HuaEngine\HuaEngine.vcxproj]
  (compiling source file '../../HuaEngine/src/HuaEngine/ECS/EntityManager.cpp')
      D:\Workspace\VS Workspace\HuaEngine\HuaEngine\src\HuaEngine\ECS\Components.h(39,8):
      This diagnostic occurred in the compiler generated function 'void HE::NativeScriptComponent::Bind(void)'
  
D:\Workspace\VS Workspace\HuaEngine\Dependencies\entt\entt.hpp(6046,1): warning C4828: The file contains a character starting at offset 0x3a191 that is illegal in the current source character set (codepage 65001). [D:\Workspace\VS Workspace\HuaEngine\build\HuaEngine\HuaEngine.vcxproj]
  (compiling source file '../../HuaEngine/src/HuaEngine/ECS/EntityManager.cpp')
  
D:\Workspace\VS Workspace\HuaEngine\Dependencies\entt\entt.hpp(6046,1): warning C4828: The file contains a character starting at offset 0x3a197 that is illegal in the current source character set (codepage 65001). [D:\Workspace\VS Workspace\HuaEngine\build\HuaEngine\HuaEngine.vcxproj]
  (compiling source file '../../HuaEngine/src/HuaEngine/ECS/EntityManager.cpp')
  
D:\Workspace\VS Workspace\HuaEngine\Dependencies\entt\entt.hpp(8355,1): warning C4828: The file contains a character starting at offset 0x52025 that is illegal in the current source character set (codepage 65001). [D:\Workspace\VS Workspace\HuaEngine\build\HuaEngine\HuaEngine.vcxproj]
  (compiling source file '../../HuaEngine/src/HuaEngine/ECS/EntityManager.cpp')
  
D:\Workspace\VS Workspace\HuaEngine\Dependencies\entt\entt.hpp(8355,1): warning C4828: The file contains a character starting at offset 0x5202b that is illegal in the current source character set (codepage 65001). [D:\Workspace\VS Workspace\HuaEngine\build\HuaEngine\HuaEngine.vcxproj]
  (compiling source file '../../HuaEngine/src/HuaEngine/ECS/EntityManager.cpp')
  
D:\Workspace\VS Workspace\HuaEngine\Dependencies\entt\entt.hpp(13868,1): warning C4828: The file contains a character starting at offset 0x7f0c0 that is illegal in the current source character set (codepage 65001). [D:\Workspace\VS Workspace\HuaEngine\build\HuaEngine\HuaEngine.vcxproj]
  (compiling source file '../../HuaEngine/src/HuaEngine/ECS/EntityManager.cpp')
  
D:\Workspace\VS Workspace\HuaEngine\Dependencies\entt\entt.hpp(13868,1): warning C4828: The file contains a character starting at offset 0x7f0c6 that is illegal in the current source character set (codepage 65001). [D:\Workspace\VS Workspace\HuaEngine\build\HuaEngine\HuaEngine.vcxproj]
  (compiling source file '../../HuaEngine/src/HuaEngine/ECS/EntityManager.cpp')
  
D:\Workspace\VS Workspace\HuaEngine\Dependencies\entt\entt.hpp(59711,1): warning C4828: The file contains a character starting at offset 0x230043 that is illegal in the current source character set (codepage 65001). [D:\Workspace\VS Workspace\HuaEngine\build\HuaEngine\HuaEngine.vcxproj]
  (compiling source file '../../HuaEngine/src/HuaEngine/ECS/EntityManager.cpp')
  
D:\Workspace\VS Workspace\HuaEngine\Dependencies\entt\entt.hpp(59711,1): warning C4828: The file contains a character starting at offset 0x230049 that is illegal in the current source character set (codepage 65001). [D:\Workspace\VS Workspace\HuaEngine\build\HuaEngine\HuaEngine.vcxproj]
  (compiling source file '../../HuaEngine/src/HuaEngine/ECS/EntityManager.cpp')
  
D:\Workspace\VS Workspace\HuaEngine\Dependencies\entt\entt.hpp(71606,1): warning C4828: The file contains a character starting at offset 0x2a7cf1 that is illegal in the current source character set (codepage 65001). [D:\Workspace\VS Workspace\HuaEngine\build\HuaEngine\HuaEngine.vcxproj]
  (compiling source file '../../HuaEngine/src/HuaEngine/ECS/EntityManager.cpp')
  
D:\Workspace\VS Workspace\HuaEngine\Dependencies\entt\entt.hpp(71606,1): warning C4828: The file contains a character starting at offset 0x2a7cf7 that is illegal in the current source character set (codepage 65001). [D:\Workspace\VS Workspace\HuaEngine\build\HuaEngine\HuaEngine.vcxproj]
  (compiling source file '../../HuaEngine/src/HuaEngine/ECS/EntityManager.cpp')
  
D:\Workspace\VS Workspace\HuaEngine\Dependencies\entt\entt.hpp(91527,1): warning C4828: The file contains a character starting at offset 0x35f91d that is illegal in the current source character set (codepage 65001). [D:\Workspace\VS Workspace\HuaEngine\build\HuaEngine\HuaEngine.vcxproj]
  (compiling source file '../../HuaEngine/src/HuaEngine/ECS/EntityManager.cpp')
  
D:\Workspace\VS Workspace\HuaEngine\Dependencies\entt\entt.hpp(91527,1): warning C4828: The file contains a character starting at offset 0x35f923 that is illegal in the current source character set (codepage 65001). [D:\Workspace\VS Workspace\HuaEngine\build\HuaEngine\HuaEngine.vcxproj]
  (compiling source file '../../HuaEngine/src/HuaEngine/ECS/EntityManager.cpp')
  
D:\Workspace\VS Workspace\HuaEngine\Dependencies\entt\entt.hpp(6046,1): warning C4828: The file contains a character starting at offset 0x3a191 that is illegal in the current source character set (codepage 65001). [D:\Workspace\VS Workspace\HuaEngine\build\HuaEngine\HuaEngine.vcxproj]
  (compiling source file '../../HuaEngine/src/HuaEngine/ECS/EntityManager.cpp')
  
D:\Workspace\VS Workspace\HuaEngine\Dependencies\entt\entt.hpp(6046,1): warning C4828: The file contains a character starting at offset 0x3a197 that is illegal in the current source character set (codepage 65001). [D:\Workspace\VS Workspace\HuaEngine\build\HuaEngine\HuaEngine.vcxproj]
  (compiling source file '../../HuaEngine/src/HuaEngine/ECS/EntityManager.cpp')
  
D:\Workspace\VS Workspace\HuaEngine\Dependencies\entt\entt.hpp(8355,1): warning C4828: The file contains a character starting at offset 0x52025 that is illegal in the current source character set (codepage 65001). [D:\Workspace\VS Workspace\HuaEngine\build\HuaEngine\HuaEngine.vcxproj]
  (compiling source file '../../HuaEngine/src/HuaEngine/ECS/EntityManager.cpp')
  
D:\Workspace\VS Workspace\HuaEngine\Dependencies\entt\entt.hpp(8355,1): warning C4828: The file contains a character starting at offset 0x5202b that is illegal in the current source character set (codepage 65001). [D:\Workspace\VS Workspace\HuaEngine\build\HuaEngine\HuaEngine.vcxproj]
  (compiling source file '../../HuaEngine/src/HuaEngine/ECS/EntityManager.cpp')
  
D:\Workspace\VS Workspace\HuaEngine\Dependencies\entt\entt.hpp(13868,1): warning C4828: The file contains a character starting at offset 0x7f0c0 that is illegal in the current source character set (codepage 65001). [D:\Workspace\VS Workspace\HuaEngine\build\HuaEngine\HuaEngine.vcxproj]
  (compiling source file '../../HuaEngine/src/HuaEngine/ECS/EntityManager.cpp')
  
D:\Workspace\VS Workspace\HuaEngine\Dependencies\entt\entt.hpp(13868,1): warning C4828: The file contains a character starting at offset 0x7f0c6 that is illegal in the current source character set (codepage 65001). [D:\Workspace\VS Workspace\HuaEngine\build\HuaEngine\HuaEngine.vcxproj]
  (compiling source file '../../HuaEngine/src/HuaEngine/ECS/EntityManager.cpp')
  
D:\Workspace\VS Workspace\HuaEngine\Dependencies\entt\entt.hpp(59711,1): warning C4828: The file contains a character starting at offset 0x230043 that is illegal in the current source character set (codepage 65001). [D:\Workspace\VS Workspace\HuaEngine\build\HuaEngine\HuaEngine.vcxproj]
  (compiling source file '../../HuaEngine/src/HuaEngine/ECS/EntityManager.cpp')
  
D:\Workspace\VS Workspace\HuaEngine\Dependencies\entt\entt.hpp(59711,1): warning C4828: The file contains a character starting at offset 0x230049 that is illegal in the current source character set (codepage 65001). [D:\Workspace\VS Workspace\HuaEngine\build\HuaEngine\HuaEngine.vcxproj]
  (compiling source file '../../HuaEngine/src/HuaEngine/ECS/EntityManager.cpp')
  
D:\Workspace\VS Workspace\HuaEngine\Dependencies\entt\entt.hpp(71606,1): warning C4828: The file contains a character starting at offset 0x2a7cf1 that is illegal in the current source character set (codepage 65001). [D:\Workspace\VS Workspace\HuaEngine\build\HuaEngine\HuaEngine.vcxproj]
  (compiling source file '../../HuaEngine/src/HuaEngine/ECS/EntityManager.cpp')
  
D:\Workspace\VS Workspace\HuaEngine\Dependencies\entt\entt.hpp(71606,1): warning C4828: The file contains a character starting at offset 0x2a7cf7 that is illegal in the current source character set (codepage 65001). [D:\Workspace\VS Workspace\HuaEngine\build\HuaEngine\HuaEngine.vcxproj]
  (compiling source file '../../HuaEngine/src/HuaEngine/ECS/EntityManager.cpp')
  
D:\Workspace\VS Workspace\HuaEngine\Dependencies\entt\entt.hpp(91527,1): warning C4828: The file contains a character starting at offset 0x35f91d that is illegal in the current source character set (codepage 65001). [D:\Workspace\VS Workspace\HuaEngine\build\HuaEngine\HuaEngine.vcxproj]
  (compiling source file '../../HuaEngine/src/HuaEngine/ECS/EntityManager.cpp')
  
D:\Workspace\VS Workspace\HuaEngine\Dependencies\entt\entt.hpp(91527,1): warning C4828: The file contains a character starting at offset 0x35f923 that is illegal in the current source character set (codepage 65001). [D:\Workspace\VS Workspace\HuaEngine\build\HuaEngine\HuaEngine.vcxproj]
  (compiling source file '../../HuaEngine/src/HuaEngine/ECS/EntityManager.cpp')
  
D:\Workspace\VS Workspace\HuaEngine\HuaEngine\src\HuaEngine\ECS\Entity.h(29,44): error C3878: syntax error: unexpected token '>' following 'simple-type-specifier' [D:\Workspace\VS Workspace\HuaEngine\build\HuaEngine\HuaEngine.vcxproj]
  (compiling source file '../../HuaEngine/src/HuaEngine/ECS/EntityManager.cpp')
      D:\Workspace\VS Workspace\HuaEngine\HuaEngine\src\HuaEngine\ECS\Entity.h(29,44):
      missing one of: '(' '{' ?
      D:\Workspace\VS Workspace\HuaEngine\HuaEngine\src\HuaEngine\ECS\Entity.h(28,8):
      This diagnostic occurred in the compiler generated function 'bool HE::Entity::HasComponent(void)'
  
D:\Workspace\VS Workspace\HuaEngine\HuaEngine\src\HuaEngine\ECS\Entity.h(29,44): error C3878: syntax error: unexpected token '>' following 'expression' [D:\Workspace\VS Workspace\HuaEngine\build\HuaEngine\HuaEngine.vcxproj]
  (compiling source file '../../HuaEngine/src/HuaEngine/ECS/EntityManager.cpp')
      D:\Workspace\VS Workspace\HuaEngine\HuaEngine\src\HuaEngine\ECS\Entity.h(28,8):
      This diagnostic occurred in the compiler generated function 'bool HE::Entity::HasComponent(void)'
  
D:\Workspace\VS Workspace\HuaEngine\HuaEngine\src\HuaEngine\ECS\Entity.h(29,60): error C2760: syntax error: ')' was unexpected here; expected ';' [D:\Workspace\VS Workspace\HuaEngine\build\HuaEngine\HuaEngine.vcxproj]
  (compiling source file '../../HuaEngine/src/HuaEngine/ECS/EntityManager.cpp')
      D:\Workspace\VS Workspace\HuaEngine\HuaEngine\src\HuaEngine\ECS\Entity.h(28,8):
      This diagnostic occurred in the compiler generated function 'bool HE::Entity::HasComponent(void)'
  
D:\Workspace\VS Workspace\HuaEngine\HuaEngine\src\HuaEngine\ECS\Entity.h(29,60): error C3878: syntax error: unexpected token ')' following 'jump-statement' [D:\Workspace\VS Workspace\HuaEngine\build\HuaEngine\HuaEngine.vcxproj]
  (compiling source file '../../HuaEngine/src/HuaEngine/ECS/EntityManager.cpp')
      D:\Workspace\VS Workspace\HuaEngine\HuaEngine\src\HuaEngine\ECS\Entity.h(28,8):
      This diagnostic occurred in the compiler generated function 'bool HE::Entity::HasComponent(void)'
  
  ImguiBuild.cpp
  ImguiLayer.cpp
  EditorCamera.cpp
  FranmeBuffer.cpp
  IndexBuffer.cpp
  MaterialCore.cpp
D:\Workspace\VS Workspace\HuaEngine\HuaEngine\src\HuaEngine\Reflection\TypeList.h(95,70): error C3878: syntax error: unexpected token ';' following 'typename-specifier' [D:\Workspace\VS Workspace\HuaEngine\build\HuaEngine\HuaEngine.vcxproj]
  (compiling source file '../../HuaEngine/src/HuaEngine/Rendering/Material/MaterialCore.cpp')
      D:\Workspace\VS Workspace\HuaEngine\HuaEngine\src\HuaEngine\Reflection\TypeList.h(95,70):
      missing one of: '(' '{' ?
  
D:\Workspace\VS Workspace\HuaEngine\Dependencies\entt\entt.hpp(6046,1): warning C4828: The file contains a character starting at offset 0x3a191 that is illegal in the current source character set (codepage 65001). [D:\Workspace\VS Workspace\HuaEngine\build\HuaEngine\HuaEngine.vcxproj]
  (compiling source file '../../HuaEngine/src/HuaEngine/Rendering/Material/MaterialCore.cpp')
  
D:\Workspace\VS Workspace\HuaEngine\Dependencies\entt\entt.hpp(6046,1): warning C4828: The file contains a character starting at offset 0x3a197 that is illegal in the current source character set (codepage 65001). [D:\Workspace\VS Workspace\HuaEngine\build\HuaEngine\HuaEngine.vcxproj]
  (compiling source file '../../HuaEngine/src/HuaEngine/Rendering/Material/MaterialCore.cpp')
  
D:\Workspace\VS Workspace\HuaEngine\Dependencies\entt\entt.hpp(8355,1): warning C4828: The file contains a character starting at offset 0x52025 that is illegal in the current source character set (codepage 65001). [D:\Workspace\VS Workspace\HuaEngine\build\HuaEngine\HuaEngine.vcxproj]
  (compiling source file '../../HuaEngine/src/HuaEngine/Rendering/Material/MaterialCore.cpp')
  
D:\Workspace\VS Workspace\HuaEngine\Dependencies\entt\entt.hpp(8355,1): warning C4828: The file contains a character starting at offset 0x5202b that is illegal in the current source character set (codepage 65001). [D:\Workspace\VS Workspace\HuaEngine\build\HuaEngine\HuaEngine.vcxproj]
  (compiling source file '../../HuaEngine/src/HuaEngine/Rendering/Material/MaterialCore.cpp')
  
D:\Workspace\VS Workspace\HuaEngine\Dependencies\entt\entt.hpp(13868,1): warning C4828: The file contains a character starting at offset 0x7f0c0 that is illegal in the current source character set (codepage 65001). [D:\Workspace\VS Workspace\HuaEngine\build\HuaEngine\HuaEngine.vcxproj]
  (compiling source file '../../HuaEngine/src/HuaEngine/Rendering/Material/MaterialCore.cpp')
  
D:\Workspace\VS Workspace\HuaEngine\Dependencies\entt\entt.hpp(13868,1): warning C4828: The file contains a character starting at offset 0x7f0c6 that is illegal in the current source character set (codepage 65001). [D:\Workspace\VS Workspace\HuaEngine\build\HuaEngine\HuaEngine.vcxproj]
  (compiling source file '../../HuaEngine/src/HuaEngine/Rendering/Material/MaterialCore.cpp')
  
D:\Workspace\VS Workspace\HuaEngine\Dependencies\entt\entt.hpp(59711,1): warning C4828: The file contains a character starting at offset 0x230043 that is illegal in the current source character set (codepage 65001). [D:\Workspace\VS Workspace\HuaEngine\build\HuaEngine\HuaEngine.vcxproj]
  (compiling source file '../../HuaEngine/src/HuaEngine/Rendering/Material/MaterialCore.cpp')
  
D:\Workspace\VS Workspace\HuaEngine\Dependencies\entt\entt.hpp(59711,1): warning C4828: The file contains a character starting at offset 0x230049 that is illegal in the current source character set (codepage 65001). [D:\Workspace\VS Workspace\HuaEngine\build\HuaEngine\HuaEngine.vcxproj]
  (compiling source file '../../HuaEngine/src/HuaEngine/Rendering/Material/MaterialCore.cpp')
  
D:\Workspace\VS Workspace\HuaEngine\Dependencies\entt\entt.hpp(71606,1): warning C4828: The file contains a character starting at offset 0x2a7cf1 that is illegal in the current source character set (codepage 65001). [D:\Workspace\VS Workspace\HuaEngine\build\HuaEngine\HuaEngine.vcxproj]
  (compiling source file '../../HuaEngine/src/HuaEngine/Rendering/Material/MaterialCore.cpp')
  
D:\Workspace\VS Workspace\HuaEngine\Dependencies\entt\entt.hpp(71606,1): warning C4828: The file contains a character starting at offset 0x2a7cf7 that is illegal in the current source character set (codepage 65001). [D:\Workspace\VS Workspace\HuaEngine\build\HuaEngine\HuaEngine.vcxproj]
  (compiling source file '../../HuaEngine/src/HuaEngine/Rendering/Material/MaterialCore.cpp')
  
D:\Workspace\VS Workspace\HuaEngine\Dependencies\entt\entt.hpp(91527,1): warning C4828: The file contains a character starting at offset 0x35f91d that is illegal in the current source character set (codepage 65001). [D:\Workspace\VS Workspace\HuaEngine\build\HuaEngine\HuaEngine.vcxproj]
  (compiling source file '../../HuaEngine/src/HuaEngine/Rendering/Material/MaterialCore.cpp')
  
D:\Workspace\VS Workspace\HuaEngine\Dependencies\entt\entt.hpp(91527,1): warning C4828: The file contains a character starting at offset 0x35f923 that is illegal in the current source character set (codepage 65001). [D:\Workspace\VS Workspace\HuaEngine\build\HuaEngine\HuaEngine.vcxproj]
  (compiling source file '../../HuaEngine/src/HuaEngine/Rendering/Material/MaterialCore.cpp')
  
D:\Workspace\VS Workspace\HuaEngine\Dependencies\entt\entt.hpp(6046,1): warning C4828: The file contains a character starting at offset 0x3a191 that is illegal in the current source character set (codepage 65001). [D:\Workspace\VS Workspace\HuaEngine\build\HuaEngine\HuaEngine.vcxproj]
  (compiling source file '../../HuaEngine/src/HuaEngine/Rendering/Material/MaterialCore.cpp')
  
D:\Workspace\VS Workspace\HuaEngine\Dependencies\entt\entt.hpp(6046,1): warning C4828: The file contains a character starting at offset 0x3a197 that is illegal in the current source character set (codepage 65001). [D:\Workspace\VS Workspace\HuaEngine\build\HuaEngine\HuaEngine.vcxproj]
  (compiling source file '../../HuaEngine/src/HuaEngine/Rendering/Material/MaterialCore.cpp')
  
D:\Workspace\VS Workspace\HuaEngine\Dependencies\entt\entt.hpp(8355,1): warning C4828: The file contains a character starting at offset 0x52025 that is illegal in the current source character set (codepage 65001). [D:\Workspace\VS Workspace\HuaEngine\build\HuaEngine\HuaEngine.vcxproj]
  (compiling source file '../../HuaEngine/src/HuaEngine/Rendering/Material/MaterialCore.cpp')
  
D:\Workspace\VS Workspace\HuaEngine\Dependencies\entt\entt.hpp(8355,1): warning C4828: The file contains a character starting at offset 0x5202b that is illegal in the current source character set (codepage 65001). [D:\Workspace\VS Workspace\HuaEngine\build\HuaEngine\HuaEngine.vcxproj]
  (compiling source file '../../HuaEngine/src/HuaEngine/Rendering/Material/MaterialCore.cpp')
  
D:\Workspace\VS Workspace\HuaEngine\Dependencies\entt\entt.hpp(13868,1): warning C4828: The file contains a character starting at offset 0x7f0c0 that is illegal in the current source character set (codepage 65001). [D:\Workspace\VS Workspace\HuaEngine\build\HuaEngine\HuaEngine.vcxproj]
  (compiling source file '../../HuaEngine/src/HuaEngine/Rendering/Material/MaterialCore.cpp')
  
D:\Workspace\VS Workspace\HuaEngine\Dependencies\entt\entt.hpp(13868,1): warning C4828: The file contains a character starting at offset 0x7f0c6 that is illegal in the current source character set (codepage 65001). [D:\Workspace\VS Workspace\HuaEngine\build\HuaEngine\HuaEngine.vcxproj]
  (compiling source file '../../HuaEngine/src/HuaEngine/Rendering/Material/MaterialCore.cpp')
  
D:\Workspace\VS Workspace\HuaEngine\Dependencies\entt\entt.hpp(59711,1): warning C4828: The file contains a character starting at offset 0x230043 that is illegal in the current source character set (codepage 65001). [D:\Workspace\VS Workspace\HuaEngine\build\HuaEngine\HuaEngine.vcxproj]
  (compiling source file '../../HuaEngine/src/HuaEngine/Rendering/Material/MaterialCore.cpp')
  
D:\Workspace\VS Workspace\HuaEngine\Dependencies\entt\entt.hpp(59711,1): warning C4828: The file contains a character starting at offset 0x230049 that is illegal in the current source character set (codepage 65001). [D:\Workspace\VS Workspace\HuaEngine\build\HuaEngine\HuaEngine.vcxproj]
  (compiling source file '../../HuaEngine/src/HuaEngine/Rendering/Material/MaterialCore.cpp')
  
D:\Workspace\VS Workspace\HuaEngine\Dependencies\entt\entt.hpp(71606,1): warning C4828: The file contains a character starting at offset 0x2a7cf1 that is illegal in the current source character set (codepage 65001). [D:\Workspace\VS Workspace\HuaEngine\build\HuaEngine\HuaEngine.vcxproj]
  (compiling source file '../../HuaEngine/src/HuaEngine/Rendering/Material/MaterialCore.cpp')
  
D:\Workspace\VS Workspace\HuaEngine\Dependencies\entt\entt.hpp(71606,1): warning C4828: The file contains a character starting at offset 0x2a7cf7 that is illegal in the current source character set (codepage 65001). [D:\Workspace\VS Workspace\HuaEngine\build\HuaEngine\HuaEngine.vcxproj]
  (compiling source file '../../HuaEngine/src/HuaEngine/Rendering/Material/MaterialCore.cpp')
  
D:\Workspace\VS Workspace\HuaEngine\Dependencies\entt\entt.hpp(91527,1): warning C4828: The file contains a character starting at offset 0x35f91d that is illegal in the current source character set (codepage 65001). [D:\Workspace\VS Workspace\HuaEngine\build\HuaEngine\HuaEngine.vcxproj]
  (compiling source file '../../HuaEngine/src/HuaEngine/Rendering/Material/MaterialCore.cpp')
  
D:\Workspace\VS Workspace\HuaEngine\Dependencies\entt\entt.hpp(91527,1): warning C4828: The file contains a character starting at offset 0x35f923 that is illegal in the current source character set (codepage 65001). [D:\Workspace\VS Workspace\HuaEngine\build\HuaEngine\HuaEngine.vcxproj]
  (compiling source file '../../HuaEngine/src/HuaEngine/Rendering/Material/MaterialCore.cpp')
  
D:\Workspace\VS Workspace\HuaEngine\HuaEngine\src\HuaEngine\ECS\Entity.h(29,44): error C3878: syntax error: unexpected token '>' following 'simple-type-specifier' [D:\Workspace\VS Workspace\HuaEngine\build\HuaEngine\HuaEngine.vcxproj]
  (compiling source file '../../HuaEngine/src/HuaEngine/Rendering/Material/MaterialCore.cpp')
      D:\Workspace\VS Workspace\HuaEngine\HuaEngine\src\HuaEngine\ECS\Entity.h(29,44):
      missing one of: '(' '{' ?
      D:\Workspace\VS Workspace\HuaEngine\HuaEngine\src\HuaEngine\ECS\Entity.h(28,8):
      This diagnostic occurred in the compiler generated function 'bool HE::Entity::HasComponent(void)'
  
D:\Workspace\VS Workspace\HuaEngine\HuaEngine\src\HuaEngine\ECS\Entity.h(29,44): error C3878: syntax error: unexpected token '>' following 'expression' [D:\Workspace\VS Workspace\HuaEngine\build\HuaEngine\HuaEngine.vcxproj]
  (compiling source file '../../HuaEngine/src/HuaEngine/Rendering/Material/MaterialCore.cpp')
      D:\Workspace\VS Workspace\HuaEngine\HuaEngine\src\HuaEngine\ECS\Entity.h(28,8):
      This diagnostic occurred in the compiler generated function 'bool HE::Entity::HasComponent(void)'
  
D:\Workspace\VS Workspace\HuaEngine\HuaEngine\src\HuaEngine\ECS\Entity.h(29,60): error C2760: syntax error: ')' was unexpected here; expected ';' [D:\Workspace\VS Workspace\HuaEngine\build\HuaEngine\HuaEngine.vcxproj]
  (compiling source file '../../HuaEngine/src/HuaEngine/Rendering/Material/MaterialCore.cpp')
      D:\Workspace\VS Workspace\HuaEngine\HuaEngine\src\HuaEngine\ECS\Entity.h(28,8):
      This diagnostic occurred in the compiler generated function 'bool HE::Entity::HasComponent(void)'
  
D:\Workspace\VS Workspace\HuaEngine\HuaEngine\src\HuaEngine\ECS\Entity.h(29,60): error C3878: syntax error: unexpected token ')' following 'jump-statement' [D:\Workspace\VS Workspace\HuaEngine\build\HuaEngine\HuaEngine.vcxproj]
  (compiling source file '../../HuaEngine/src/HuaEngine/Rendering/Material/MaterialCore.cpp')
      D:\Workspace\VS Workspace\HuaEngine\HuaEngine\src\HuaEngine\ECS\Entity.h(28,8):
      This diagnostic occurred in the compiler generated function 'bool HE::Entity::HasComponent(void)'
  
D:\Workspace\VS Workspace\HuaEngine\HuaEngine\src\HuaEngine\ECS\Components.h(42,3): error C2760: syntax error: '}' was unexpected here; expected ';' [D:\Workspace\VS Workspace\HuaEngine\build\HuaEngine\HuaEngine.vcxproj]
  (compiling source file '../../HuaEngine/src/HuaEngine/Rendering/Material/MaterialCore.cpp')
      D:\Workspace\VS Workspace\HuaEngine\HuaEngine\src\HuaEngine\ECS\Components.h(39,8):
      This diagnostic occurred in the compiler generated function 'void HE::NativeScriptComponent::Bind(void)'
  
D:\Workspace\VS Workspace\HuaEngine\Dependencies\entt\entt.hpp(6046,1): warning C4828: The file contains a character starting at offset 0x3a191 that is illegal in the current source character set (codepage 65001). [D:\Workspace\VS Workspace\HuaEngine\build\HuaEngine\HuaEngine.vcxproj]
  (compiling source file '../../HuaEngine/src/HuaEngine/Rendering/Material/MaterialCore.cpp')
  
D:\Workspace\VS Workspace\HuaEngine\Dependencies\entt\entt.hpp(6046,1): warning C4828: The file contains a character starting at offset 0x3a197 that is illegal in the current source character set (codepage 65001). [D:\Workspace\VS Workspace\HuaEngine\build\HuaEngine\HuaEngine.vcxproj]
  (compiling source file '../../HuaEngine/src/HuaEngine/Rendering/Material/MaterialCore.cpp')
  
D:\Workspace\VS Workspace\HuaEngine\Dependencies\entt\entt.hpp(8355,1): warning C4828: The file contains a character starting at offset 0x52025 that is illegal in the current source character set (codepage 65001). [D:\Workspace\VS Workspace\HuaEngine\build\HuaEngine\HuaEngine.vcxproj]
  (compiling source file '../../HuaEngine/src/HuaEngine/Rendering/Material/MaterialCore.cpp')
  
D:\Workspace\VS Workspace\HuaEngine\Dependencies\entt\entt.hpp(8355,1): warning C4828: The file contains a character starting at offset 0x5202b that is illegal in the current source character set (codepage 65001). [D:\Workspace\VS Workspace\HuaEngine\build\HuaEngine\HuaEngine.vcxproj]
  (compiling source file '../../HuaEngine/src/HuaEngine/Rendering/Material/MaterialCore.cpp')
  
D:\Workspace\VS Workspace\HuaEngine\Dependencies\entt\entt.hpp(13868,1): warning C4828: The file contains a character starting at offset 0x7f0c0 that is illegal in the current source character set (codepage 65001). [D:\Workspace\VS Workspace\HuaEngine\build\HuaEngine\HuaEngine.vcxproj]
  (compiling source file '../../HuaEngine/src/HuaEngine/Rendering/Material/MaterialCore.cpp')
  
D:\Workspace\VS Workspace\HuaEngine\Dependencies\entt\entt.hpp(13868,1): warning C4828: The file contains a character starting at offset 0x7f0c6 that is illegal in the current source character set (codepage 65001). [D:\Workspace\VS Workspace\HuaEngine\build\HuaEngine\HuaEngine.vcxproj]
  (compiling source file '../../HuaEngine/src/HuaEngine/Rendering/Material/MaterialCore.cpp')
  
D:\Workspace\VS Workspace\HuaEngine\Dependencies\entt\entt.hpp(59711,1): warning C4828: The file contains a character starting at offset 0x230043 that is illegal in the current source character set (codepage 65001). [D:\Workspace\VS Workspace\HuaEngine\build\HuaEngine\HuaEngine.vcxproj]
  (compiling source file '../../HuaEngine/src/HuaEngine/Rendering/Material/MaterialCore.cpp')
  
D:\Workspace\VS Workspace\HuaEngine\Dependencies\entt\entt.hpp(59711,1): warning C4828: The file contains a character starting at offset 0x230049 that is illegal in the current source character set (codepage 65001). [D:\Workspace\VS Workspace\HuaEngine\build\HuaEngine\HuaEngine.vcxproj]
  (compiling source file '../../HuaEngine/src/HuaEngine/Rendering/Material/MaterialCore.cpp')
  
D:\Workspace\VS Workspace\HuaEngine\Dependencies\entt\entt.hpp(71606,1): warning C4828: The file contains a character starting at offset 0x2a7cf1 that is illegal in the current source character set (codepage 65001). [D:\Workspace\VS Workspace\HuaEngine\build\HuaEngine\HuaEngine.vcxproj]
  (compiling source file '../../HuaEngine/src/HuaEngine/Rendering/Material/MaterialCore.cpp')
  
D:\Workspace\VS Workspace\HuaEngine\Dependencies\entt\entt.hpp(71606,1): warning C4828: The file contains a character starting at offset 0x2a7cf7 that is illegal in the current source character set (codepage 65001). [D:\Workspace\VS Workspace\HuaEngine\build\HuaEngine\HuaEngine.vcxproj]
  (compiling source file '../../HuaEngine/src/HuaEngine/Rendering/Material/MaterialCore.cpp')
  
D:\Workspace\VS Workspace\HuaEngine\Dependencies\entt\entt.hpp(91527,1): warning C4828: The file contains a character starting at offset 0x35f91d that is illegal in the current source character set (codepage 65001). [D:\Workspace\VS Workspace\HuaEngine\build\HuaEngine\HuaEngine.vcxproj]
  (compiling source file '../../HuaEngine/src/HuaEngine/Rendering/Material/MaterialCore.cpp')
  
D:\Workspace\VS Workspace\HuaEngine\Dependencies\entt\entt.hpp(91527,1): warning C4828: The file contains a character starting at offset 0x35f923 that is illegal in the current source character set (codepage 65001). [D:\Workspace\VS Workspace\HuaEngine\build\HuaEngine\HuaEngine.vcxproj]
  (compiling source file '../../HuaEngine/src/HuaEngine/Rendering/Material/MaterialCore.cpp')
  
  MaterialLibrary.cpp
  MaterialSerializer.cpp
D:\Workspace\VS Workspace\HuaEngine\HuaEngine\src\HuaEngine\Reflection\TypeList.h(95,70): error C3878: syntax error: unexpected token ';' following 'typename-specifier' [D:\Workspace\VS Workspace\HuaEngine\build\HuaEngine\HuaEngine.vcxproj]
  (compiling source file '../../HuaEngine/src/HuaEngine/Rendering/Material/MaterialSerializer.cpp')
      D:\Workspace\VS Workspace\HuaEngine\HuaEngine\src\HuaEngine\Reflection\TypeList.h(95,70):
      missing one of: '(' '{' ?
  
D:\Workspace\VS Workspace\HuaEngine\Dependencies\entt\entt.hpp(6046,1): warning C4828: The file contains a character starting at offset 0x3a191 that is illegal in the current source character set (codepage 65001). [D:\Workspace\VS Workspace\HuaEngine\build\HuaEngine\HuaEngine.vcxproj]
  (compiling source file '../../HuaEngine/src/HuaEngine/Rendering/Material/MaterialSerializer.cpp')
  
D:\Workspace\VS Workspace\HuaEngine\Dependencies\entt\entt.hpp(6046,1): warning C4828: The file contains a character starting at offset 0x3a197 that is illegal in the current source character set (codepage 65001). [D:\Workspace\VS Workspace\HuaEngine\build\HuaEngine\HuaEngine.vcxproj]
  (compiling source file '../../HuaEngine/src/HuaEngine/Rendering/Material/MaterialSerializer.cpp')
  
D:\Workspace\VS Workspace\HuaEngine\Dependencies\entt\entt.hpp(8355,1): warning C4828: The file contains a character starting at offset 0x52025 that is illegal in the current source character set (codepage 65001). [D:\Workspace\VS Workspace\HuaEngine\build\HuaEngine\HuaEngine.vcxproj]
  (compiling source file '../../HuaEngine/src/HuaEngine/Rendering/Material/MaterialSerializer.cpp')
  
D:\Workspace\VS Workspace\HuaEngine\Dependencies\entt\entt.hpp(8355,1): warning C4828: The file contains a character starting at offset 0x5202b that is illegal in the current source character set (codepage 65001). [D:\Workspace\VS Workspace\HuaEngine\build\HuaEngine\HuaEngine.vcxproj]
  (compiling source file '../../HuaEngine/src/HuaEngine/Rendering/Material/MaterialSerializer.cpp')
  
D:\Workspace\VS Workspace\HuaEngine\Dependencies\entt\entt.hpp(13868,1): warning C4828: The file contains a character starting at offset 0x7f0c0 that is illegal in the current source character set (codepage 65001). [D:\Workspace\VS Workspace\HuaEngine\build\HuaEngine\HuaEngine.vcxproj]
  (compiling source file '../../HuaEngine/src/HuaEngine/Rendering/Material/MaterialSerializer.cpp')
  
D:\Workspace\VS Workspace\HuaEngine\Dependencies\entt\entt.hpp(13868,1): warning C4828: The file contains a character starting at offset 0x7f0c6 that is illegal in the current source character set (codepage 65001). [D:\Workspace\VS Workspace\HuaEngine\build\HuaEngine\HuaEngine.vcxproj]
  (compiling source file '../../HuaEngine/src/HuaEngine/Rendering/Material/MaterialSerializer.cpp')
  
D:\Workspace\VS Workspace\HuaEngine\Dependencies\entt\entt.hpp(59711,1): warning C4828: The file contains a character starting at offset 0x230043 that is illegal in the current source character set (codepage 65001). [D:\Workspace\VS Workspace\HuaEngine\build\HuaEngine\HuaEngine.vcxproj]
  (compiling source file '../../HuaEngine/src/HuaEngine/Rendering/Material/MaterialSerializer.cpp')
  
D:\Workspace\VS Workspace\HuaEngine\Dependencies\entt\entt.hpp(59711,1): warning C4828: The file contains a character starting at offset 0x230049 that is illegal in the current source character set (codepage 65001). [D:\Workspace\VS Workspace\HuaEngine\build\HuaEngine\HuaEngine.vcxproj]
  (compiling source file '../../HuaEngine/src/HuaEngine/Rendering/Material/MaterialSerializer.cpp')
  
D:\Workspace\VS Workspace\HuaEngine\Dependencies\entt\entt.hpp(71606,1): warning C4828: The file contains a character starting at offset 0x2a7cf1 that is illegal in the current source character set (codepage 65001). [D:\Workspace\VS Workspace\HuaEngine\build\HuaEngine\HuaEngine.vcxproj]
  (compiling source file '../../HuaEngine/src/HuaEngine/Rendering/Material/MaterialSerializer.cpp')
  
D:\Workspace\VS Workspace\HuaEngine\Dependencies\entt\entt.hpp(71606,1): warning C4828: The file contains a character starting at offset 0x2a7cf7 that is illegal in the current source character set (codepage 65001). [D:\Workspace\VS Workspace\HuaEngine\build\HuaEngine\HuaEngine.vcxproj]
  (compiling source file '../../HuaEngine/src/HuaEngine/Rendering/Material/MaterialSerializer.cpp')
  
D:\Workspace\VS Workspace\HuaEngine\Dependencies\entt\entt.hpp(91527,1): warning C4828: The file contains a character starting at offset 0x35f91d that is illegal in the current source character set (codepage 65001). [D:\Workspace\VS Workspace\HuaEngine\build\HuaEngine\HuaEngine.vcxproj]
  (compiling source file '../../HuaEngine/src/HuaEngine/Rendering/Material/MaterialSerializer.cpp')
  
D:\Workspace\VS Workspace\HuaEngine\Dependencies\entt\entt.hpp(91527,1): warning C4828: The file contains a character starting at offset 0x35f923 that is illegal in the current source character set (codepage 65001). [D:\Workspace\VS Workspace\HuaEngine\build\HuaEngine\HuaEngine.vcxproj]
  (compiling source file '../../HuaEngine/src/HuaEngine/Rendering/Material/MaterialSerializer.cpp')
  
D:\Workspace\VS Workspace\HuaEngine\Dependencies\entt\entt.hpp(6046,1): warning C4828: The file contains a character starting at offset 0x3a191 that is illegal in the current source character set (codepage 65001). [D:\Workspace\VS Workspace\HuaEngine\build\HuaEngine\HuaEngine.vcxproj]
  (compiling source file '../../HuaEngine/src/HuaEngine/Rendering/Material/MaterialSerializer.cpp')
  
D:\Workspace\VS Workspace\HuaEngine\Dependencies\entt\entt.hpp(6046,1): warning C4828: The file contains a character starting at offset 0x3a197 that is illegal in the current source character set (codepage 65001). [D:\Workspace\VS Workspace\HuaEngine\build\HuaEngine\HuaEngine.vcxproj]
  (compiling source file '../../HuaEngine/src/HuaEngine/Rendering/Material/MaterialSerializer.cpp')
  
D:\Workspace\VS Workspace\HuaEngine\Dependencies\entt\entt.hpp(8355,1): warning C4828: The file contains a character starting at offset 0x52025 that is illegal in the current source character set (codepage 65001). [D:\Workspace\VS Workspace\HuaEngine\build\HuaEngine\HuaEngine.vcxproj]
  (compiling source file '../../HuaEngine/src/HuaEngine/Rendering/Material/MaterialSerializer.cpp')
  
D:\Workspace\VS Workspace\HuaEngine\Dependencies\entt\entt.hpp(8355,1): warning C4828: The file contains a character starting at offset 0x5202b that is illegal in the current source character set (codepage 65001). [D:\Workspace\VS Workspace\HuaEngine\build\HuaEngine\HuaEngine.vcxproj]
  (compiling source file '../../HuaEngine/src/HuaEngine/Rendering/Material/MaterialSerializer.cpp')
  
D:\Workspace\VS Workspace\HuaEngine\Dependencies\entt\entt.hpp(13868,1): warning C4828: The file contains a character starting at offset 0x7f0c0 that is illegal in the current source character set (codepage 65001). [D:\Workspace\VS Workspace\HuaEngine\build\HuaEngine\HuaEngine.vcxproj]
  (compiling source file '../../HuaEngine/src/HuaEngine/Rendering/Material/MaterialSerializer.cpp')
  
D:\Workspace\VS Workspace\HuaEngine\Dependencies\entt\entt.hpp(13868,1): warning C4828: The file contains a character starting at offset 0x7f0c6 that is illegal in the current source character set (codepage 65001). [D:\Workspace\VS Workspace\HuaEngine\build\HuaEngine\HuaEngine.vcxproj]
  (compiling source file '../../HuaEngine/src/HuaEngine/Rendering/Material/MaterialSerializer.cpp')
  
D:\Workspace\VS Workspace\HuaEngine\Dependencies\entt\entt.hpp(59711,1): warning C4828: The file contains a character starting at offset 0x230043 that is illegal in the current source character set (codepage 65001). [D:\Workspace\VS Workspace\HuaEngine\build\HuaEngine\HuaEngine.vcxproj]
  (compiling source file '../../HuaEngine/src/HuaEngine/Rendering/Material/MaterialSerializer.cpp')
  
D:\Workspace\VS Workspace\HuaEngine\Dependencies\entt\entt.hpp(59711,1): warning C4828: The file contains a character starting at offset 0x230049 that is illegal in the current source character set (codepage 65001). [D:\Workspace\VS Workspace\HuaEngine\build\HuaEngine\HuaEngine.vcxproj]
  (compiling source file '../../HuaEngine/src/HuaEngine/Rendering/Material/MaterialSerializer.cpp')
  
D:\Workspace\VS Workspace\HuaEngine\Dependencies\entt\entt.hpp(71606,1): warning C4828: The file contains a character starting at offset 0x2a7cf1 that is illegal in the current source character set (codepage 65001). [D:\Workspace\VS Workspace\HuaEngine\build\HuaEngine\HuaEngine.vcxproj]
  (compiling source file '../../HuaEngine/src/HuaEngine/Rendering/Material/MaterialSerializer.cpp')
  
D:\Workspace\VS Workspace\HuaEngine\Dependencies\entt\entt.hpp(71606,1): warning C4828: The file contains a character starting at offset 0x2a7cf7 that is illegal in the current source character set (codepage 65001). [D:\Workspace\VS Workspace\HuaEngine\build\HuaEngine\HuaEngine.vcxproj]
  (compiling source file '../../HuaEngine/src/HuaEngine/Rendering/Material/MaterialSerializer.cpp')
  
D:\Workspace\VS Workspace\HuaEngine\Dependencies\entt\entt.hpp(91527,1): warning C4828: The file contains a character starting at offset 0x35f91d that is illegal in the current source character set (codepage 65001). [D:\Workspace\VS Workspace\HuaEngine\build\HuaEngine\HuaEngine.vcxproj]
  (compiling source file '../../HuaEngine/src/HuaEngine/Rendering/Material/MaterialSerializer.cpp')
  
D:\Workspace\VS Workspace\HuaEngine\Dependencies\entt\entt.hpp(91527,1): warning C4828: The file contains a character starting at offset 0x35f923 that is illegal in the current source character set (codepage 65001). [D:\Workspace\VS Workspace\HuaEngine\build\HuaEngine\HuaEngine.vcxproj]
  (compiling source file '../../HuaEngine/src/HuaEngine/Rendering/Material/MaterialSerializer.cpp')
  
D:\Workspace\VS Workspace\HuaEngine\HuaEngine\src\HuaEngine\ECS\Entity.h(29,44): error C3878: syntax error: unexpected token '>' following 'simple-type-specifier' [D:\Workspace\VS Workspace\HuaEngine\build\HuaEngine\HuaEngine.vcxproj]
  (compiling source file '../../HuaEngine/src/HuaEngine/Rendering/Material/MaterialSerializer.cpp')
      D:\Workspace\VS Workspace\HuaEngine\HuaEngine\src\HuaEngine\ECS\Entity.h(29,44):
      missing one of: '(' '{' ?
      D:\Workspace\VS Workspace\HuaEngine\HuaEngine\src\HuaEngine\ECS\Entity.h(28,8):
      This diagnostic occurred in the compiler generated function 'bool HE::Entity::HasComponent(void)'
  
D:\Workspace\VS Workspace\HuaEngine\HuaEngine\src\HuaEngine\ECS\Entity.h(29,44): error C3878: syntax error: unexpected token '>' following 'expression' [D:\Workspace\VS Workspace\HuaEngine\build\HuaEngine\HuaEngine.vcxproj]
  (compiling source file '../../HuaEngine/src/HuaEngine/Rendering/Material/MaterialSerializer.cpp')
      D:\Workspace\VS Workspace\HuaEngine\HuaEngine\src\HuaEngine\ECS\Entity.h(28,8):
      This diagnostic occurred in the compiler generated function 'bool HE::Entity::HasComponent(void)'
  
D:\Workspace\VS Workspace\HuaEngine\HuaEngine\src\HuaEngine\ECS\Entity.h(29,60): error C2760: syntax error: ')' was unexpected here; expected ';' [D:\Workspace\VS Workspace\HuaEngine\build\HuaEngine\HuaEngine.vcxproj]
  (compiling source file '../../HuaEngine/src/HuaEngine/Rendering/Material/MaterialSerializer.cpp')
      D:\Workspace\VS Workspace\HuaEngine\HuaEngine\src\HuaEngine\ECS\Entity.h(28,8):
      This diagnostic occurred in the compiler generated function 'bool HE::Entity::HasComponent(void)'
  
D:\Workspace\VS Workspace\HuaEngine\HuaEngine\src\HuaEngine\ECS\Entity.h(29,60): error C3878: syntax error: unexpected token ')' following 'jump-statement' [D:\Workspace\VS Workspace\HuaEngine\build\HuaEngine\HuaEngine.vcxproj]
  (compiling source file '../../HuaEngine/src/HuaEngine/Rendering/Material/MaterialSerializer.cpp')
      D:\Workspace\VS Workspace\HuaEngine\HuaEngine\src\HuaEngine\ECS\Entity.h(28,8):
      This diagnostic occurred in the compiler generated function 'bool HE::Entity::HasComponent(void)'
  
D:\Workspace\VS Workspace\HuaEngine\HuaEngine\src\HuaEngine\ECS\Components.h(42,3): error C2760: syntax error: '}' was unexpected here; expected ';' [D:\Workspace\VS Workspace\HuaEngine\build\HuaEngine\HuaEngine.vcxproj]
  (compiling source file '../../HuaEngine/src/HuaEngine/Rendering/Material/MaterialSerializer.cpp')
      D:\Workspace\VS Workspace\HuaEngine\HuaEngine\src\HuaEngine\ECS\Components.h(39,8):
      This diagnostic occurred in the compiler generated function 'void HE::NativeScriptComponent::Bind(void)'
  
D:\Workspace\VS Workspace\HuaEngine\Dependencies\entt\entt.hpp(6046,1): warning C4828: The file contains a character starting at offset 0x3a191 that is illegal in the current source character set (codepage 65001). [D:\Workspace\VS Workspace\HuaEngine\build\HuaEngine\HuaEngine.vcxproj]
  (compiling source file '../../HuaEngine/src/HuaEngine/Rendering/Material/MaterialSerializer.cpp')
  
D:\Workspace\VS Workspace\HuaEngine\Dependencies\entt\entt.hpp(6046,1): warning C4828: The file contains a character starting at offset 0x3a197 that is illegal in the current source character set (codepage 65001). [D:\Workspace\VS Workspace\HuaEngine\build\HuaEngine\HuaEngine.vcxproj]
  (compiling source file '../../HuaEngine/src/HuaEngine/Rendering/Material/MaterialSerializer.cpp')
  
D:\Workspace\VS Workspace\HuaEngine\Dependencies\entt\entt.hpp(8355,1): warning C4828: The file contains a character starting at offset 0x52025 that is illegal in the current source character set (codepage 65001). [D:\Workspace\VS Workspace\HuaEngine\build\HuaEngine\HuaEngine.vcxproj]
  (compiling source file '../../HuaEngine/src/HuaEngine/Rendering/Material/MaterialSerializer.cpp')
  
D:\Workspace\VS Workspace\HuaEngine\Dependencies\entt\entt.hpp(8355,1): warning C4828: The file contains a character starting at offset 0x5202b that is illegal in the current source character set (codepage 65001). [D:\Workspace\VS Workspace\HuaEngine\build\HuaEngine\HuaEngine.vcxproj]
  (compiling source file '../../HuaEngine/src/HuaEngine/Rendering/Material/MaterialSerializer.cpp')
  
D:\Workspace\VS Workspace\HuaEngine\Dependencies\entt\entt.hpp(13868,1): warning C4828: The file contains a character starting at offset 0x7f0c0 that is illegal in the current source character set (codepage 65001). [D:\Workspace\VS Workspace\HuaEngine\build\HuaEngine\HuaEngine.vcxproj]
  (compiling source file '../../HuaEngine/src/HuaEngine/Rendering/Material/MaterialSerializer.cpp')
  
D:\Workspace\VS Workspace\HuaEngine\Dependencies\entt\entt.hpp(13868,1): warning C4828: The file contains a character starting at offset 0x7f0c6 that is illegal in the current source character set (codepage 65001). [D:\Workspace\VS Workspace\HuaEngine\build\HuaEngine\HuaEngine.vcxproj]
  (compiling source file '../../HuaEngine/src/HuaEngine/Rendering/Material/MaterialSerializer.cpp')
  
D:\Workspace\VS Workspace\HuaEngine\Dependencies\entt\entt.hpp(59711,1): warning C4828: The file contains a character starting at offset 0x230043 that is illegal in the current source character set (codepage 65001). [D:\Workspace\VS Workspace\HuaEngine\build\HuaEngine\HuaEngine.vcxproj]
  (compiling source file '../../HuaEngine/src/HuaEngine/Rendering/Material/MaterialSerializer.cpp')
  
D:\Workspace\VS Workspace\HuaEngine\Dependencies\entt\entt.hpp(59711,1): warning C4828: The file contains a character starting at offset 0x230049 that is illegal in the current source character set (codepage 65001). [D:\Workspace\VS Workspace\HuaEngine\build\HuaEngine\HuaEngine.vcxproj]
  (compiling source file '../../HuaEngine/src/HuaEngine/Rendering/Material/MaterialSerializer.cpp')
  
D:\Workspace\VS Workspace\HuaEngine\Dependencies\entt\entt.hpp(71606,1): warning C4828: The file contains a character starting at offset 0x2a7cf1 that is illegal in the current source character set (codepage 65001). [D:\Workspace\VS Workspace\HuaEngine\build\HuaEngine\HuaEngine.vcxproj]
  (compiling source file '../../HuaEngine/src/HuaEngine/Rendering/Material/MaterialSerializer.cpp')
  
D:\Workspace\VS Workspace\HuaEngine\Dependencies\entt\entt.hpp(71606,1): warning C4828: The file contains a character starting at offset 0x2a7cf7 that is illegal in the current source character set (codepage 65001). [D:\Workspace\VS Workspace\HuaEngine\build\HuaEngine\HuaEngine.vcxproj]
  (compiling source file '../../HuaEngine/src/HuaEngine/Rendering/Material/MaterialSerializer.cpp')
  
D:\Workspace\VS Workspace\HuaEngine\Dependencies\entt\entt.hpp(91527,1): warning C4828: The file contains a character starting at offset 0x35f91d that is illegal in the current source character set (codepage 65001). [D:\Workspace\VS Workspace\HuaEngine\build\HuaEngine\HuaEngine.vcxproj]
  (compiling source file '../../HuaEngine/src/HuaEngine/Rendering/Material/MaterialSerializer.cpp')
  
D:\Workspace\VS Workspace\HuaEngine\Dependencies\entt\entt.hpp(91527,1): warning C4828: The file contains a character starting at offset 0x35f923 that is illegal in the current source character set (codepage 65001). [D:\Workspace\VS Workspace\HuaEngine\build\HuaEngine\HuaEngine.vcxproj]
  (compiling source file '../../HuaEngine/src/HuaEngine/Rendering/Material/MaterialSerializer.cpp')
  
  MaterialTypes.cpp
  MeshCore.cpp
D:\Workspace\VS Workspace\HuaEngine\HuaEngine\src\HuaEngine\Reflection\TypeList.h(95,70): error C3878: syntax error: unexpected token ';' following 'typename-specifier' [D:\Workspace\VS Workspace\HuaEngine\build\HuaEngine\HuaEngine.vcxproj]
  (compiling source file '../../HuaEngine/src/HuaEngine/Rendering/Mesh/MeshCore.cpp')
      D:\Workspace\VS Workspace\HuaEngine\HuaEngine\src\HuaEngine\Reflection\TypeList.h(95,70):
      missing one of: '(' '{' ?
  
D:\Workspace\VS Workspace\HuaEngine\Dependencies\entt\entt.hpp(6046,1): warning C4828: The file contains a character starting at offset 0x3a191 that is illegal in the current source character set (codepage 65001). [D:\Workspace\VS Workspace\HuaEngine\build\HuaEngine\HuaEngine.vcxproj]
  (compiling source file '../../HuaEngine/src/HuaEngine/Rendering/Mesh/MeshCore.cpp')
  
D:\Workspace\VS Workspace\HuaEngine\Dependencies\entt\entt.hpp(6046,1): warning C4828: The file contains a character starting at offset 0x3a197 that is illegal in the current source character set (codepage 65001). [D:\Workspace\VS Workspace\HuaEngine\build\HuaEngine\HuaEngine.vcxproj]
  (compiling source file '../../HuaEngine/src/HuaEngine/Rendering/Mesh/MeshCore.cpp')
  
D:\Workspace\VS Workspace\HuaEngine\Dependencies\entt\entt.hpp(8355,1): warning C4828: The file contains a character starting at offset 0x52025 that is illegal in the current source character set (codepage 65001). [D:\Workspace\VS Workspace\HuaEngine\build\HuaEngine\HuaEngine.vcxproj]
  (compiling source file '../../HuaEngine/src/HuaEngine/Rendering/Mesh/MeshCore.cpp')
  
D:\Workspace\VS Workspace\HuaEngine\Dependencies\entt\entt.hpp(8355,1): warning C4828: The file contains a character starting at offset 0x5202b that is illegal in the current source character set (codepage 65001). [D:\Workspace\VS Workspace\HuaEngine\build\HuaEngine\HuaEngine.vcxproj]
  (compiling source file '../../HuaEngine/src/HuaEngine/Rendering/Mesh/MeshCore.cpp')
  
D:\Workspace\VS Workspace\HuaEngine\Dependencies\entt\entt.hpp(13868,1): warning C4828: The file contains a character starting at offset 0x7f0c0 that is illegal in the current source character set (codepage 65001). [D:\Workspace\VS Workspace\HuaEngine\build\HuaEngine\HuaEngine.vcxproj]
  (compiling source file '../../HuaEngine/src/HuaEngine/Rendering/Mesh/MeshCore.cpp')
  
D:\Workspace\VS Workspace\HuaEngine\Dependencies\entt\entt.hpp(13868,1): warning C4828: The file contains a character starting at offset 0x7f0c6 that is illegal in the current source character set (codepage 65001). [D:\Workspace\VS Workspace\HuaEngine\build\HuaEngine\HuaEngine.vcxproj]
  (compiling source file '../../HuaEngine/src/HuaEngine/Rendering/Mesh/MeshCore.cpp')
  
D:\Workspace\VS Workspace\HuaEngine\Dependencies\entt\entt.hpp(59711,1): warning C4828: The file contains a character starting at offset 0x230043 that is illegal in the current source character set (codepage 65001). [D:\Workspace\VS Workspace\HuaEngine\build\HuaEngine\HuaEngine.vcxproj]
  (compiling source file '../../HuaEngine/src/HuaEngine/Rendering/Mesh/MeshCore.cpp')
  
D:\Workspace\VS Workspace\HuaEngine\Dependencies\entt\entt.hpp(59711,1): warning C4828: The file contains a character starting at offset 0x230049 that is illegal in the current source character set (codepage 65001). [D:\Workspace\VS Workspace\HuaEngine\build\HuaEngine\HuaEngine.vcxproj]
  (compiling source file '../../HuaEngine/src/HuaEngine/Rendering/Mesh/MeshCore.cpp')
  
D:\Workspace\VS Workspace\HuaEngine\Dependencies\entt\entt.hpp(71606,1): warning C4828: The file contains a character starting at offset 0x2a7cf1 that is illegal in the current source character set (codepage 65001). [D:\Workspace\VS Workspace\HuaEngine\build\HuaEngine\HuaEngine.vcxproj]
  (compiling source file '../../HuaEngine/src/HuaEngine/Rendering/Mesh/MeshCore.cpp')
  
D:\Workspace\VS Workspace\HuaEngine\Dependencies\entt\entt.hpp(71606,1): warning C4828: The file contains a character starting at offset 0x2a7cf7 that is illegal in the current source character set (codepage 65001). [D:\Workspace\VS Workspace\HuaEngine\build\HuaEngine\HuaEngine.vcxproj]
  (compiling source file '../../HuaEngine/src/HuaEngine/Rendering/Mesh/MeshCore.cpp')
  
D:\Workspace\VS Workspace\HuaEngine\Dependencies\entt\entt.hpp(91527,1): warning C4828: The file contains a character starting at offset 0x35f91d that is illegal in the current source character set (codepage 65001). [D:\Workspace\VS Workspace\HuaEngine\build\HuaEngine\HuaEngine.vcxproj]
  (compiling source file '../../HuaEngine/src/HuaEngine/Rendering/Mesh/MeshCore.cpp')
  
D:\Workspace\VS Workspace\HuaEngine\Dependencies\entt\entt.hpp(91527,1): warning C4828: The file contains a character starting at offset 0x35f923 that is illegal in the current source character set (codepage 65001). [D:\Workspace\VS Workspace\HuaEngine\build\HuaEngine\HuaEngine.vcxproj]
  (compiling source file '../../HuaEngine/src/HuaEngine/Rendering/Mesh/MeshCore.cpp')
  
D:\Workspace\VS Workspace\HuaEngine\Dependencies\entt\entt.hpp(6046,1): warning C4828: The file contains a character starting at offset 0x3a191 that is illegal in the current source character set (codepage 65001). [D:\Workspace\VS Workspace\HuaEngine\build\HuaEngine\HuaEngine.vcxproj]
  (compiling source file '../../HuaEngine/src/HuaEngine/Rendering/Mesh/MeshCore.cpp')
  
D:\Workspace\VS Workspace\HuaEngine\Dependencies\entt\entt.hpp(6046,1): warning C4828: The file contains a character starting at offset 0x3a197 that is illegal in the current source character set (codepage 65001). [D:\Workspace\VS Workspace\HuaEngine\build\HuaEngine\HuaEngine.vcxproj]
  (compiling source file '../../HuaEngine/src/HuaEngine/Rendering/Mesh/MeshCore.cpp')
  
D:\Workspace\VS Workspace\HuaEngine\Dependencies\entt\entt.hpp(8355,1): warning C4828: The file contains a character starting at offset 0x52025 that is illegal in the current source character set (codepage 65001). [D:\Workspace\VS Workspace\HuaEngine\build\HuaEngine\HuaEngine.vcxproj]
  (compiling source file '../../HuaEngine/src/HuaEngine/Rendering/Mesh/MeshCore.cpp')
  
D:\Workspace\VS Workspace\HuaEngine\Dependencies\entt\entt.hpp(8355,1): warning C4828: The file contains a character starting at offset 0x5202b that is illegal in the current source character set (codepage 65001). [D:\Workspace\VS Workspace\HuaEngine\build\HuaEngine\HuaEngine.vcxproj]
  (compiling source file '../../HuaEngine/src/HuaEngine/Rendering/Mesh/MeshCore.cpp')
  
D:\Workspace\VS Workspace\HuaEngine\Dependencies\entt\entt.hpp(13868,1): warning C4828: The file contains a character starting at offset 0x7f0c0 that is illegal in the current source character set (codepage 65001). [D:\Workspace\VS Workspace\HuaEngine\build\HuaEngine\HuaEngine.vcxproj]
  (compiling source file '../../HuaEngine/src/HuaEngine/Rendering/Mesh/MeshCore.cpp')
  
D:\Workspace\VS Workspace\HuaEngine\Dependencies\entt\entt.hpp(13868,1): warning C4828: The file contains a character starting at offset 0x7f0c6 that is illegal in the current source character set (codepage 65001). [D:\Workspace\VS Workspace\HuaEngine\build\HuaEngine\HuaEngine.vcxproj]
  (compiling source file '../../HuaEngine/src/HuaEngine/Rendering/Mesh/MeshCore.cpp')
  
D:\Workspace\VS Workspace\HuaEngine\Dependencies\entt\entt.hpp(59711,1): warning C4828: The file contains a character starting at offset 0x230043 that is illegal in the current source character set (codepage 65001). [D:\Workspace\VS Workspace\HuaEngine\build\HuaEngine\HuaEngine.vcxproj]
  (compiling source file '../../HuaEngine/src/HuaEngine/Rendering/Mesh/MeshCore.cpp')
  
D:\Workspace\VS Workspace\HuaEngine\Dependencies\entt\entt.hpp(59711,1): warning C4828: The file contains a character starting at offset 0x230049 that is illegal in the current source character set (codepage 65001). [D:\Workspace\VS Workspace\HuaEngine\build\HuaEngine\HuaEngine.vcxproj]
  (compiling source file '../../HuaEngine/src/HuaEngine/Rendering/Mesh/MeshCore.cpp')
  
D:\Workspace\VS Workspace\HuaEngine\Dependencies\entt\entt.hpp(71606,1): warning C4828: The file contains a character starting at offset 0x2a7cf1 that is illegal in the current source character set (codepage 65001). [D:\Workspace\VS Workspace\HuaEngine\build\HuaEngine\HuaEngine.vcxproj]
  (compiling source file '../../HuaEngine/src/HuaEngine/Rendering/Mesh/MeshCore.cpp')
  
D:\Workspace\VS Workspace\HuaEngine\Dependencies\entt\entt.hpp(71606,1): warning C4828: The file contains a character starting at offset 0x2a7cf7 that is illegal in the current source character set (codepage 65001). [D:\Workspace\VS Workspace\HuaEngine\build\HuaEngine\HuaEngine.vcxproj]
  (compiling source file '../../HuaEngine/src/HuaEngine/Rendering/Mesh/MeshCore.cpp')
  
D:\Workspace\VS Workspace\HuaEngine\Dependencies\entt\entt.hpp(91527,1): warning C4828: The file contains a character starting at offset 0x35f91d that is illegal in the current source character set (codepage 65001). [D:\Workspace\VS Workspace\HuaEngine\build\HuaEngine\HuaEngine.vcxproj]
  (compiling source file '../../HuaEngine/src/HuaEngine/Rendering/Mesh/MeshCore.cpp')
  
D:\Workspace\VS Workspace\HuaEngine\Dependencies\entt\entt.hpp(91527,1): warning C4828: The file contains a character starting at offset 0x35f923 that is illegal in the current source character set (codepage 65001). [D:\Workspace\VS Workspace\HuaEngine\build\HuaEngine\HuaEngine.vcxproj]
  (compiling source file '../../HuaEngine/src/HuaEngine/Rendering/Mesh/MeshCore.cpp')
  
D:\Workspace\VS Workspace\HuaEngine\HuaEngine\src\HuaEngine\ECS\Entity.h(29,44): error C3878: syntax error: unexpected token '>' following 'simple-type-specifier' [D:\Workspace\VS Workspace\HuaEngine\build\HuaEngine\HuaEngine.vcxproj]
  (compiling source file '../../HuaEngine/src/HuaEngine/Rendering/Mesh/MeshCore.cpp')
      D:\Workspace\VS Workspace\HuaEngine\HuaEngine\src\HuaEngine\ECS\Entity.h(29,44):
      missing one of: '(' '{' ?
      D:\Workspace\VS Workspace\HuaEngine\HuaEngine\src\HuaEngine\ECS\Entity.h(28,8):
      This diagnostic occurred in the compiler generated function 'bool HE::Entity::HasComponent(void)'
  
D:\Workspace\VS Workspace\HuaEngine\HuaEngine\src\HuaEngine\ECS\Entity.h(29,44): error C3878: syntax error: unexpected token '>' following 'expression' [D:\Workspace\VS Workspace\HuaEngine\build\HuaEngine\HuaEngine.vcxproj]
  (compiling source file '../../HuaEngine/src/HuaEngine/Rendering/Mesh/MeshCore.cpp')
      D:\Workspace\VS Workspace\HuaEngine\HuaEngine\src\HuaEngine\ECS\Entity.h(28,8):
      This diagnostic occurred in the compiler generated function 'bool HE::Entity::HasComponent(void)'
  
D:\Workspace\VS Workspace\HuaEngine\HuaEngine\src\HuaEngine\ECS\Entity.h(29,60): error C2760: syntax error: ')' was unexpected here; expected ';' [D:\Workspace\VS Workspace\HuaEngine\build\HuaEngine\HuaEngine.vcxproj]
  (compiling source file '../../HuaEngine/src/HuaEngine/Rendering/Mesh/MeshCore.cpp')
      D:\Workspace\VS Workspace\HuaEngine\HuaEngine\src\HuaEngine\ECS\Entity.h(28,8):
      This diagnostic occurred in the compiler generated function 'bool HE::Entity::HasComponent(void)'
  
D:\Workspace\VS Workspace\HuaEngine\HuaEngine\src\HuaEngine\ECS\Entity.h(29,60): error C3878: syntax error: unexpected token ')' following 'jump-statement' [D:\Workspace\VS Workspace\HuaEngine\build\HuaEngine\HuaEngine.vcxproj]
  (compiling source file '../../HuaEngine/src/HuaEngine/Rendering/Mesh/MeshCore.cpp')
      D:\Workspace\VS Workspace\HuaEngine\HuaEngine\src\HuaEngine\ECS\Entity.h(28,8):
      This diagnostic occurred in the compiler generated function 'bool HE::Entity::HasComponent(void)'
  
D:\Workspace\VS Workspace\HuaEngine\HuaEngine\src\HuaEngine\ECS\Components.h(42,3): error C2760: syntax error: '}' was unexpected here; expected ';' [D:\Workspace\VS Workspace\HuaEngine\build\HuaEngine\HuaEngine.vcxproj]
  (compiling source file '../../HuaEngine/src/HuaEngine/Rendering/Mesh/MeshCore.cpp')
      D:\Workspace\VS Workspace\HuaEngine\HuaEngine\src\HuaEngine\ECS\Components.h(39,8):
      This diagnostic occurred in the compiler generated function 'void HE::NativeScriptComponent::Bind(void)'
  
D:\Workspace\VS Workspace\HuaEngine\Dependencies\entt\entt.hpp(6046,1): warning C4828: The file contains a character starting at offset 0x3a191 that is illegal in the current source character set (codepage 65001). [D:\Workspace\VS Workspace\HuaEngine\build\HuaEngine\HuaEngine.vcxproj]
  (compiling source file '../../HuaEngine/src/HuaEngine/Rendering/Mesh/MeshCore.cpp')
  
D:\Workspace\VS Workspace\HuaEngine\Dependencies\entt\entt.hpp(6046,1): warning C4828: The file contains a character starting at offset 0x3a197 that is illegal in the current source character set (codepage 65001). [D:\Workspace\VS Workspace\HuaEngine\build\HuaEngine\HuaEngine.vcxproj]
  (compiling source file '../../HuaEngine/src/HuaEngine/Rendering/Mesh/MeshCore.cpp')
  
D:\Workspace\VS Workspace\HuaEngine\Dependencies\entt\entt.hpp(8355,1): warning C4828: The file contains a character starting at offset 0x52025 that is illegal in the current source character set (codepage 65001). [D:\Workspace\VS Workspace\HuaEngine\build\HuaEngine\HuaEngine.vcxproj]
  (compiling source file '../../HuaEngine/src/HuaEngine/Rendering/Mesh/MeshCore.cpp')
  
D:\Workspace\VS Workspace\HuaEngine\Dependencies\entt\entt.hpp(8355,1): warning C4828: The file contains a character starting at offset 0x5202b that is illegal in the current source character set (codepage 65001). [D:\Workspace\VS Workspace\HuaEngine\build\HuaEngine\HuaEngine.vcxproj]
  (compiling source file '../../HuaEngine/src/HuaEngine/Rendering/Mesh/MeshCore.cpp')
  
D:\Workspace\VS Workspace\HuaEngine\Dependencies\entt\entt.hpp(13868,1): warning C4828: The file contains a character starting at offset 0x7f0c0 that is illegal in the current source character set (codepage 65001). [D:\Workspace\VS Workspace\HuaEngine\build\HuaEngine\HuaEngine.vcxproj]
  (compiling source file '../../HuaEngine/src/HuaEngine/Rendering/Mesh/MeshCore.cpp')
  
D:\Workspace\VS Workspace\HuaEngine\Dependencies\entt\entt.hpp(13868,1): warning C4828: The file contains a character starting at offset 0x7f0c6 that is illegal in the current source character set (codepage 65001). [D:\Workspace\VS Workspace\HuaEngine\build\HuaEngine\HuaEngine.vcxproj]
  (compiling source file '../../HuaEngine/src/HuaEngine/Rendering/Mesh/MeshCore.cpp')
  
D:\Workspace\VS Workspace\HuaEngine\Dependencies\entt\entt.hpp(59711,1): warning C4828: The file contains a character starting at offset 0x230043 that is illegal in the current source character set (codepage 65001). [D:\Workspace\VS Workspace\HuaEngine\build\HuaEngine\HuaEngine.vcxproj]
  (compiling source file '../../HuaEngine/src/HuaEngine/Rendering/Mesh/MeshCore.cpp')
  
D:\Workspace\VS Workspace\HuaEngine\Dependencies\entt\entt.hpp(59711,1): warning C4828: The file contains a character starting at offset 0x230049 that is illegal in the current source character set (codepage 65001). [D:\Workspace\VS Workspace\HuaEngine\build\HuaEngine\HuaEngine.vcxproj]
  (compiling source file '../../HuaEngine/src/HuaEngine/Rendering/Mesh/MeshCore.cpp')
  
D:\Workspace\VS Workspace\HuaEngine\Dependencies\entt\entt.hpp(71606,1): warning C4828: The file contains a character starting at offset 0x2a7cf1 that is illegal in the current source character set (codepage 65001). [D:\Workspace\VS Workspace\HuaEngine\build\HuaEngine\HuaEngine.vcxproj]
  (compiling source file '../../HuaEngine/src/HuaEngine/Rendering/Mesh/MeshCore.cpp')
  
D:\Workspace\VS Workspace\HuaEngine\Dependencies\entt\entt.hpp(71606,1): warning C4828: The file contains a character starting at offset 0x2a7cf7 that is illegal in the current source character set (codepage 65001). [D:\Workspace\VS Workspace\HuaEngine\build\HuaEngine\HuaEngine.vcxproj]
  (compiling source file '../../HuaEngine/src/HuaEngine/Rendering/Mesh/MeshCore.cpp')
  
D:\Workspace\VS Workspace\HuaEngine\Dependencies\entt\entt.hpp(91527,1): warning C4828: The file contains a character starting at offset 0x35f91d that is illegal in the current source character set (codepage 65001). [D:\Workspace\VS Workspace\HuaEngine\build\HuaEngine\HuaEngine.vcxproj]
  (compiling source file '../../HuaEngine/src/HuaEngine/Rendering/Mesh/MeshCore.cpp')
  
D:\Workspace\VS Workspace\HuaEngine\Dependencies\entt\entt.hpp(91527,1): warning C4828: The file contains a character starting at offset 0x35f923 that is illegal in the current source character set (codepage 65001). [D:\Workspace\VS Workspace\HuaEngine\build\HuaEngine\HuaEngine.vcxproj]
  (compiling source file '../../HuaEngine/src/HuaEngine/Rendering/Mesh/MeshCore.cpp')
  
  MeshData.cpp
D:\Workspace\VS Workspace\HuaEngine\HuaEngine\src\HuaEngine\Reflection\TypeList.h(95,70): error C3878: syntax error: unexpected token ';' following 'typename-specifier' [D:\Workspace\VS Workspace\HuaEngine\build\HuaEngine\HuaEngine.vcxproj]
  (compiling source file '../../HuaEngine/src/HuaEngine/Rendering/Mesh/MeshData.cpp')
      D:\Workspace\VS Workspace\HuaEngine\HuaEngine\src\HuaEngine\Reflection\TypeList.h(95,70):
      missing one of: '(' '{' ?
  
  MeshManager.cpp
D:\Workspace\VS Workspace\HuaEngine\HuaEngine\src\HuaEngine\Reflection\TypeList.h(95,70): error C3878: syntax error: unexpected token ';' following 'typename-specifier' [D:\Workspace\VS Workspace\HuaEngine\build\HuaEngine\HuaEngine.vcxproj]
  (compiling source file '../../HuaEngine/src/HuaEngine/Rendering/Mesh/MeshManager.cpp')
      D:\Workspace\VS Workspace\HuaEngine\HuaEngine\src\HuaEngine\Reflection\TypeList.h(95,70):
      missing one of: '(' '{' ?
  
  RenderCommand.cpp
  RenderPipeline.cpp
  Generating Code...
  Compiling...
  Renderer.cpp
D:\Workspace\VS Workspace\HuaEngine\HuaEngine\src\HuaEngine\Reflection\TypeList.h(95,70): error C3878: syntax error: unexpected token ';' following 'typename-specifier' [D:\Workspace\VS Workspace\HuaEngine\build\HuaEngine\HuaEngine.vcxproj]
  (compiling source file '../../HuaEngine/src/HuaEngine/Rendering/Renderer.cpp')
      D:\Workspace\VS Workspace\HuaEngine\HuaEngine\src\HuaEngine\Reflection\TypeList.h(95,70):
      missing one of: '(' '{' ?
  
D:\Workspace\VS Workspace\HuaEngine\Dependencies\entt\entt.hpp(6046,1): warning C4828: The file contains a character starting at offset 0x3a191 that is illegal in the current source character set (codepage 65001). [D:\Workspace\VS Workspace\HuaEngine\build\HuaEngine\HuaEngine.vcxproj]
  (compiling source file '../../HuaEngine/src/HuaEngine/Rendering/Renderer.cpp')
  
D:\Workspace\VS Workspace\HuaEngine\Dependencies\entt\entt.hpp(6046,1): warning C4828: The file contains a character starting at offset 0x3a197 that is illegal in the current source character set (codepage 65001). [D:\Workspace\VS Workspace\HuaEngine\build\HuaEngine\HuaEngine.vcxproj]
  (compiling source file '../../HuaEngine/src/HuaEngine/Rendering/Renderer.cpp')
  
D:\Workspace\VS Workspace\HuaEngine\Dependencies\entt\entt.hpp(8355,1): warning C4828: The file contains a character starting at offset 0x52025 that is illegal in the current source character set (codepage 65001). [D:\Workspace\VS Workspace\HuaEngine\build\HuaEngine\HuaEngine.vcxproj]
  (compiling source file '../../HuaEngine/src/HuaEngine/Rendering/Renderer.cpp')
  
D:\Workspace\VS Workspace\HuaEngine\Dependencies\entt\entt.hpp(8355,1): warning C4828: The file contains a character starting at offset 0x5202b that is illegal in the current source character set (codepage 65001). [D:\Workspace\VS Workspace\HuaEngine\build\HuaEngine\HuaEngine.vcxproj]
  (compiling source file '../../HuaEngine/src/HuaEngine/Rendering/Renderer.cpp')
  
D:\Workspace\VS Workspace\HuaEngine\Dependencies\entt\entt.hpp(13868,1): warning C4828: The file contains a character starting at offset 0x7f0c0 that is illegal in the current source character set (codepage 65001). [D:\Workspace\VS Workspace\HuaEngine\build\HuaEngine\HuaEngine.vcxproj]
  (compiling source file '../../HuaEngine/src/HuaEngine/Rendering/Renderer.cpp')
  
D:\Workspace\VS Workspace\HuaEngine\Dependencies\entt\entt.hpp(13868,1): warning C4828: The file contains a character starting at offset 0x7f0c6 that is illegal in the current source character set (codepage 65001). [D:\Workspace\VS Workspace\HuaEngine\build\HuaEngine\HuaEngine.vcxproj]
  (compiling source file '../../HuaEngine/src/HuaEngine/Rendering/Renderer.cpp')
  
D:\Workspace\VS Workspace\HuaEngine\Dependencies\entt\entt.hpp(59711,1): warning C4828: The file contains a character starting at offset 0x230043 that is illegal in the current source character set (codepage 65001). [D:\Workspace\VS Workspace\HuaEngine\build\HuaEngine\HuaEngine.vcxproj]
  (compiling source file '../../HuaEngine/src/HuaEngine/Rendering/Renderer.cpp')
  
D:\Workspace\VS Workspace\HuaEngine\Dependencies\entt\entt.hpp(59711,1): warning C4828: The file contains a character starting at offset 0x230049 that is illegal in the current source character set (codepage 65001). [D:\Workspace\VS Workspace\HuaEngine\build\HuaEngine\HuaEngine.vcxproj]
  (compiling source file '../../HuaEngine/src/HuaEngine/Rendering/Renderer.cpp')
  
D:\Workspace\VS Workspace\HuaEngine\Dependencies\entt\entt.hpp(71606,1): warning C4828: The file contains a character starting at offset 0x2a7cf1 that is illegal in the current source character set (codepage 65001). [D:\Workspace\VS Workspace\HuaEngine\build\HuaEngine\HuaEngine.vcxproj]
  (compiling source file '../../HuaEngine/src/HuaEngine/Rendering/Renderer.cpp')
  
D:\Workspace\VS Workspace\HuaEngine\Dependencies\entt\entt.hpp(71606,1): warning C4828: The file contains a character starting at offset 0x2a7cf7 that is illegal in the current source character set (codepage 65001). [D:\Workspace\VS Workspace\HuaEngine\build\HuaEngine\HuaEngine.vcxproj]
  (compiling source file '../../HuaEngine/src/HuaEngine/Rendering/Renderer.cpp')
  
D:\Workspace\VS Workspace\HuaEngine\Dependencies\entt\entt.hpp(91527,1): warning C4828: The file contains a character starting at offset 0x35f91d that is illegal in the current source character set (codepage 65001). [D:\Workspace\VS Workspace\HuaEngine\build\HuaEngine\HuaEngine.vcxproj]
  (compiling source file '../../HuaEngine/src/HuaEngine/Rendering/Renderer.cpp')
  
D:\Workspace\VS Workspace\HuaEngine\Dependencies\entt\entt.hpp(91527,1): warning C4828: The file contains a character starting at offset 0x35f923 that is illegal in the current source character set (codepage 65001). [D:\Workspace\VS Workspace\HuaEngine\build\HuaEngine\HuaEngine.vcxproj]
  (compiling source file '../../HuaEngine/src/HuaEngine/Rendering/Renderer.cpp')
  
D:\Workspace\VS Workspace\HuaEngine\Dependencies\entt\entt.hpp(6046,1): warning C4828: The file contains a character starting at offset 0x3a191 that is illegal in the current source character set (codepage 65001). [D:\Workspace\VS Workspace\HuaEngine\build\HuaEngine\HuaEngine.vcxproj]
  (compiling source file '../../HuaEngine/src/HuaEngine/Rendering/Renderer.cpp')
  
D:\Workspace\VS Workspace\HuaEngine\Dependencies\entt\entt.hpp(6046,1): warning C4828: The file contains a character starting at offset 0x3a197 that is illegal in the current source character set (codepage 65001). [D:\Workspace\VS Workspace\HuaEngine\build\HuaEngine\HuaEngine.vcxproj]
  (compiling source file '../../HuaEngine/src/HuaEngine/Rendering/Renderer.cpp')
  
D:\Workspace\VS Workspace\HuaEngine\Dependencies\entt\entt.hpp(8355,1): warning C4828: The file contains a character starting at offset 0x52025 that is illegal in the current source character set (codepage 65001). [D:\Workspace\VS Workspace\HuaEngine\build\HuaEngine\HuaEngine.vcxproj]
  (compiling source file '../../HuaEngine/src/HuaEngine/Rendering/Renderer.cpp')
  
D:\Workspace\VS Workspace\HuaEngine\Dependencies\entt\entt.hpp(8355,1): warning C4828: The file contains a character starting at offset 0x5202b that is illegal in the current source character set (codepage 65001). [D:\Workspace\VS Workspace\HuaEngine\build\HuaEngine\HuaEngine.vcxproj]
  (compiling source file '../../HuaEngine/src/HuaEngine/Rendering/Renderer.cpp')
  
D:\Workspace\VS Workspace\HuaEngine\Dependencies\entt\entt.hpp(13868,1): warning C4828: The file contains a character starting at offset 0x7f0c0 that is illegal in the current source character set (codepage 65001). [D:\Workspace\VS Workspace\HuaEngine\build\HuaEngine\HuaEngine.vcxproj]
  (compiling source file '../../HuaEngine/src/HuaEngine/Rendering/Renderer.cpp')
  
D:\Workspace\VS Workspace\HuaEngine\Dependencies\entt\entt.hpp(13868,1): warning C4828: The file contains a character starting at offset 0x7f0c6 that is illegal in the current source character set (codepage 65001). [D:\Workspace\VS Workspace\HuaEngine\build\HuaEngine\HuaEngine.vcxproj]
  (compiling source file '../../HuaEngine/src/HuaEngine/Rendering/Renderer.cpp')
  
D:\Workspace\VS Workspace\HuaEngine\Dependencies\entt\entt.hpp(59711,1): warning C4828: The file contains a character starting at offset 0x230043 that is illegal in the current source character set (codepage 65001). [D:\Workspace\VS Workspace\HuaEngine\build\HuaEngine\HuaEngine.vcxproj]
  (compiling source file '../../HuaEngine/src/HuaEngine/Rendering/Renderer.cpp')
  
D:\Workspace\VS Workspace\HuaEngine\Dependencies\entt\entt.hpp(59711,1): warning C4828: The file contains a character starting at offset 0x230049 that is illegal in the current source character set (codepage 65001). [D:\Workspace\VS Workspace\HuaEngine\build\HuaEngine\HuaEngine.vcxproj]
  (compiling source file '../../HuaEngine/src/HuaEngine/Rendering/Renderer.cpp')
  
D:\Workspace\VS Workspace\HuaEngine\Dependencies\entt\entt.hpp(71606,1): warning C4828: The file contains a character starting at offset 0x2a7cf1 that is illegal in the current source character set (codepage 65001). [D:\Workspace\VS Workspace\HuaEngine\build\HuaEngine\HuaEngine.vcxproj]
  (compiling source file '../../HuaEngine/src/HuaEngine/Rendering/Renderer.cpp')
  
D:\Workspace\VS Workspace\HuaEngine\Dependencies\entt\entt.hpp(71606,1): warning C4828: The file contains a character starting at offset 0x2a7cf7 that is illegal in the current source character set (codepage 65001). [D:\Workspace\VS Workspace\HuaEngine\build\HuaEngine\HuaEngine.vcxproj]
  (compiling source file '../../HuaEngine/src/HuaEngine/Rendering/Renderer.cpp')
  
D:\Workspace\VS Workspace\HuaEngine\Dependencies\entt\entt.hpp(91527,1): warning C4828: The file contains a character starting at offset 0x35f91d that is illegal in the current source character set (codepage 65001). [D:\Workspace\VS Workspace\HuaEngine\build\HuaEngine\HuaEngine.vcxproj]
  (compiling source file '../../HuaEngine/src/HuaEngine/Rendering/Renderer.cpp')
  
D:\Workspace\VS Workspace\HuaEngine\Dependencies\entt\entt.hpp(91527,1): warning C4828: The file contains a character starting at offset 0x35f923 that is illegal in the current source character set (codepage 65001). [D:\Workspace\VS Workspace\HuaEngine\build\HuaEngine\HuaEngine.vcxproj]
  (compiling source file '../../HuaEngine/src/HuaEngine/Rendering/Renderer.cpp')
  
D:\Workspace\VS Workspace\HuaEngine\HuaEngine\src\HuaEngine\ECS\Entity.h(29,44): error C3878: syntax error: unexpected token '>' following 'simple-type-specifier' [D:\Workspace\VS Workspace\HuaEngine\build\HuaEngine\HuaEngine.vcxproj]
  (compiling source file '../../HuaEngine/src/HuaEngine/Rendering/Renderer.cpp')
      D:\Workspace\VS Workspace\HuaEngine\HuaEngine\src\HuaEngine\ECS\Entity.h(29,44):
      missing one of: '(' '{' ?
      D:\Workspace\VS Workspace\HuaEngine\HuaEngine\src\HuaEngine\ECS\Entity.h(28,8):
      This diagnostic occurred in the compiler generated function 'bool HE::Entity::HasComponent(void)'
  
D:\Workspace\VS Workspace\HuaEngine\HuaEngine\src\HuaEngine\ECS\Entity.h(29,44): error C3878: syntax error: unexpected token '>' following 'expression' [D:\Workspace\VS Workspace\HuaEngine\build\HuaEngine\HuaEngine.vcxproj]
  (compiling source file '../../HuaEngine/src/HuaEngine/Rendering/Renderer.cpp')
      D:\Workspace\VS Workspace\HuaEngine\HuaEngine\src\HuaEngine\ECS\Entity.h(28,8):
      This diagnostic occurred in the compiler generated function 'bool HE::Entity::HasComponent(void)'
  
D:\Workspace\VS Workspace\HuaEngine\HuaEngine\src\HuaEngine\ECS\Entity.h(29,60): error C2760: syntax error: ')' was unexpected here; expected ';' [D:\Workspace\VS Workspace\HuaEngine\build\HuaEngine\HuaEngine.vcxproj]
  (compiling source file '../../HuaEngine/src/HuaEngine/Rendering/Renderer.cpp')
      D:\Workspace\VS Workspace\HuaEngine\HuaEngine\src\HuaEngine\ECS\Entity.h(28,8):
      This diagnostic occurred in the compiler generated function 'bool HE::Entity::HasComponent(void)'
  
D:\Workspace\VS Workspace\HuaEngine\HuaEngine\src\HuaEngine\ECS\Entity.h(29,60): error C3878: syntax error: unexpected token ')' following 'jump-statement' [D:\Workspace\VS Workspace\HuaEngine\build\HuaEngine\HuaEngine.vcxproj]
  (compiling source file '../../HuaEngine/src/HuaEngine/Rendering/Renderer.cpp')
      D:\Workspace\VS Workspace\HuaEngine\HuaEngine\src\HuaEngine\ECS\Entity.h(28,8):
      This diagnostic occurred in the compiler generated function 'bool HE::Entity::HasComponent(void)'
  
D:\Workspace\VS Workspace\HuaEngine\HuaEngine\src\HuaEngine\ECS\Components.h(42,3): error C2760: syntax error: '}' was unexpected here; expected ';' [D:\Workspace\VS Workspace\HuaEngine\build\HuaEngine\HuaEngine.vcxproj]
  (compiling source file '../../HuaEngine/src/HuaEngine/Rendering/Renderer.cpp')
      D:\Workspace\VS Workspace\HuaEngine\HuaEngine\src\HuaEngine\ECS\Components.h(39,8):
      This diagnostic occurred in the compiler generated function 'void HE::NativeScriptComponent::Bind(void)'
  
D:\Workspace\VS Workspace\HuaEngine\Dependencies\entt\entt.hpp(6046,1): warning C4828: The file contains a character starting at offset 0x3a191 that is illegal in the current source character set (codepage 65001). [D:\Workspace\VS Workspace\HuaEngine\build\HuaEngine\HuaEngine.vcxproj]
  (compiling source file '../../HuaEngine/src/HuaEngine/Rendering/Renderer.cpp')
  
D:\Workspace\VS Workspace\HuaEngine\Dependencies\entt\entt.hpp(6046,1): warning C4828: The file contains a character starting at offset 0x3a197 that is illegal in the current source character set (codepage 65001). [D:\Workspace\VS Workspace\HuaEngine\build\HuaEngine\HuaEngine.vcxproj]
  (compiling source file '../../HuaEngine/src/HuaEngine/Rendering/Renderer.cpp')
  
D:\Workspace\VS Workspace\HuaEngine\Dependencies\entt\entt.hpp(8355,1): warning C4828: The file contains a character starting at offset 0x52025 that is illegal in the current source character set (codepage 65001). [D:\Workspace\VS Workspace\HuaEngine\build\HuaEngine\HuaEngine.vcxproj]
  (compiling source file '../../HuaEngine/src/HuaEngine/Rendering/Renderer.cpp')
  
D:\Workspace\VS Workspace\HuaEngine\Dependencies\entt\entt.hpp(8355,1): warning C4828: The file contains a character starting at offset 0x5202b that is illegal in the current source character set (codepage 65001). [D:\Workspace\VS Workspace\HuaEngine\build\HuaEngine\HuaEngine.vcxproj]
  (compiling source file '../../HuaEngine/src/HuaEngine/Rendering/Renderer.cpp')
  
D:\Workspace\VS Workspace\HuaEngine\Dependencies\entt\entt.hpp(13868,1): warning C4828: The file contains a character starting at offset 0x7f0c0 that is illegal in the current source character set (codepage 65001). [D:\Workspace\VS Workspace\HuaEngine\build\HuaEngine\HuaEngine.vcxproj]
  (compiling source file '../../HuaEngine/src/HuaEngine/Rendering/Renderer.cpp')
  
D:\Workspace\VS Workspace\HuaEngine\Dependencies\entt\entt.hpp(13868,1): warning C4828: The file contains a character starting at offset 0x7f0c6 that is illegal in the current source character set (codepage 65001). [D:\Workspace\VS Workspace\HuaEngine\build\HuaEngine\HuaEngine.vcxproj]
  (compiling source file '../../HuaEngine/src/HuaEngine/Rendering/Renderer.cpp')
  
D:\Workspace\VS Workspace\HuaEngine\Dependencies\entt\entt.hpp(59711,1): warning C4828: The file contains a character starting at offset 0x230043 that is illegal in the current source character set (codepage 65001). [D:\Workspace\VS Workspace\HuaEngine\build\HuaEngine\HuaEngine.vcxproj]
  (compiling source file '../../HuaEngine/src/HuaEngine/Rendering/Renderer.cpp')
  
D:\Workspace\VS Workspace\HuaEngine\Dependencies\entt\entt.hpp(59711,1): warning C4828: The file contains a character starting at offset 0x230049 that is illegal in the current source character set (codepage 65001). [D:\Workspace\VS Workspace\HuaEngine\build\HuaEngine\HuaEngine.vcxproj]
  (compiling source file '../../HuaEngine/src/HuaEngine/Rendering/Renderer.cpp')
  
D:\Workspace\VS Workspace\HuaEngine\Dependencies\entt\entt.hpp(71606,1): warning C4828: The file contains a character starting at offset 0x2a7cf1 that is illegal in the current source character set (codepage 65001). [D:\Workspace\VS Workspace\HuaEngine\build\HuaEngine\HuaEngine.vcxproj]
  (compiling source file '../../HuaEngine/src/HuaEngine/Rendering/Renderer.cpp')
  
D:\Workspace\VS Workspace\HuaEngine\Dependencies\entt\entt.hpp(71606,1): warning C4828: The file contains a character starting at offset 0x2a7cf7 that is illegal in the current source character set (codepage 65001). [D:\Workspace\VS Workspace\HuaEngine\build\HuaEngine\HuaEngine.vcxproj]
  (compiling source file '../../HuaEngine/src/HuaEngine/Rendering/Renderer.cpp')
  
D:\Workspace\VS Workspace\HuaEngine\Dependencies\entt\entt.hpp(91527,1): warning C4828: The file contains a character starting at offset 0x35f91d that is illegal in the current source character set (codepage 65001). [D:\Workspace\VS Workspace\HuaEngine\build\HuaEngine\HuaEngine.vcxproj]
  (compiling source file '../../HuaEngine/src/HuaEngine/Rendering/Renderer.cpp')
  
D:\Workspace\VS Workspace\HuaEngine\Dependencies\entt\entt.hpp(91527,1): warning C4828: The file contains a character starting at offset 0x35f923 that is illegal in the current source character set (codepage 65001). [D:\Workspace\VS Workspace\HuaEngine\build\HuaEngine\HuaEngine.vcxproj]
  (compiling source file '../../HuaEngine/src/HuaEngine/Rendering/Renderer.cpp')
  
  RendererAPI.cpp
  Shader.cpp
  Texture.cpp
  VertexArray.cpp
D:\Workspace\VS Workspace\HuaEngine\HuaEngine\src\HuaEngine\Reflection\TypeList.h(95,70): error C3878: syntax error: unexpected token ';' following 'typename-specifier' [D:\Workspace\VS Workspace\HuaEngine\build\HuaEngine\HuaEngine.vcxproj]
  (compiling source file '../../HuaEngine/src/HuaEngine/Rendering/VertexArray.cpp')
      D:\Workspace\VS Workspace\HuaEngine\HuaEngine\src\HuaEngine\Reflection\TypeList.h(95,70):
      missing one of: '(' '{' ?
  
D:\Workspace\VS Workspace\HuaEngine\Dependencies\entt\entt.hpp(6046,1): warning C4828: The file contains a character starting at offset 0x3a191 that is illegal in the current source character set (codepage 65001). [D:\Workspace\VS Workspace\HuaEngine\build\HuaEngine\HuaEngine.vcxproj]
  (compiling source file '../../HuaEngine/src/HuaEngine/Rendering/VertexArray.cpp')
  
D:\Workspace\VS Workspace\HuaEngine\Dependencies\entt\entt.hpp(6046,1): warning C4828: The file contains a character starting at offset 0x3a197 that is illegal in the current source character set (codepage 65001). [D:\Workspace\VS Workspace\HuaEngine\build\HuaEngine\HuaEngine.vcxproj]
  (compiling source file '../../HuaEngine/src/HuaEngine/Rendering/VertexArray.cpp')
  
D:\Workspace\VS Workspace\HuaEngine\Dependencies\entt\entt.hpp(8355,1): warning C4828: The file contains a character starting at offset 0x52025 that is illegal in the current source character set (codepage 65001). [D:\Workspace\VS Workspace\HuaEngine\build\HuaEngine\HuaEngine.vcxproj]
  (compiling source file '../../HuaEngine/src/HuaEngine/Rendering/VertexArray.cpp')
  
D:\Workspace\VS Workspace\HuaEngine\Dependencies\entt\entt.hpp(8355,1): warning C4828: The file contains a character starting at offset 0x5202b that is illegal in the current source character set (codepage 65001). [D:\Workspace\VS Workspace\HuaEngine\build\HuaEngine\HuaEngine.vcxproj]
  (compiling source file '../../HuaEngine/src/HuaEngine/Rendering/VertexArray.cpp')
  
D:\Workspace\VS Workspace\HuaEngine\Dependencies\entt\entt.hpp(13868,1): warning C4828: The file contains a character starting at offset 0x7f0c0 that is illegal in the current source character set (codepage 65001). [D:\Workspace\VS Workspace\HuaEngine\build\HuaEngine\HuaEngine.vcxproj]
  (compiling source file '../../HuaEngine/src/HuaEngine/Rendering/VertexArray.cpp')
  
D:\Workspace\VS Workspace\HuaEngine\Dependencies\entt\entt.hpp(13868,1): warning C4828: The file contains a character starting at offset 0x7f0c6 that is illegal in the current source character set (codepage 65001). [D:\Workspace\VS Workspace\HuaEngine\build\HuaEngine\HuaEngine.vcxproj]
  (compiling source file '../../HuaEngine/src/HuaEngine/Rendering/VertexArray.cpp')
  
D:\Workspace\VS Workspace\HuaEngine\Dependencies\entt\entt.hpp(59711,1): warning C4828: The file contains a character starting at offset 0x230043 that is illegal in the current source character set (codepage 65001). [D:\Workspace\VS Workspace\HuaEngine\build\HuaEngine\HuaEngine.vcxproj]
  (compiling source file '../../HuaEngine/src/HuaEngine/Rendering/VertexArray.cpp')
  
D:\Workspace\VS Workspace\HuaEngine\Dependencies\entt\entt.hpp(59711,1): warning C4828: The file contains a character starting at offset 0x230049 that is illegal in the current source character set (codepage 65001). [D:\Workspace\VS Workspace\HuaEngine\build\HuaEngine\HuaEngine.vcxproj]
  (compiling source file '../../HuaEngine/src/HuaEngine/Rendering/VertexArray.cpp')
  
D:\Workspace\VS Workspace\HuaEngine\Dependencies\entt\entt.hpp(71606,1): warning C4828: The file contains a character starting at offset 0x2a7cf1 that is illegal in the current source character set (codepage 65001). [D:\Workspace\VS Workspace\HuaEngine\build\HuaEngine\HuaEngine.vcxproj]
  (compiling source file '../../HuaEngine/src/HuaEngine/Rendering/VertexArray.cpp')
  
D:\Workspace\VS Workspace\HuaEngine\Dependencies\entt\entt.hpp(71606,1): warning C4828: The file contains a character starting at offset 0x2a7cf7 that is illegal in the current source character set (codepage 65001). [D:\Workspace\VS Workspace\HuaEngine\build\HuaEngine\HuaEngine.vcxproj]
  (compiling source file '../../HuaEngine/src/HuaEngine/Rendering/VertexArray.cpp')
  
D:\Workspace\VS Workspace\HuaEngine\Dependencies\entt\entt.hpp(91527,1): warning C4828: The file contains a character starting at offset 0x35f91d that is illegal in the current source character set (codepage 65001). [D:\Workspace\VS Workspace\HuaEngine\build\HuaEngine\HuaEngine.vcxproj]
  (compiling source file '../../HuaEngine/src/HuaEngine/Rendering/VertexArray.cpp')
  
D:\Workspace\VS Workspace\HuaEngine\Dependencies\entt\entt.hpp(91527,1): warning C4828: The file contains a character starting at offset 0x35f923 that is illegal in the current source character set (codepage 65001). [D:\Workspace\VS Workspace\HuaEngine\build\HuaEngine\HuaEngine.vcxproj]
  (compiling source file '../../HuaEngine/src/HuaEngine/Rendering/VertexArray.cpp')
  
D:\Workspace\VS Workspace\HuaEngine\Dependencies\entt\entt.hpp(6046,1): warning C4828: The file contains a character starting at offset 0x3a191 that is illegal in the current source character set (codepage 65001). [D:\Workspace\VS Workspace\HuaEngine\build\HuaEngine\HuaEngine.vcxproj]
  (compiling source file '../../HuaEngine/src/HuaEngine/Rendering/VertexArray.cpp')
  
D:\Workspace\VS Workspace\HuaEngine\Dependencies\entt\entt.hpp(6046,1): warning C4828: The file contains a character starting at offset 0x3a197 that is illegal in the current source character set (codepage 65001). [D:\Workspace\VS Workspace\HuaEngine\build\HuaEngine\HuaEngine.vcxproj]
  (compiling source file '../../HuaEngine/src/HuaEngine/Rendering/VertexArray.cpp')
  
D:\Workspace\VS Workspace\HuaEngine\Dependencies\entt\entt.hpp(8355,1): warning C4828: The file contains a character starting at offset 0x52025 that is illegal in the current source character set (codepage 65001). [D:\Workspace\VS Workspace\HuaEngine\build\HuaEngine\HuaEngine.vcxproj]
  (compiling source file '../../HuaEngine/src/HuaEngine/Rendering/VertexArray.cpp')
  
D:\Workspace\VS Workspace\HuaEngine\Dependencies\entt\entt.hpp(8355,1): warning C4828: The file contains a character starting at offset 0x5202b that is illegal in the current source character set (codepage 65001). [D:\Workspace\VS Workspace\HuaEngine\build\HuaEngine\HuaEngine.vcxproj]
  (compiling source file '../../HuaEngine/src/HuaEngine/Rendering/VertexArray.cpp')
  
D:\Workspace\VS Workspace\HuaEngine\Dependencies\entt\entt.hpp(13868,1): warning C4828: The file contains a character starting at offset 0x7f0c0 that is illegal in the current source character set (codepage 65001). [D:\Workspace\VS Workspace\HuaEngine\build\HuaEngine\HuaEngine.vcxproj]
  (compiling source file '../../HuaEngine/src/HuaEngine/Rendering/VertexArray.cpp')
  
D:\Workspace\VS Workspace\HuaEngine\Dependencies\entt\entt.hpp(13868,1): warning C4828: The file contains a character starting at offset 0x7f0c6 that is illegal in the current source character set (codepage 65001). [D:\Workspace\VS Workspace\HuaEngine\build\HuaEngine\HuaEngine.vcxproj]
  (compiling source file '../../HuaEngine/src/HuaEngine/Rendering/VertexArray.cpp')
  
D:\Workspace\VS Workspace\HuaEngine\Dependencies\entt\entt.hpp(59711,1): warning C4828: The file contains a character starting at offset 0x230043 that is illegal in the current source character set (codepage 65001). [D:\Workspace\VS Workspace\HuaEngine\build\HuaEngine\HuaEngine.vcxproj]
  (compiling source file '../../HuaEngine/src/HuaEngine/Rendering/VertexArray.cpp')
  
D:\Workspace\VS Workspace\HuaEngine\Dependencies\entt\entt.hpp(59711,1): warning C4828: The file contains a character starting at offset 0x230049 that is illegal in the current source character set (codepage 65001). [D:\Workspace\VS Workspace\HuaEngine\build\HuaEngine\HuaEngine.vcxproj]
  (compiling source file '../../HuaEngine/src/HuaEngine/Rendering/VertexArray.cpp')
  
D:\Workspace\VS Workspace\HuaEngine\Dependencies\entt\entt.hpp(71606,1): warning C4828: The file contains a character starting at offset 0x2a7cf1 that is illegal in the current source character set (codepage 65001). [D:\Workspace\VS Workspace\HuaEngine\build\HuaEngine\HuaEngine.vcxproj]
  (compiling source file '../../HuaEngine/src/HuaEngine/Rendering/VertexArray.cpp')
  
D:\Workspace\VS Workspace\HuaEngine\Dependencies\entt\entt.hpp(71606,1): warning C4828: The file contains a character starting at offset 0x2a7cf7 that is illegal in the current source character set (codepage 65001). [D:\Workspace\VS Workspace\HuaEngine\build\HuaEngine\HuaEngine.vcxproj]
  (compiling source file '../../HuaEngine/src/HuaEngine/Rendering/VertexArray.cpp')
  
D:\Workspace\VS Workspace\HuaEngine\Dependencies\entt\entt.hpp(91527,1): warning C4828: The file contains a character starting at offset 0x35f91d that is illegal in the current source character set (codepage 65001). [D:\Workspace\VS Workspace\HuaEngine\build\HuaEngine\HuaEngine.vcxproj]
  (compiling source file '../../HuaEngine/src/HuaEngine/Rendering/VertexArray.cpp')
  
D:\Workspace\VS Workspace\HuaEngine\Dependencies\entt\entt.hpp(91527,1): warning C4828: The file contains a character starting at offset 0x35f923 that is illegal in the current source character set (codepage 65001). [D:\Workspace\VS Workspace\HuaEngine\build\HuaEngine\HuaEngine.vcxproj]
  (compiling source file '../../HuaEngine/src/HuaEngine/Rendering/VertexArray.cpp')
  
D:\Workspace\VS Workspace\HuaEngine\HuaEngine\src\HuaEngine\ECS\Entity.h(29,44): error C3878: syntax error: unexpected token '>' following 'simple-type-specifier' [D:\Workspace\VS Workspace\HuaEngine\build\HuaEngine\HuaEngine.vcxproj]
  (compiling source file '../../HuaEngine/src/HuaEngine/Rendering/VertexArray.cpp')
      D:\Workspace\VS Workspace\HuaEngine\HuaEngine\src\HuaEngine\ECS\Entity.h(29,44):
      missing one of: '(' '{' ?
      D:\Workspace\VS Workspace\HuaEngine\HuaEngine\src\HuaEngine\ECS\Entity.h(28,8):
      This diagnostic occurred in the compiler generated function 'bool HE::Entity::HasComponent(void)'
  
D:\Workspace\VS Workspace\HuaEngine\HuaEngine\src\HuaEngine\ECS\Entity.h(29,44): error C3878: syntax error: unexpected token '>' following 'expression' [D:\Workspace\VS Workspace\HuaEngine\build\HuaEngine\HuaEngine.vcxproj]
  (compiling source file '../../HuaEngine/src/HuaEngine/Rendering/VertexArray.cpp')
      D:\Workspace\VS Workspace\HuaEngine\HuaEngine\src\HuaEngine\ECS\Entity.h(28,8):
      This diagnostic occurred in the compiler generated function 'bool HE::Entity::HasComponent(void)'
  
D:\Workspace\VS Workspace\HuaEngine\HuaEngine\src\HuaEngine\ECS\Entity.h(29,60): error C2760: syntax error: ')' was unexpected here; expected ';' [D:\Workspace\VS Workspace\HuaEngine\build\HuaEngine\HuaEngine.vcxproj]
  (compiling source file '../../HuaEngine/src/HuaEngine/Rendering/VertexArray.cpp')
      D:\Workspace\VS Workspace\HuaEngine\HuaEngine\src\HuaEngine\ECS\Entity.h(28,8):
      This diagnostic occurred in the compiler generated function 'bool HE::Entity::HasComponent(void)'
  
D:\Workspace\VS Workspace\HuaEngine\HuaEngine\src\HuaEngine\ECS\Entity.h(29,60): error C3878: syntax error: unexpected token ')' following 'jump-statement' [D:\Workspace\VS Workspace\HuaEngine\build\HuaEngine\HuaEngine.vcxproj]
  (compiling source file '../../HuaEngine/src/HuaEngine/Rendering/VertexArray.cpp')
      D:\Workspace\VS Workspace\HuaEngine\HuaEngine\src\HuaEngine\ECS\Entity.h(28,8):
      This diagnostic occurred in the compiler generated function 'bool HE::Entity::HasComponent(void)'
  
D:\Workspace\VS Workspace\HuaEngine\HuaEngine\src\HuaEngine\ECS\Components.h(42,3): error C2760: syntax error: '}' was unexpected here; expected ';' [D:\Workspace\VS Workspace\HuaEngine\build\HuaEngine\HuaEngine.vcxproj]
  (compiling source file '../../HuaEngine/src/HuaEngine/Rendering/VertexArray.cpp')
      D:\Workspace\VS Workspace\HuaEngine\HuaEngine\src\HuaEngine\ECS\Components.h(39,8):
      This diagnostic occurred in the compiler generated function 'void HE::NativeScriptComponent::Bind(void)'
  
D:\Workspace\VS Workspace\HuaEngine\Dependencies\entt\entt.hpp(6046,1): warning C4828: The file contains a character starting at offset 0x3a191 that is illegal in the current source character set (codepage 65001). [D:\Workspace\VS Workspace\HuaEngine\build\HuaEngine\HuaEngine.vcxproj]
  (compiling source file '../../HuaEngine/src/HuaEngine/Rendering/VertexArray.cpp')
  
D:\Workspace\VS Workspace\HuaEngine\Dependencies\entt\entt.hpp(6046,1): warning C4828: The file contains a character starting at offset 0x3a197 that is illegal in the current source character set (codepage 65001). [D:\Workspace\VS Workspace\HuaEngine\build\HuaEngine\HuaEngine.vcxproj]
  (compiling source file '../../HuaEngine/src/HuaEngine/Rendering/VertexArray.cpp')
  
D:\Workspace\VS Workspace\HuaEngine\Dependencies\entt\entt.hpp(8355,1): warning C4828: The file contains a character starting at offset 0x52025 that is illegal in the current source character set (codepage 65001). [D:\Workspace\VS Workspace\HuaEngine\build\HuaEngine\HuaEngine.vcxproj]
  (compiling source file '../../HuaEngine/src/HuaEngine/Rendering/VertexArray.cpp')
  
D:\Workspace\VS Workspace\HuaEngine\Dependencies\entt\entt.hpp(8355,1): warning C4828: The file contains a character starting at offset 0x5202b that is illegal in the current source character set (codepage 65001). [D:\Workspace\VS Workspace\HuaEngine\build\HuaEngine\HuaEngine.vcxproj]
  (compiling source file '../../HuaEngine/src/HuaEngine/Rendering/VertexArray.cpp')
  
D:\Workspace\VS Workspace\HuaEngine\Dependencies\entt\entt.hpp(13868,1): warning C4828: The file contains a character starting at offset 0x7f0c0 that is illegal in the current source character set (codepage 65001). [D:\Workspace\VS Workspace\HuaEngine\build\HuaEngine\HuaEngine.vcxproj]
  (compiling source file '../../HuaEngine/src/HuaEngine/Rendering/VertexArray.cpp')
  
D:\Workspace\VS Workspace\HuaEngine\Dependencies\entt\entt.hpp(13868,1): warning C4828: The file contains a character starting at offset 0x7f0c6 that is illegal in the current source character set (codepage 65001). [D:\Workspace\VS Workspace\HuaEngine\build\HuaEngine\HuaEngine.vcxproj]
  (compiling source file '../../HuaEngine/src/HuaEngine/Rendering/VertexArray.cpp')
  
D:\Workspace\VS Workspace\HuaEngine\Dependencies\entt\entt.hpp(59711,1): warning C4828: The file contains a character starting at offset 0x230043 that is illegal in the current source character set (codepage 65001). [D:\Workspace\VS Workspace\HuaEngine\build\HuaEngine\HuaEngine.vcxproj]
  (compiling source file '../../HuaEngine/src/HuaEngine/Rendering/VertexArray.cpp')
  
D:\Workspace\VS Workspace\HuaEngine\Dependencies\entt\entt.hpp(59711,1): warning C4828: The file contains a character starting at offset 0x230049 that is illegal in the current source character set (codepage 65001). [D:\Workspace\VS Workspace\HuaEngine\build\HuaEngine\HuaEngine.vcxproj]
  (compiling source file '../../HuaEngine/src/HuaEngine/Rendering/VertexArray.cpp')
  
D:\Workspace\VS Workspace\HuaEngine\Dependencies\entt\entt.hpp(71606,1): warning C4828: The file contains a character starting at offset 0x2a7cf1 that is illegal in the current source character set (codepage 65001). [D:\Workspace\VS Workspace\HuaEngine\build\HuaEngine\HuaEngine.vcxproj]
  (compiling source file '../../HuaEngine/src/HuaEngine/Rendering/VertexArray.cpp')
  
D:\Workspace\VS Workspace\HuaEngine\Dependencies\entt\entt.hpp(71606,1): warning C4828: The file contains a character starting at offset 0x2a7cf7 that is illegal in the current source character set (codepage 65001). [D:\Workspace\VS Workspace\HuaEngine\build\HuaEngine\HuaEngine.vcxproj]
  (compiling source file '../../HuaEngine/src/HuaEngine/Rendering/VertexArray.cpp')
  
D:\Workspace\VS Workspace\HuaEngine\Dependencies\entt\entt.hpp(91527,1): warning C4828: The file contains a character starting at offset 0x35f91d that is illegal in the current source character set (codepage 65001). [D:\Workspace\VS Workspace\HuaEngine\build\HuaEngine\HuaEngine.vcxproj]
  (compiling source file '../../HuaEngine/src/HuaEngine/Rendering/VertexArray.cpp')
  
D:\Workspace\VS Workspace\HuaEngine\Dependencies\entt\entt.hpp(91527,1): warning C4828: The file contains a character starting at offset 0x35f923 that is illegal in the current source character set (codepage 65001). [D:\Workspace\VS Workspace\HuaEngine\build\HuaEngine\HuaEngine.vcxproj]
  (compiling source file '../../HuaEngine/src/HuaEngine/Rendering/VertexArray.cpp')
  
  VertexBuffer.cpp
D:\Workspace\VS Workspace\HuaEngine\HuaEngine\src\HuaEngine\Reflection\TypeList.h(95,70): error C3878: syntax error: unexpected token ';' following 'typename-specifier' [D:\Workspace\VS Workspace\HuaEngine\build\HuaEngine\HuaEngine.vcxproj]
  (compiling source file '../../HuaEngine/src/HuaEngine/Rendering/VertexBuffer.cpp')
      D:\Workspace\VS Workspace\HuaEngine\HuaEngine\src\HuaEngine\Reflection\TypeList.h(95,70):
      missing one of: '(' '{' ?
  
D:\Workspace\VS Workspace\HuaEngine\Dependencies\entt\entt.hpp(6046,1): warning C4828: The file contains a character starting at offset 0x3a191 that is illegal in the current source character set (codepage 65001). [D:\Workspace\VS Workspace\HuaEngine\build\HuaEngine\HuaEngine.vcxproj]
  (compiling source file '../../HuaEngine/src/HuaEngine/Rendering/VertexBuffer.cpp')
  
D:\Workspace\VS Workspace\HuaEngine\Dependencies\entt\entt.hpp(6046,1): warning C4828: The file contains a character starting at offset 0x3a197 that is illegal in the current source character set (codepage 65001). [D:\Workspace\VS Workspace\HuaEngine\build\HuaEngine\HuaEngine.vcxproj]
  (compiling source file '../../HuaEngine/src/HuaEngine/Rendering/VertexBuffer.cpp')
  
D:\Workspace\VS Workspace\HuaEngine\Dependencies\entt\entt.hpp(8355,1): warning C4828: The file contains a character starting at offset 0x52025 that is illegal in the current source character set (codepage 65001). [D:\Workspace\VS Workspace\HuaEngine\build\HuaEngine\HuaEngine.vcxproj]
  (compiling source file '../../HuaEngine/src/HuaEngine/Rendering/VertexBuffer.cpp')
  
D:\Workspace\VS Workspace\HuaEngine\Dependencies\entt\entt.hpp(8355,1): warning C4828: The file contains a character starting at offset 0x5202b that is illegal in the current source character set (codepage 65001). [D:\Workspace\VS Workspace\HuaEngine\build\HuaEngine\HuaEngine.vcxproj]
  (compiling source file '../../HuaEngine/src/HuaEngine/Rendering/VertexBuffer.cpp')
  
D:\Workspace\VS Workspace\HuaEngine\Dependencies\entt\entt.hpp(13868,1): warning C4828: The file contains a character starting at offset 0x7f0c0 that is illegal in the current source character set (codepage 65001). [D:\Workspace\VS Workspace\HuaEngine\build\HuaEngine\HuaEngine.vcxproj]
  (compiling source file '../../HuaEngine/src/HuaEngine/Rendering/VertexBuffer.cpp')
  
D:\Workspace\VS Workspace\HuaEngine\Dependencies\entt\entt.hpp(13868,1): warning C4828: The file contains a character starting at offset 0x7f0c6 that is illegal in the current source character set (codepage 65001). [D:\Workspace\VS Workspace\HuaEngine\build\HuaEngine\HuaEngine.vcxproj]
  (compiling source file '../../HuaEngine/src/HuaEngine/Rendering/VertexBuffer.cpp')
  
D:\Workspace\VS Workspace\HuaEngine\Dependencies\entt\entt.hpp(59711,1): warning C4828: The file contains a character starting at offset 0x230043 that is illegal in the current source character set (codepage 65001). [D:\Workspace\VS Workspace\HuaEngine\build\HuaEngine\HuaEngine.vcxproj]
  (compiling source file '../../HuaEngine/src/HuaEngine/Rendering/VertexBuffer.cpp')
  
D:\Workspace\VS Workspace\HuaEngine\Dependencies\entt\entt.hpp(59711,1): warning C4828: The file contains a character starting at offset 0x230049 that is illegal in the current source character set (codepage 65001). [D:\Workspace\VS Workspace\HuaEngine\build\HuaEngine\HuaEngine.vcxproj]
  (compiling source file '../../HuaEngine/src/HuaEngine/Rendering/VertexBuffer.cpp')
  
D:\Workspace\VS Workspace\HuaEngine\Dependencies\entt\entt.hpp(71606,1): warning C4828: The file contains a character starting at offset 0x2a7cf1 that is illegal in the current source character set (codepage 65001). [D:\Workspace\VS Workspace\HuaEngine\build\HuaEngine\HuaEngine.vcxproj]
  (compiling source file '../../HuaEngine/src/HuaEngine/Rendering/VertexBuffer.cpp')
  
D:\Workspace\VS Workspace\HuaEngine\Dependencies\entt\entt.hpp(71606,1): warning C4828: The file contains a character starting at offset 0x2a7cf7 that is illegal in the current source character set (codepage 65001). [D:\Workspace\VS Workspace\HuaEngine\build\HuaEngine\HuaEngine.vcxproj]
  (compiling source file '../../HuaEngine/src/HuaEngine/Rendering/VertexBuffer.cpp')
  
D:\Workspace\VS Workspace\HuaEngine\Dependencies\entt\entt.hpp(91527,1): warning C4828: The file contains a character starting at offset 0x35f91d that is illegal in the current source character set (codepage 65001). [D:\Workspace\VS Workspace\HuaEngine\build\HuaEngine\HuaEngine.vcxproj]
  (compiling source file '../../HuaEngine/src/HuaEngine/Rendering/VertexBuffer.cpp')
  
D:\Workspace\VS Workspace\HuaEngine\Dependencies\entt\entt.hpp(91527,1): warning C4828: The file contains a character starting at offset 0x35f923 that is illegal in the current source character set (codepage 65001). [D:\Workspace\VS Workspace\HuaEngine\build\HuaEngine\HuaEngine.vcxproj]
  (compiling source file '../../HuaEngine/src/HuaEngine/Rendering/VertexBuffer.cpp')
  
D:\Workspace\VS Workspace\HuaEngine\Dependencies\entt\entt.hpp(6046,1): warning C4828: The file contains a character starting at offset 0x3a191 that is illegal in the current source character set (codepage 65001). [D:\Workspace\VS Workspace\HuaEngine\build\HuaEngine\HuaEngine.vcxproj]
  (compiling source file '../../HuaEngine/src/HuaEngine/Rendering/VertexBuffer.cpp')
  
D:\Workspace\VS Workspace\HuaEngine\Dependencies\entt\entt.hpp(6046,1): warning C4828: The file contains a character starting at offset 0x3a197 that is illegal in the current source character set (codepage 65001). [D:\Workspace\VS Workspace\HuaEngine\build\HuaEngine\HuaEngine.vcxproj]
  (compiling source file '../../HuaEngine/src/HuaEngine/Rendering/VertexBuffer.cpp')
  
D:\Workspace\VS Workspace\HuaEngine\Dependencies\entt\entt.hpp(8355,1): warning C4828: The file contains a character starting at offset 0x52025 that is illegal in the current source character set (codepage 65001). [D:\Workspace\VS Workspace\HuaEngine\build\HuaEngine\HuaEngine.vcxproj]
  (compiling source file '../../HuaEngine/src/HuaEngine/Rendering/VertexBuffer.cpp')
  
D:\Workspace\VS Workspace\HuaEngine\Dependencies\entt\entt.hpp(8355,1): warning C4828: The file contains a character starting at offset 0x5202b that is illegal in the current source character set (codepage 65001). [D:\Workspace\VS Workspace\HuaEngine\build\HuaEngine\HuaEngine.vcxproj]
  (compiling source file '../../HuaEngine/src/HuaEngine/Rendering/VertexBuffer.cpp')
  
D:\Workspace\VS Workspace\HuaEngine\Dependencies\entt\entt.hpp(13868,1): warning C4828: The file contains a character starting at offset 0x7f0c0 that is illegal in the current source character set (codepage 65001). [D:\Workspace\VS Workspace\HuaEngine\build\HuaEngine\HuaEngine.vcxproj]
  (compiling source file '../../HuaEngine/src/HuaEngine/Rendering/VertexBuffer.cpp')
  
D:\Workspace\VS Workspace\HuaEngine\Dependencies\entt\entt.hpp(13868,1): warning C4828: The file contains a character starting at offset 0x7f0c6 that is illegal in the current source character set (codepage 65001). [D:\Workspace\VS Workspace\HuaEngine\build\HuaEngine\HuaEngine.vcxproj]
  (compiling source file '../../HuaEngine/src/HuaEngine/Rendering/VertexBuffer.cpp')
  
D:\Workspace\VS Workspace\HuaEngine\Dependencies\entt\entt.hpp(59711,1): warning C4828: The file contains a character starting at offset 0x230043 that is illegal in the current source character set (codepage 65001). [D:\Workspace\VS Workspace\HuaEngine\build\HuaEngine\HuaEngine.vcxproj]
  (compiling source file '../../HuaEngine/src/HuaEngine/Rendering/VertexBuffer.cpp')
  
D:\Workspace\VS Workspace\HuaEngine\Dependencies\entt\entt.hpp(59711,1): warning C4828: The file contains a character starting at offset 0x230049 that is illegal in the current source character set (codepage 65001). [D:\Workspace\VS Workspace\HuaEngine\build\HuaEngine\HuaEngine.vcxproj]
  (compiling source file '../../HuaEngine/src/HuaEngine/Rendering/VertexBuffer.cpp')
  
D:\Workspace\VS Workspace\HuaEngine\Dependencies\entt\entt.hpp(71606,1): warning C4828: The file contains a character starting at offset 0x2a7cf1 that is illegal in the current source character set (codepage 65001). [D:\Workspace\VS Workspace\HuaEngine\build\HuaEngine\HuaEngine.vcxproj]
  (compiling source file '../../HuaEngine/src/HuaEngine/Rendering/VertexBuffer.cpp')
  
D:\Workspace\VS Workspace\HuaEngine\Dependencies\entt\entt.hpp(71606,1): warning C4828: The file contains a character starting at offset 0x2a7cf7 that is illegal in the current source character set (codepage 65001). [D:\Workspace\VS Workspace\HuaEngine\build\HuaEngine\HuaEngine.vcxproj]
  (compiling source file '../../HuaEngine/src/HuaEngine/Rendering/VertexBuffer.cpp')
  
D:\Workspace\VS Workspace\HuaEngine\Dependencies\entt\entt.hpp(91527,1): warning C4828: The file contains a character starting at offset 0x35f91d that is illegal in the current source character set (codepage 65001). [D:\Workspace\VS Workspace\HuaEngine\build\HuaEngine\HuaEngine.vcxproj]
  (compiling source file '../../HuaEngine/src/HuaEngine/Rendering/VertexBuffer.cpp')
  
D:\Workspace\VS Workspace\HuaEngine\Dependencies\entt\entt.hpp(91527,1): warning C4828: The file contains a character starting at offset 0x35f923 that is illegal in the current source character set (codepage 65001). [D:\Workspace\VS Workspace\HuaEngine\build\HuaEngine\HuaEngine.vcxproj]
  (compiling source file '../../HuaEngine/src/HuaEngine/Rendering/VertexBuffer.cpp')
  
D:\Workspace\VS Workspace\HuaEngine\HuaEngine\src\HuaEngine\ECS\Entity.h(29,44): error C3878: syntax error: unexpected token '>' following 'simple-type-specifier' [D:\Workspace\VS Workspace\HuaEngine\build\HuaEngine\HuaEngine.vcxproj]
  (compiling source file '../../HuaEngine/src/HuaEngine/Rendering/VertexBuffer.cpp')
      D:\Workspace\VS Workspace\HuaEngine\HuaEngine\src\HuaEngine\ECS\Entity.h(29,44):
      missing one of: '(' '{' ?
      D:\Workspace\VS Workspace\HuaEngine\HuaEngine\src\HuaEngine\ECS\Entity.h(28,8):
      This diagnostic occurred in the compiler generated function 'bool HE::Entity::HasComponent(void)'
  
D:\Workspace\VS Workspace\HuaEngine\HuaEngine\src\HuaEngine\ECS\Entity.h(29,44): error C3878: syntax error: unexpected token '>' following 'expression' [D:\Workspace\VS Workspace\HuaEngine\build\HuaEngine\HuaEngine.vcxproj]
  (compiling source file '../../HuaEngine/src/HuaEngine/Rendering/VertexBuffer.cpp')
      D:\Workspace\VS Workspace\HuaEngine\HuaEngine\src\HuaEngine\ECS\Entity.h(28,8):
      This diagnostic occurred in the compiler generated function 'bool HE::Entity::HasComponent(void)'
  
D:\Workspace\VS Workspace\HuaEngine\HuaEngine\src\HuaEngine\ECS\Entity.h(29,60): error C2760: syntax error: ')' was unexpected here; expected ';' [D:\Workspace\VS Workspace\HuaEngine\build\HuaEngine\HuaEngine.vcxproj]
  (compiling source file '../../HuaEngine/src/HuaEngine/Rendering/VertexBuffer.cpp')
      D:\Workspace\VS Workspace\HuaEngine\HuaEngine\src\HuaEngine\ECS\Entity.h(28,8):
      This diagnostic occurred in the compiler generated function 'bool HE::Entity::HasComponent(void)'
  
D:\Workspace\VS Workspace\HuaEngine\HuaEngine\src\HuaEngine\ECS\Entity.h(29,60): error C3878: syntax error: unexpected token ')' following 'jump-statement' [D:\Workspace\VS Workspace\HuaEngine\build\HuaEngine\HuaEngine.vcxproj]
  (compiling source file '../../HuaEngine/src/HuaEngine/Rendering/VertexBuffer.cpp')
      D:\Workspace\VS Workspace\HuaEngine\HuaEngine\src\HuaEngine\ECS\Entity.h(28,8):
      This diagnostic occurred in the compiler generated function 'bool HE::Entity::HasComponent(void)'
  
D:\Workspace\VS Workspace\HuaEngine\HuaEngine\src\HuaEngine\ECS\Components.h(42,3): error C2760: syntax error: '}' was unexpected here; expected ';' [D:\Workspace\VS Workspace\HuaEngine\build\HuaEngine\HuaEngine.vcxproj]
  (compiling source file '../../HuaEngine/src/HuaEngine/Rendering/VertexBuffer.cpp')
      D:\Workspace\VS Workspace\HuaEngine\HuaEngine\src\HuaEngine\ECS\Components.h(39,8):
      This diagnostic occurred in the compiler generated function 'void HE::NativeScriptComponent::Bind(void)'
  
D:\Workspace\VS Workspace\HuaEngine\Dependencies\entt\entt.hpp(6046,1): warning C4828: The file contains a character starting at offset 0x3a191 that is illegal in the current source character set (codepage 65001). [D:\Workspace\VS Workspace\HuaEngine\build\HuaEngine\HuaEngine.vcxproj]
  (compiling source file '../../HuaEngine/src/HuaEngine/Rendering/VertexBuffer.cpp')
  
D:\Workspace\VS Workspace\HuaEngine\Dependencies\entt\entt.hpp(6046,1): warning C4828: The file contains a character starting at offset 0x3a197 that is illegal in the current source character set (codepage 65001). [D:\Workspace\VS Workspace\HuaEngine\build\HuaEngine\HuaEngine.vcxproj]
  (compiling source file '../../HuaEngine/src/HuaEngine/Rendering/VertexBuffer.cpp')
  
D:\Workspace\VS Workspace\HuaEngine\Dependencies\entt\entt.hpp(8355,1): warning C4828: The file contains a character starting at offset 0x52025 that is illegal in the current source character set (codepage 65001). [D:\Workspace\VS Workspace\HuaEngine\build\HuaEngine\HuaEngine.vcxproj]
  (compiling source file '../../HuaEngine/src/HuaEngine/Rendering/VertexBuffer.cpp')
  
D:\Workspace\VS Workspace\HuaEngine\Dependencies\entt\entt.hpp(8355,1): warning C4828: The file contains a character starting at offset 0x5202b that is illegal in the current source character set (codepage 65001). [D:\Workspace\VS Workspace\HuaEngine\build\HuaEngine\HuaEngine.vcxproj]
  (compiling source file '../../HuaEngine/src/HuaEngine/Rendering/VertexBuffer.cpp')
  
D:\Workspace\VS Workspace\HuaEngine\Dependencies\entt\entt.hpp(13868,1): warning C4828: The file contains a character starting at offset 0x7f0c0 that is illegal in the current source character set (codepage 65001). [D:\Workspace\VS Workspace\HuaEngine\build\HuaEngine\HuaEngine.vcxproj]
  (compiling source file '../../HuaEngine/src/HuaEngine/Rendering/VertexBuffer.cpp')
  
D:\Workspace\VS Workspace\HuaEngine\Dependencies\entt\entt.hpp(13868,1): warning C4828: The file contains a character starting at offset 0x7f0c6 that is illegal in the current source character set (codepage 65001). [D:\Workspace\VS Workspace\HuaEngine\build\HuaEngine\HuaEngine.vcxproj]
  (compiling source file '../../HuaEngine/src/HuaEngine/Rendering/VertexBuffer.cpp')
  
D:\Workspace\VS Workspace\HuaEngine\Dependencies\entt\entt.hpp(59711,1): warning C4828: The file contains a character starting at offset 0x230043 that is illegal in the current source character set (codepage 65001). [D:\Workspace\VS Workspace\HuaEngine\build\HuaEngine\HuaEngine.vcxproj]
  (compiling source file '../../HuaEngine/src/HuaEngine/Rendering/VertexBuffer.cpp')
  
D:\Workspace\VS Workspace\HuaEngine\Dependencies\entt\entt.hpp(59711,1): warning C4828: The file contains a character starting at offset 0x230049 that is illegal in the current source character set (codepage 65001). [D:\Workspace\VS Workspace\HuaEngine\build\HuaEngine\HuaEngine.vcxproj]
  (compiling source file '../../HuaEngine/src/HuaEngine/Rendering/VertexBuffer.cpp')
  
D:\Workspace\VS Workspace\HuaEngine\Dependencies\entt\entt.hpp(71606,1): warning C4828: The file contains a character starting at offset 0x2a7cf1 that is illegal in the current source character set (codepage 65001). [D:\Workspace\VS Workspace\HuaEngine\build\HuaEngine\HuaEngine.vcxproj]
  (compiling source file '../../HuaEngine/src/HuaEngine/Rendering/VertexBuffer.cpp')
  
D:\Workspace\VS Workspace\HuaEngine\Dependencies\entt\entt.hpp(71606,1): warning C4828: The file contains a character starting at offset 0x2a7cf7 that is illegal in the current source character set (codepage 65001). [D:\Workspace\VS Workspace\HuaEngine\build\HuaEngine\HuaEngine.vcxproj]
  (compiling source file '../../HuaEngine/src/HuaEngine/Rendering/VertexBuffer.cpp')
  
D:\Workspace\VS Workspace\HuaEngine\Dependencies\entt\entt.hpp(91527,1): warning C4828: The file contains a character starting at offset 0x35f91d that is illegal in the current source character set (codepage 65001). [D:\Workspace\VS Workspace\HuaEngine\build\HuaEngine\HuaEngine.vcxproj]
  (compiling source file '../../HuaEngine/src/HuaEngine/Rendering/VertexBuffer.cpp')
  
D:\Workspace\VS Workspace\HuaEngine\Dependencies\entt\entt.hpp(91527,1): warning C4828: The file contains a character starting at offset 0x35f923 that is illegal in the current source character set (codepage 65001). [D:\Workspace\VS Workspace\HuaEngine\build\HuaEngine\HuaEngine.vcxproj]
  (compiling source file '../../HuaEngine/src/HuaEngine/Rendering/VertexBuffer.cpp')
  
  Scene.cpp
D:\Workspace\VS Workspace\HuaEngine\Dependencies\entt\entt.hpp(6046,1): warning C4828: The file contains a character starting at offset 0x3a191 that is illegal in the current source character set (codepage 65001). [D:\Workspace\VS Workspace\HuaEngine\build\HuaEngine\HuaEngine.vcxproj]
  (compiling source file '../../HuaEngine/src/HuaEngine/Scene/Scene.cpp')
  
D:\Workspace\VS Workspace\HuaEngine\Dependencies\entt\entt.hpp(6046,1): warning C4828: The file contains a character starting at offset 0x3a197 that is illegal in the current source character set (codepage 65001). [D:\Workspace\VS Workspace\HuaEngine\build\HuaEngine\HuaEngine.vcxproj]
  (compiling source file '../../HuaEngine/src/HuaEngine/Scene/Scene.cpp')
  
D:\Workspace\VS Workspace\HuaEngine\Dependencies\entt\entt.hpp(8355,1): warning C4828: The file contains a character starting at offset 0x52025 that is illegal in the current source character set (codepage 65001). [D:\Workspace\VS Workspace\HuaEngine\build\HuaEngine\HuaEngine.vcxproj]
  (compiling source file '../../HuaEngine/src/HuaEngine/Scene/Scene.cpp')
  
D:\Workspace\VS Workspace\HuaEngine\Dependencies\entt\entt.hpp(8355,1): warning C4828: The file contains a character starting at offset 0x5202b that is illegal in the current source character set (codepage 65001). [D:\Workspace\VS Workspace\HuaEngine\build\HuaEngine\HuaEngine.vcxproj]
  (compiling source file '../../HuaEngine/src/HuaEngine/Scene/Scene.cpp')
  
D:\Workspace\VS Workspace\HuaEngine\Dependencies\entt\entt.hpp(13868,1): warning C4828: The file contains a character starting at offset 0x7f0c0 that is illegal in the current source character set (codepage 65001). [D:\Workspace\VS Workspace\HuaEngine\build\HuaEngine\HuaEngine.vcxproj]
  (compiling source file '../../HuaEngine/src/HuaEngine/Scene/Scene.cpp')
  
D:\Workspace\VS Workspace\HuaEngine\Dependencies\entt\entt.hpp(13868,1): warning C4828: The file contains a character starting at offset 0x7f0c6 that is illegal in the current source character set (codepage 65001). [D:\Workspace\VS Workspace\HuaEngine\build\HuaEngine\HuaEngine.vcxproj]
  (compiling source file '../../HuaEngine/src/HuaEngine/Scene/Scene.cpp')
  
D:\Workspace\VS Workspace\HuaEngine\Dependencies\entt\entt.hpp(59711,1): warning C4828: The file contains a character starting at offset 0x230043 that is illegal in the current source character set (codepage 65001). [D:\Workspace\VS Workspace\HuaEngine\build\HuaEngine\HuaEngine.vcxproj]
  (compiling source file '../../HuaEngine/src/HuaEngine/Scene/Scene.cpp')
  
D:\Workspace\VS Workspace\HuaEngine\Dependencies\entt\entt.hpp(59711,1): warning C4828: The file contains a character starting at offset 0x230049 that is illegal in the current source character set (codepage 65001). [D:\Workspace\VS Workspace\HuaEngine\build\HuaEngine\HuaEngine.vcxproj]
  (compiling source file '../../HuaEngine/src/HuaEngine/Scene/Scene.cpp')
  
D:\Workspace\VS Workspace\HuaEngine\Dependencies\entt\entt.hpp(71606,1): warning C4828: The file contains a character starting at offset 0x2a7cf1 that is illegal in the current source character set (codepage 65001). [D:\Workspace\VS Workspace\HuaEngine\build\HuaEngine\HuaEngine.vcxproj]
  (compiling source file '../../HuaEngine/src/HuaEngine/Scene/Scene.cpp')
  
D:\Workspace\VS Workspace\HuaEngine\Dependencies\entt\entt.hpp(71606,1): warning C4828: The file contains a character starting at offset 0x2a7cf7 that is illegal in the current source character set (codepage 65001). [D:\Workspace\VS Workspace\HuaEngine\build\HuaEngine\HuaEngine.vcxproj]
  (compiling source file '../../HuaEngine/src/HuaEngine/Scene/Scene.cpp')
  
D:\Workspace\VS Workspace\HuaEngine\Dependencies\entt\entt.hpp(91527,1): warning C4828: The file contains a character starting at offset 0x35f91d that is illegal in the current source character set (codepage 65001). [D:\Workspace\VS Workspace\HuaEngine\build\HuaEngine\HuaEngine.vcxproj]
  (compiling source file '../../HuaEngine/src/HuaEngine/Scene/Scene.cpp')
  
D:\Workspace\VS Workspace\HuaEngine\Dependencies\entt\entt.hpp(91527,1): warning C4828: The file contains a character starting at offset 0x35f923 that is illegal in the current source character set (codepage 65001). [D:\Workspace\VS Workspace\HuaEngine\build\HuaEngine\HuaEngine.vcxproj]
  (compiling source file '../../HuaEngine/src/HuaEngine/Scene/Scene.cpp')
  
D:\Workspace\VS Workspace\HuaEngine\Dependencies\entt\entt.hpp(6046,1): warning C4828: The file contains a character starting at offset 0x3a191 that is illegal in the current source character set (codepage 65001). [D:\Workspace\VS Workspace\HuaEngine\build\HuaEngine\HuaEngine.vcxproj]
  (compiling source file '../../HuaEngine/src/HuaEngine/Scene/Scene.cpp')
  
D:\Workspace\VS Workspace\HuaEngine\Dependencies\entt\entt.hpp(6046,1): warning C4828: The file contains a character starting at offset 0x3a197 that is illegal in the current source character set (codepage 65001). [D:\Workspace\VS Workspace\HuaEngine\build\HuaEngine\HuaEngine.vcxproj]
  (compiling source file '../../HuaEngine/src/HuaEngine/Scene/Scene.cpp')
  
D:\Workspace\VS Workspace\HuaEngine\Dependencies\entt\entt.hpp(8355,1): warning C4828: The file contains a character starting at offset 0x52025 that is illegal in the current source character set (codepage 65001). [D:\Workspace\VS Workspace\HuaEngine\build\HuaEngine\HuaEngine.vcxproj]
  (compiling source file '../../HuaEngine/src/HuaEngine/Scene/Scene.cpp')
  
D:\Workspace\VS Workspace\HuaEngine\Dependencies\entt\entt.hpp(8355,1): warning C4828: The file contains a character starting at offset 0x5202b that is illegal in the current source character set (codepage 65001). [D:\Workspace\VS Workspace\HuaEngine\build\HuaEngine\HuaEngine.vcxproj]
  (compiling source file '../../HuaEngine/src/HuaEngine/Scene/Scene.cpp')
  
D:\Workspace\VS Workspace\HuaEngine\Dependencies\entt\entt.hpp(13868,1): warning C4828: The file contains a character starting at offset 0x7f0c0 that is illegal in the current source character set (codepage 65001). [D:\Workspace\VS Workspace\HuaEngine\build\HuaEngine\HuaEngine.vcxproj]
  (compiling source file '../../HuaEngine/src/HuaEngine/Scene/Scene.cpp')
  
D:\Workspace\VS Workspace\HuaEngine\Dependencies\entt\entt.hpp(13868,1): warning C4828: The file contains a character starting at offset 0x7f0c6 that is illegal in the current source character set (codepage 65001). [D:\Workspace\VS Workspace\HuaEngine\build\HuaEngine\HuaEngine.vcxproj]
  (compiling source file '../../HuaEngine/src/HuaEngine/Scene/Scene.cpp')
  
D:\Workspace\VS Workspace\HuaEngine\Dependencies\entt\entt.hpp(59711,1): warning C4828: The file contains a character starting at offset 0x230043 that is illegal in the current source character set (codepage 65001). [D:\Workspace\VS Workspace\HuaEngine\build\HuaEngine\HuaEngine.vcxproj]
  (compiling source file '../../HuaEngine/src/HuaEngine/Scene/Scene.cpp')
  
D:\Workspace\VS Workspace\HuaEngine\Dependencies\entt\entt.hpp(59711,1): warning C4828: The file contains a character starting at offset 0x230049 that is illegal in the current source character set (codepage 65001). [D:\Workspace\VS Workspace\HuaEngine\build\HuaEngine\HuaEngine.vcxproj]
  (compiling source file '../../HuaEngine/src/HuaEngine/Scene/Scene.cpp')
  
D:\Workspace\VS Workspace\HuaEngine\Dependencies\entt\entt.hpp(71606,1): warning C4828: The file contains a character starting at offset 0x2a7cf1 that is illegal in the current source character set (codepage 65001). [D:\Workspace\VS Workspace\HuaEngine\build\HuaEngine\HuaEngine.vcxproj]
  (compiling source file '../../HuaEngine/src/HuaEngine/Scene/Scene.cpp')
  
D:\Workspace\VS Workspace\HuaEngine\Dependencies\entt\entt.hpp(71606,1): warning C4828: The file contains a character starting at offset 0x2a7cf7 that is illegal in the current source character set (codepage 65001). [D:\Workspace\VS Workspace\HuaEngine\build\HuaEngine\HuaEngine.vcxproj]
  (compiling source file '../../HuaEngine/src/HuaEngine/Scene/Scene.cpp')
  
D:\Workspace\VS Workspace\HuaEngine\Dependencies\entt\entt.hpp(91527,1): warning C4828: The file contains a character starting at offset 0x35f91d that is illegal in the current source character set (codepage 65001). [D:\Workspace\VS Workspace\HuaEngine\build\HuaEngine\HuaEngine.vcxproj]
  (compiling source file '../../HuaEngine/src/HuaEngine/Scene/Scene.cpp')
  
D:\Workspace\VS Workspace\HuaEngine\Dependencies\entt\entt.hpp(91527,1): warning C4828: The file contains a character starting at offset 0x35f923 that is illegal in the current source character set (codepage 65001). [D:\Workspace\VS Workspace\HuaEngine\build\HuaEngine\HuaEngine.vcxproj]
  (compiling source file '../../HuaEngine/src/HuaEngine/Scene/Scene.cpp')
  
D:\Workspace\VS Workspace\HuaEngine\HuaEngine\src\HuaEngine\ECS\Entity.h(29,44): error C3878: syntax error: unexpected token '>' following 'simple-type-specifier' [D:\Workspace\VS Workspace\HuaEngine\build\HuaEngine\HuaEngine.vcxproj]
  (compiling source file '../../HuaEngine/src/HuaEngine/Scene/Scene.cpp')
      D:\Workspace\VS Workspace\HuaEngine\HuaEngine\src\HuaEngine\ECS\Entity.h(29,44):
      missing one of: '(' '{' ?
      D:\Workspace\VS Workspace\HuaEngine\HuaEngine\src\HuaEngine\ECS\Entity.h(28,8):
      This diagnostic occurred in the compiler generated function 'bool HE::Entity::HasComponent(void)'
  
D:\Workspace\VS Workspace\HuaEngine\HuaEngine\src\HuaEngine\ECS\Entity.h(29,44): error C3878: syntax error: unexpected token '>' following 'expression' [D:\Workspace\VS Workspace\HuaEngine\build\HuaEngine\HuaEngine.vcxproj]
  (compiling source file '../../HuaEngine/src/HuaEngine/Scene/Scene.cpp')
      D:\Workspace\VS Workspace\HuaEngine\HuaEngine\src\HuaEngine\ECS\Entity.h(28,8):
      This diagnostic occurred in the compiler generated function 'bool HE::Entity::HasComponent(void)'
  
D:\Workspace\VS Workspace\HuaEngine\HuaEngine\src\HuaEngine\ECS\Entity.h(29,60): error C2760: syntax error: ')' was unexpected here; expected ';' [D:\Workspace\VS Workspace\HuaEngine\build\HuaEngine\HuaEngine.vcxproj]
  (compiling source file '../../HuaEngine/src/HuaEngine/Scene/Scene.cpp')
      D:\Workspace\VS Workspace\HuaEngine\HuaEngine\src\HuaEngine\ECS\Entity.h(28,8):
      This diagnostic occurred in the compiler generated function 'bool HE::Entity::HasComponent(void)'
  
D:\Workspace\VS Workspace\HuaEngine\HuaEngine\src\HuaEngine\ECS\Entity.h(29,60): error C3878: syntax error: unexpected token ')' following 'jump-statement' [D:\Workspace\VS Workspace\HuaEngine\build\HuaEngine\HuaEngine.vcxproj]
  (compiling source file '../../HuaEngine/src/HuaEngine/Scene/Scene.cpp')
      D:\Workspace\VS Workspace\HuaEngine\HuaEngine\src\HuaEngine\ECS\Entity.h(28,8):
      This diagnostic occurred in the compiler generated function 'bool HE::Entity::HasComponent(void)'
  
  SceneSerializer.cpp
D:\Workspace\VS Workspace\HuaEngine\Dependencies\entt\entt.hpp(6046,1): warning C4828: The file contains a character starting at offset 0x3a191 that is illegal in the current source character set (codepage 65001). [D:\Workspace\VS Workspace\HuaEngine\build\HuaEngine\HuaEngine.vcxproj]
  (compiling source file '../../HuaEngine/src/HuaEngine/Scene/SceneSerializer.cpp')
  
D:\Workspace\VS Workspace\HuaEngine\Dependencies\entt\entt.hpp(6046,1): warning C4828: The file contains a character starting at offset 0x3a197 that is illegal in the current source character set (codepage 65001). [D:\Workspace\VS Workspace\HuaEngine\build\HuaEngine\HuaEngine.vcxproj]
  (compiling source file '../../HuaEngine/src/HuaEngine/Scene/SceneSerializer.cpp')
  
D:\Workspace\VS Workspace\HuaEngine\Dependencies\entt\entt.hpp(8355,1): warning C4828: The file contains a character starting at offset 0x52025 that is illegal in the current source character set (codepage 65001). [D:\Workspace\VS Workspace\HuaEngine\build\HuaEngine\HuaEngine.vcxproj]
  (compiling source file '../../HuaEngine/src/HuaEngine/Scene/SceneSerializer.cpp')
  
D:\Workspace\VS Workspace\HuaEngine\Dependencies\entt\entt.hpp(8355,1): warning C4828: The file contains a character starting at offset 0x5202b that is illegal in the current source character set (codepage 65001). [D:\Workspace\VS Workspace\HuaEngine\build\HuaEngine\HuaEngine.vcxproj]
  (compiling source file '../../HuaEngine/src/HuaEngine/Scene/SceneSerializer.cpp')
  
D:\Workspace\VS Workspace\HuaEngine\Dependencies\entt\entt.hpp(13868,1): warning C4828: The file contains a character starting at offset 0x7f0c0 that is illegal in the current source character set (codepage 65001). [D:\Workspace\VS Workspace\HuaEngine\build\HuaEngine\HuaEngine.vcxproj]
  (compiling source file '../../HuaEngine/src/HuaEngine/Scene/SceneSerializer.cpp')
  
D:\Workspace\VS Workspace\HuaEngine\Dependencies\entt\entt.hpp(13868,1): warning C4828: The file contains a character starting at offset 0x7f0c6 that is illegal in the current source character set (codepage 65001). [D:\Workspace\VS Workspace\HuaEngine\build\HuaEngine\HuaEngine.vcxproj]
  (compiling source file '../../HuaEngine/src/HuaEngine/Scene/SceneSerializer.cpp')
  
D:\Workspace\VS Workspace\HuaEngine\Dependencies\entt\entt.hpp(59711,1): warning C4828: The file contains a character starting at offset 0x230043 that is illegal in the current source character set (codepage 65001). [D:\Workspace\VS Workspace\HuaEngine\build\HuaEngine\HuaEngine.vcxproj]
  (compiling source file '../../HuaEngine/src/HuaEngine/Scene/SceneSerializer.cpp')
  
D:\Workspace\VS Workspace\HuaEngine\Dependencies\entt\entt.hpp(59711,1): warning C4828: The file contains a character starting at offset 0x230049 that is illegal in the current source character set (codepage 65001). [D:\Workspace\VS Workspace\HuaEngine\build\HuaEngine\HuaEngine.vcxproj]
  (compiling source file '../../HuaEngine/src/HuaEngine/Scene/SceneSerializer.cpp')
  
D:\Workspace\VS Workspace\HuaEngine\Dependencies\entt\entt.hpp(71606,1): warning C4828: The file contains a character starting at offset 0x2a7cf1 that is illegal in the current source character set (codepage 65001). [D:\Workspace\VS Workspace\HuaEngine\build\HuaEngine\HuaEngine.vcxproj]
  (compiling source file '../../HuaEngine/src/HuaEngine/Scene/SceneSerializer.cpp')
  
D:\Workspace\VS Workspace\HuaEngine\Dependencies\entt\entt.hpp(71606,1): warning C4828: The file contains a character starting at offset 0x2a7cf7 that is illegal in the current source character set (codepage 65001). [D:\Workspace\VS Workspace\HuaEngine\build\HuaEngine\HuaEngine.vcxproj]
  (compiling source file '../../HuaEngine/src/HuaEngine/Scene/SceneSerializer.cpp')
  
D:\Workspace\VS Workspace\HuaEngine\Dependencies\entt\entt.hpp(91527,1): warning C4828: The file contains a character starting at offset 0x35f91d that is illegal in the current source character set (codepage 65001). [D:\Workspace\VS Workspace\HuaEngine\build\HuaEngine\HuaEngine.vcxproj]
  (compiling source file '../../HuaEngine/src/HuaEngine/Scene/SceneSerializer.cpp')
  
D:\Workspace\VS Workspace\HuaEngine\Dependencies\entt\entt.hpp(91527,1): warning C4828: The file contains a character starting at offset 0x35f923 that is illegal in the current source character set (codepage 65001). [D:\Workspace\VS Workspace\HuaEngine\build\HuaEngine\HuaEngine.vcxproj]
  (compiling source file '../../HuaEngine/src/HuaEngine/Scene/SceneSerializer.cpp')
  
D:\Workspace\VS Workspace\HuaEngine\Dependencies\entt\entt.hpp(6046,1): warning C4828: The file contains a character starting at offset 0x3a191 that is illegal in the current source character set (codepage 65001). [D:\Workspace\VS Workspace\HuaEngine\build\HuaEngine\HuaEngine.vcxproj]
  (compiling source file '../../HuaEngine/src/HuaEngine/Scene/SceneSerializer.cpp')
  
D:\Workspace\VS Workspace\HuaEngine\Dependencies\entt\entt.hpp(6046,1): warning C4828: The file contains a character starting at offset 0x3a197 that is illegal in the current source character set (codepage 65001). [D:\Workspace\VS Workspace\HuaEngine\build\HuaEngine\HuaEngine.vcxproj]
  (compiling source file '../../HuaEngine/src/HuaEngine/Scene/SceneSerializer.cpp')
  
D:\Workspace\VS Workspace\HuaEngine\Dependencies\entt\entt.hpp(8355,1): warning C4828: The file contains a character starting at offset 0x52025 that is illegal in the current source character set (codepage 65001). [D:\Workspace\VS Workspace\HuaEngine\build\HuaEngine\HuaEngine.vcxproj]
  (compiling source file '../../HuaEngine/src/HuaEngine/Scene/SceneSerializer.cpp')
  
D:\Workspace\VS Workspace\HuaEngine\Dependencies\entt\entt.hpp(8355,1): warning C4828: The file contains a character starting at offset 0x5202b that is illegal in the current source character set (codepage 65001). [D:\Workspace\VS Workspace\HuaEngine\build\HuaEngine\HuaEngine.vcxproj]
  (compiling source file '../../HuaEngine/src/HuaEngine/Scene/SceneSerializer.cpp')
  
D:\Workspace\VS Workspace\HuaEngine\Dependencies\entt\entt.hpp(13868,1): warning C4828: The file contains a character starting at offset 0x7f0c0 that is illegal in the current source character set (codepage 65001). [D:\Workspace\VS Workspace\HuaEngine\build\HuaEngine\HuaEngine.vcxproj]
  (compiling source file '../../HuaEngine/src/HuaEngine/Scene/SceneSerializer.cpp')
  
D:\Workspace\VS Workspace\HuaEngine\Dependencies\entt\entt.hpp(13868,1): warning C4828: The file contains a character starting at offset 0x7f0c6 that is illegal in the current source character set (codepage 65001). [D:\Workspace\VS Workspace\HuaEngine\build\HuaEngine\HuaEngine.vcxproj]
  (compiling source file '../../HuaEngine/src/HuaEngine/Scene/SceneSerializer.cpp')
  
D:\Workspace\VS Workspace\HuaEngine\Dependencies\entt\entt.hpp(59711,1): warning C4828: The file contains a character starting at offset 0x230043 that is illegal in the current source character set (codepage 65001). [D:\Workspace\VS Workspace\HuaEngine\build\HuaEngine\HuaEngine.vcxproj]
  (compiling source file '../../HuaEngine/src/HuaEngine/Scene/SceneSerializer.cpp')
  
D:\Workspace\VS Workspace\HuaEngine\Dependencies\entt\entt.hpp(59711,1): warning C4828: The file contains a character starting at offset 0x230049 that is illegal in the current source character set (codepage 65001). [D:\Workspace\VS Workspace\HuaEngine\build\HuaEngine\HuaEngine.vcxproj]
  (compiling source file '../../HuaEngine/src/HuaEngine/Scene/SceneSerializer.cpp')
  
D:\Workspace\VS Workspace\HuaEngine\Dependencies\entt\entt.hpp(71606,1): warning C4828: The file contains a character starting at offset 0x2a7cf1 that is illegal in the current source character set (codepage 65001). [D:\Workspace\VS Workspace\HuaEngine\build\HuaEngine\HuaEngine.vcxproj]
  (compiling source file '../../HuaEngine/src/HuaEngine/Scene/SceneSerializer.cpp')
  
D:\Workspace\VS Workspace\HuaEngine\Dependencies\entt\entt.hpp(71606,1): warning C4828: The file contains a character starting at offset 0x2a7cf7 that is illegal in the current source character set (codepage 65001). [D:\Workspace\VS Workspace\HuaEngine\build\HuaEngine\HuaEngine.vcxproj]
  (compiling source file '../../HuaEngine/src/HuaEngine/Scene/SceneSerializer.cpp')
  
D:\Workspace\VS Workspace\HuaEngine\Dependencies\entt\entt.hpp(91527,1): warning C4828: The file contains a character starting at offset 0x35f91d that is illegal in the current source character set (codepage 65001). [D:\Workspace\VS Workspace\HuaEngine\build\HuaEngine\HuaEngine.vcxproj]
  (compiling source file '../../HuaEngine/src/HuaEngine/Scene/SceneSerializer.cpp')
  
D:\Workspace\VS Workspace\HuaEngine\Dependencies\entt\entt.hpp(91527,1): warning C4828: The file contains a character starting at offset 0x35f923 that is illegal in the current source character set (codepage 65001). [D:\Workspace\VS Workspace\HuaEngine\build\HuaEngine\HuaEngine.vcxproj]
  (compiling source file '../../HuaEngine/src/HuaEngine/Scene/SceneSerializer.cpp')
  
D:\Workspace\VS Workspace\HuaEngine\HuaEngine\src\HuaEngine\ECS\Entity.h(29,44): error C3878: syntax error: unexpected token '>' following 'simple-type-specifier' [D:\Workspace\VS Workspace\HuaEngine\build\HuaEngine\HuaEngine.vcxproj]
  (compiling source file '../../HuaEngine/src/HuaEngine/Scene/SceneSerializer.cpp')
      D:\Workspace\VS Workspace\HuaEngine\HuaEngine\src\HuaEngine\ECS\Entity.h(29,44):
      missing one of: '(' '{' ?
      D:\Workspace\VS Workspace\HuaEngine\HuaEngine\src\HuaEngine\ECS\Entity.h(28,8):
      This diagnostic occurred in the compiler generated function 'bool HE::Entity::HasComponent(void)'
  
D:\Workspace\VS Workspace\HuaEngine\HuaEngine\src\HuaEngine\ECS\Entity.h(29,44): error C3878: syntax error: unexpected token '>' following 'expression' [D:\Workspace\VS Workspace\HuaEngine\build\HuaEngine\HuaEngine.vcxproj]
  (compiling source file '../../HuaEngine/src/HuaEngine/Scene/SceneSerializer.cpp')
      D:\Workspace\VS Workspace\HuaEngine\HuaEngine\src\HuaEngine\ECS\Entity.h(28,8):
      This diagnostic occurred in the compiler generated function 'bool HE::Entity::HasComponent(void)'
  
D:\Workspace\VS Workspace\HuaEngine\HuaEngine\src\HuaEngine\ECS\Entity.h(29,60): error C2760: syntax error: ')' was unexpected here; expected ';' [D:\Workspace\VS Workspace\HuaEngine\build\HuaEngine\HuaEngine.vcxproj]
  (compiling source file '../../HuaEngine/src/HuaEngine/Scene/SceneSerializer.cpp')
      D:\Workspace\VS Workspace\HuaEngine\HuaEngine\src\HuaEngine\ECS\Entity.h(28,8):
      This diagnostic occurred in the compiler generated function 'bool HE::Entity::HasComponent(void)'
  
D:\Workspace\VS Workspace\HuaEngine\HuaEngine\src\HuaEngine\ECS\Entity.h(29,60): error C3878: syntax error: unexpected token ')' following 'jump-statement' [D:\Workspace\VS Workspace\HuaEngine\build\HuaEngine\HuaEngine.vcxproj]
  (compiling source file '../../HuaEngine/src/HuaEngine/Scene/SceneSerializer.cpp')
      D:\Workspace\VS Workspace\HuaEngine\HuaEngine\src\HuaEngine\ECS\Entity.h(28,8):
      This diagnostic occurred in the compiler generated function 'bool HE::Entity::HasComponent(void)'
  
D:\Workspace\VS Workspace\HuaEngine\HuaEngine\src\HuaEngine\Reflection\TypeList.h(95,70): error C3878: syntax error: unexpected token ';' following 'typename-specifier' [D:\Workspace\VS Workspace\HuaEngine\build\HuaEngine\HuaEngine.vcxproj]
  (compiling source file '../../HuaEngine/src/HuaEngine/Scene/SceneSerializer.cpp')
      D:\Workspace\VS Workspace\HuaEngine\HuaEngine\src\HuaEngine\Reflection\TypeList.h(95,70):
      missing one of: '(' '{' ?
  
D:\Workspace\VS Workspace\HuaEngine\HuaEngine\src\HuaEngine\ECS\Components.h(42,3): error C2760: syntax error: '}' was unexpected here; expected ';' [D:\Workspace\VS Workspace\HuaEngine\build\HuaEngine\HuaEngine.vcxproj]
  (compiling source file '../../HuaEngine/src/HuaEngine/Scene/SceneSerializer.cpp')
      D:\Workspace\VS Workspace\HuaEngine\HuaEngine\src\HuaEngine\ECS\Components.h(39,8):
      This diagnostic occurred in the compiler generated function 'void HE::NativeScriptComponent::Bind(void)'
  
D:\Workspace\VS Workspace\HuaEngine\Dependencies\entt\entt.hpp(6046,1): warning C4828: The file contains a character starting at offset 0x3a191 that is illegal in the current source character set (codepage 65001). [D:\Workspace\VS Workspace\HuaEngine\build\HuaEngine\HuaEngine.vcxproj]
  (compiling source file '../../HuaEngine/src/HuaEngine/Scene/SceneSerializer.cpp')
  
D:\Workspace\VS Workspace\HuaEngine\Dependencies\entt\entt.hpp(6046,1): warning C4828: The file contains a character starting at offset 0x3a197 that is illegal in the current source character set (codepage 65001). [D:\Workspace\VS Workspace\HuaEngine\build\HuaEngine\HuaEngine.vcxproj]
  (compiling source file '../../HuaEngine/src/HuaEngine/Scene/SceneSerializer.cpp')
  
D:\Workspace\VS Workspace\HuaEngine\Dependencies\entt\entt.hpp(8355,1): warning C4828: The file contains a character starting at offset 0x52025 that is illegal in the current source character set (codepage 65001). [D:\Workspace\VS Workspace\HuaEngine\build\HuaEngine\HuaEngine.vcxproj]
  (compiling source file '../../HuaEngine/src/HuaEngine/Scene/SceneSerializer.cpp')
  
D:\Workspace\VS Workspace\HuaEngine\Dependencies\entt\entt.hpp(8355,1): warning C4828: The file contains a character starting at offset 0x5202b that is illegal in the current source character set (codepage 65001). [D:\Workspace\VS Workspace\HuaEngine\build\HuaEngine\HuaEngine.vcxproj]
  (compiling source file '../../HuaEngine/src/HuaEngine/Scene/SceneSerializer.cpp')
  
D:\Workspace\VS Workspace\HuaEngine\Dependencies\entt\entt.hpp(13868,1): warning C4828: The file contains a character starting at offset 0x7f0c0 that is illegal in the current source character set (codepage 65001). [D:\Workspace\VS Workspace\HuaEngine\build\HuaEngine\HuaEngine.vcxproj]
  (compiling source file '../../HuaEngine/src/HuaEngine/Scene/SceneSerializer.cpp')
  
D:\Workspace\VS Workspace\HuaEngine\Dependencies\entt\entt.hpp(13868,1): warning C4828: The file contains a character starting at offset 0x7f0c6 that is illegal in the current source character set (codepage 65001). [D:\Workspace\VS Workspace\HuaEngine\build\HuaEngine\HuaEngine.vcxproj]
  (compiling source file '../../HuaEngine/src/HuaEngine/Scene/SceneSerializer.cpp')
  
D:\Workspace\VS Workspace\HuaEngine\Dependencies\entt\entt.hpp(59711,1): warning C4828: The file contains a character starting at offset 0x230043 that is illegal in the current source character set (codepage 65001). [D:\Workspace\VS Workspace\HuaEngine\build\HuaEngine\HuaEngine.vcxproj]
  (compiling source file '../../HuaEngine/src/HuaEngine/Scene/SceneSerializer.cpp')
  
D:\Workspace\VS Workspace\HuaEngine\Dependencies\entt\entt.hpp(59711,1): warning C4828: The file contains a character starting at offset 0x230049 that is illegal in the current source character set (codepage 65001). [D:\Workspace\VS Workspace\HuaEngine\build\HuaEngine\HuaEngine.vcxproj]
  (compiling source file '../../HuaEngine/src/HuaEngine/Scene/SceneSerializer.cpp')
  
D:\Workspace\VS Workspace\HuaEngine\Dependencies\entt\entt.hpp(71606,1): warning C4828: The file contains a character starting at offset 0x2a7cf1 that is illegal in the current source character set (codepage 65001). [D:\Workspace\VS Workspace\HuaEngine\build\HuaEngine\HuaEngine.vcxproj]
  (compiling source file '../../HuaEngine/src/HuaEngine/Scene/SceneSerializer.cpp')
  
D:\Workspace\VS Workspace\HuaEngine\Dependencies\entt\entt.hpp(71606,1): warning C4828: The file contains a character starting at offset 0x2a7cf7 that is illegal in the current source character set (codepage 65001). [D:\Workspace\VS Workspace\HuaEngine\build\HuaEngine\HuaEngine.vcxproj]
  (compiling source file '../../HuaEngine/src/HuaEngine/Scene/SceneSerializer.cpp')
  
D:\Workspace\VS Workspace\HuaEngine\Dependencies\entt\entt.hpp(91527,1): warning C4828: The file contains a character starting at offset 0x35f91d that is illegal in the current source character set (codepage 65001). [D:\Workspace\VS Workspace\HuaEngine\build\HuaEngine\HuaEngine.vcxproj]
  (compiling source file '../../HuaEngine/src/HuaEngine/Scene/SceneSerializer.cpp')
  
D:\Workspace\VS Workspace\HuaEngine\Dependencies\entt\entt.hpp(91527,1): warning C4828: The file contains a character starting at offset 0x35f923 that is illegal in the current source character set (codepage 65001). [D:\Workspace\VS Workspace\HuaEngine\build\HuaEngine\HuaEngine.vcxproj]
  (compiling source file '../../HuaEngine/src/HuaEngine/Scene/SceneSerializer.cpp')
  
  JsonSerializationBackend.cpp
D:\Workspace\VS Workspace\HuaEngine\HuaEngine\src\HuaEngine\Reflection\TypeList.h(95,70): error C3878: syntax error: unexpected token ';' following 'typename-specifier' [D:\Workspace\VS Workspace\HuaEngine\build\HuaEngine\HuaEngine.vcxproj]
  (compiling source file '../../HuaEngine/src/HuaEngine/Serialization/JsonSerializationBackend.cpp')
      D:\Workspace\VS Workspace\HuaEngine\HuaEngine\src\HuaEngine\Reflection\TypeList.h(95,70):
      missing one of: '(' '{' ?
  
  Serialization.cpp
D:\Workspace\VS Workspace\HuaEngine\HuaEngine\src\HuaEngine\Reflection\TypeList.h(95,70): error C3878: syntax error: unexpected token ';' following 'typename-specifier' [D:\Workspace\VS Workspace\HuaEngine\build\HuaEngine\HuaEngine.vcxproj]
  (compiling source file '../../HuaEngine/src/HuaEngine/Serialization/Serialization.cpp')
      D:\Workspace\VS Workspace\HuaEngine\HuaEngine\src\HuaEngine\Reflection\TypeList.h(95,70):
      missing one of: '(' '{' ?
  
D:\Workspace\VS Workspace\HuaEngine\Dependencies\entt\entt.hpp(6046,1): warning C4828: The file contains a character starting at offset 0x3a191 that is illegal in the current source character set (codepage 65001). [D:\Workspace\VS Workspace\HuaEngine\build\HuaEngine\HuaEngine.vcxproj]
  (compiling source file '../../HuaEngine/src/HuaEngine/Serialization/Serialization.cpp')
  
D:\Workspace\VS Workspace\HuaEngine\Dependencies\entt\entt.hpp(6046,1): warning C4828: The file contains a character starting at offset 0x3a197 that is illegal in the current source character set (codepage 65001). [D:\Workspace\VS Workspace\HuaEngine\build\HuaEngine\HuaEngine.vcxproj]
  (compiling source file '../../HuaEngine/src/HuaEngine/Serialization/Serialization.cpp')
  
D:\Workspace\VS Workspace\HuaEngine\Dependencies\entt\entt.hpp(8355,1): warning C4828: The file contains a character starting at offset 0x52025 that is illegal in the current source character set (codepage 65001). [D:\Workspace\VS Workspace\HuaEngine\build\HuaEngine\HuaEngine.vcxproj]
  (compiling source file '../../HuaEngine/src/HuaEngine/Serialization/Serialization.cpp')
  
D:\Workspace\VS Workspace\HuaEngine\Dependencies\entt\entt.hpp(8355,1): warning C4828: The file contains a character starting at offset 0x5202b that is illegal in the current source character set (codepage 65001). [D:\Workspace\VS Workspace\HuaEngine\build\HuaEngine\HuaEngine.vcxproj]
  (compiling source file '../../HuaEngine/src/HuaEngine/Serialization/Serialization.cpp')
  
D:\Workspace\VS Workspace\HuaEngine\Dependencies\entt\entt.hpp(13868,1): warning C4828: The file contains a character starting at offset 0x7f0c0 that is illegal in the current source character set (codepage 65001). [D:\Workspace\VS Workspace\HuaEngine\build\HuaEngine\HuaEngine.vcxproj]
  (compiling source file '../../HuaEngine/src/HuaEngine/Serialization/Serialization.cpp')
  
D:\Workspace\VS Workspace\HuaEngine\Dependencies\entt\entt.hpp(13868,1): warning C4828: The file contains a character starting at offset 0x7f0c6 that is illegal in the current source character set (codepage 65001). [D:\Workspace\VS Workspace\HuaEngine\build\HuaEngine\HuaEngine.vcxproj]
  (compiling source file '../../HuaEngine/src/HuaEngine/Serialization/Serialization.cpp')
  
D:\Workspace\VS Workspace\HuaEngine\Dependencies\entt\entt.hpp(59711,1): warning C4828: The file contains a character starting at offset 0x230043 that is illegal in the current source character set (codepage 65001). [D:\Workspace\VS Workspace\HuaEngine\build\HuaEngine\HuaEngine.vcxproj]
  (compiling source file '../../HuaEngine/src/HuaEngine/Serialization/Serialization.cpp')
  
D:\Workspace\VS Workspace\HuaEngine\Dependencies\entt\entt.hpp(59711,1): warning C4828: The file contains a character starting at offset 0x230049 that is illegal in the current source character set (codepage 65001). [D:\Workspace\VS Workspace\HuaEngine\build\HuaEngine\HuaEngine.vcxproj]
  (compiling source file '../../HuaEngine/src/HuaEngine/Serialization/Serialization.cpp')
  
D:\Workspace\VS Workspace\HuaEngine\Dependencies\entt\entt.hpp(71606,1): warning C4828: The file contains a character starting at offset 0x2a7cf1 that is illegal in the current source character set (codepage 65001). [D:\Workspace\VS Workspace\HuaEngine\build\HuaEngine\HuaEngine.vcxproj]
  (compiling source file '../../HuaEngine/src/HuaEngine/Serialization/Serialization.cpp')
  
D:\Workspace\VS Workspace\HuaEngine\Dependencies\entt\entt.hpp(71606,1): warning C4828: The file contains a character starting at offset 0x2a7cf7 that is illegal in the current source character set (codepage 65001). [D:\Workspace\VS Workspace\HuaEngine\build\HuaEngine\HuaEngine.vcxproj]
  (compiling source file '../../HuaEngine/src/HuaEngine/Serialization/Serialization.cpp')
  
D:\Workspace\VS Workspace\HuaEngine\Dependencies\entt\entt.hpp(91527,1): warning C4828: The file contains a character starting at offset 0x35f91d that is illegal in the current source character set (codepage 65001). [D:\Workspace\VS Workspace\HuaEngine\build\HuaEngine\HuaEngine.vcxproj]
  (compiling source file '../../HuaEngine/src/HuaEngine/Serialization/Serialization.cpp')
  
D:\Workspace\VS Workspace\HuaEngine\Dependencies\entt\entt.hpp(91527,1): warning C4828: The file contains a character starting at offset 0x35f923 that is illegal in the current source character set (codepage 65001). [D:\Workspace\VS Workspace\HuaEngine\build\HuaEngine\HuaEngine.vcxproj]
  (compiling source file '../../HuaEngine/src/HuaEngine/Serialization/Serialization.cpp')
  
D:\Workspace\VS Workspace\HuaEngine\Dependencies\entt\entt.hpp(6046,1): warning C4828: The file contains a character starting at offset 0x3a191 that is illegal in the current source character set (codepage 65001). [D:\Workspace\VS Workspace\HuaEngine\build\HuaEngine\HuaEngine.vcxproj]
  (compiling source file '../../HuaEngine/src/HuaEngine/Serialization/Serialization.cpp')
  
D:\Workspace\VS Workspace\HuaEngine\Dependencies\entt\entt.hpp(6046,1): warning C4828: The file contains a character starting at offset 0x3a197 that is illegal in the current source character set (codepage 65001). [D:\Workspace\VS Workspace\HuaEngine\build\HuaEngine\HuaEngine.vcxproj]
  (compiling source file '../../HuaEngine/src/HuaEngine/Serialization/Serialization.cpp')
  
D:\Workspace\VS Workspace\HuaEngine\Dependencies\entt\entt.hpp(8355,1): warning C4828: The file contains a character starting at offset 0x52025 that is illegal in the current source character set (codepage 65001). [D:\Workspace\VS Workspace\HuaEngine\build\HuaEngine\HuaEngine.vcxproj]
  (compiling source file '../../HuaEngine/src/HuaEngine/Serialization/Serialization.cpp')
  
D:\Workspace\VS Workspace\HuaEngine\Dependencies\entt\entt.hpp(8355,1): warning C4828: The file contains a character starting at offset 0x5202b that is illegal in the current source character set (codepage 65001). [D:\Workspace\VS Workspace\HuaEngine\build\HuaEngine\HuaEngine.vcxproj]
  (compiling source file '../../HuaEngine/src/HuaEngine/Serialization/Serialization.cpp')
  
D:\Workspace\VS Workspace\HuaEngine\Dependencies\entt\entt.hpp(13868,1): warning C4828: The file contains a character starting at offset 0x7f0c0 that is illegal in the current source character set (codepage 65001). [D:\Workspace\VS Workspace\HuaEngine\build\HuaEngine\HuaEngine.vcxproj]
  (compiling source file '../../HuaEngine/src/HuaEngine/Serialization/Serialization.cpp')
  
D:\Workspace\VS Workspace\HuaEngine\Dependencies\entt\entt.hpp(13868,1): warning C4828: The file contains a character starting at offset 0x7f0c6 that is illegal in the current source character set (codepage 65001). [D:\Workspace\VS Workspace\HuaEngine\build\HuaEngine\HuaEngine.vcxproj]
  (compiling source file '../../HuaEngine/src/HuaEngine/Serialization/Serialization.cpp')
  
D:\Workspace\VS Workspace\HuaEngine\Dependencies\entt\entt.hpp(59711,1): warning C4828: The file contains a character starting at offset 0x230043 that is illegal in the current source character set (codepage 65001). [D:\Workspace\VS Workspace\HuaEngine\build\HuaEngine\HuaEngine.vcxproj]
  (compiling source file '../../HuaEngine/src/HuaEngine/Serialization/Serialization.cpp')
  
D:\Workspace\VS Workspace\HuaEngine\Dependencies\entt\entt.hpp(59711,1): warning C4828: The file contains a character starting at offset 0x230049 that is illegal in the current source character set (codepage 65001). [D:\Workspace\VS Workspace\HuaEngine\build\HuaEngine\HuaEngine.vcxproj]
  (compiling source file '../../HuaEngine/src/HuaEngine/Serialization/Serialization.cpp')
  
D:\Workspace\VS Workspace\HuaEngine\Dependencies\entt\entt.hpp(71606,1): warning C4828: The file contains a character starting at offset 0x2a7cf1 that is illegal in the current source character set (codepage 65001). [D:\Workspace\VS Workspace\HuaEngine\build\HuaEngine\HuaEngine.vcxproj]
  (compiling source file '../../HuaEngine/src/HuaEngine/Serialization/Serialization.cpp')
  
D:\Workspace\VS Workspace\HuaEngine\Dependencies\entt\entt.hpp(71606,1): warning C4828: The file contains a character starting at offset 0x2a7cf7 that is illegal in the current source character set (codepage 65001). [D:\Workspace\VS Workspace\HuaEngine\build\HuaEngine\HuaEngine.vcxproj]
  (compiling source file '../../HuaEngine/src/HuaEngine/Serialization/Serialization.cpp')
  
D:\Workspace\VS Workspace\HuaEngine\Dependencies\entt\entt.hpp(91527,1): warning C4828: The file contains a character starting at offset 0x35f91d that is illegal in the current source character set (codepage 65001). [D:\Workspace\VS Workspace\HuaEngine\build\HuaEngine\HuaEngine.vcxproj]
  (compiling source file '../../HuaEngine/src/HuaEngine/Serialization/Serialization.cpp')
  
D:\Workspace\VS Workspace\HuaEngine\Dependencies\entt\entt.hpp(91527,1): warning C4828: The file contains a character starting at offset 0x35f923 that is illegal in the current source character set (codepage 65001). [D:\Workspace\VS Workspace\HuaEngine\build\HuaEngine\HuaEngine.vcxproj]
  (compiling source file '../../HuaEngine/src/HuaEngine/Serialization/Serialization.cpp')
  
D:\Workspace\VS Workspace\HuaEngine\HuaEngine\src\HuaEngine\ECS\Entity.h(29,44): error C3878: syntax error: unexpected token '>' following 'simple-type-specifier' [D:\Workspace\VS Workspace\HuaEngine\build\HuaEngine\HuaEngine.vcxproj]
  (compiling source file '../../HuaEngine/src/HuaEngine/Serialization/Serialization.cpp')
      D:\Workspace\VS Workspace\HuaEngine\HuaEngine\src\HuaEngine\ECS\Entity.h(29,44):
      missing one of: '(' '{' ?
      D:\Workspace\VS Workspace\HuaEngine\HuaEngine\src\HuaEngine\ECS\Entity.h(28,8):
      This diagnostic occurred in the compiler generated function 'bool HE::Entity::HasComponent(void)'
  
D:\Workspace\VS Workspace\HuaEngine\HuaEngine\src\HuaEngine\ECS\Entity.h(29,44): error C3878: syntax error: unexpected token '>' following 'expression' [D:\Workspace\VS Workspace\HuaEngine\build\HuaEngine\HuaEngine.vcxproj]
  (compiling source file '../../HuaEngine/src/HuaEngine/Serialization/Serialization.cpp')
      D:\Workspace\VS Workspace\HuaEngine\HuaEngine\src\HuaEngine\ECS\Entity.h(28,8):
      This diagnostic occurred in the compiler generated function 'bool HE::Entity::HasComponent(void)'
  
D:\Workspace\VS Workspace\HuaEngine\HuaEngine\src\HuaEngine\ECS\Entity.h(29,60): error C2760: syntax error: ')' was unexpected here; expected ';' [D:\Workspace\VS Workspace\HuaEngine\build\HuaEngine\HuaEngine.vcxproj]
  (compiling source file '../../HuaEngine/src/HuaEngine/Serialization/Serialization.cpp')
      D:\Workspace\VS Workspace\HuaEngine\HuaEngine\src\HuaEngine\ECS\Entity.h(28,8):
      This diagnostic occurred in the compiler generated function 'bool HE::Entity::HasComponent(void)'
  
D:\Workspace\VS Workspace\HuaEngine\HuaEngine\src\HuaEngine\ECS\Entity.h(29,60): error C3878: syntax error: unexpected token ')' following 'jump-statement' [D:\Workspace\VS Workspace\HuaEngine\build\HuaEngine\HuaEngine.vcxproj]
  (compiling source file '../../HuaEngine/src/HuaEngine/Serialization/Serialization.cpp')
      D:\Workspace\VS Workspace\HuaEngine\HuaEngine\src\HuaEngine\ECS\Entity.h(28,8):
      This diagnostic occurred in the compiler generated function 'bool HE::Entity::HasComponent(void)'
  
D:\Workspace\VS Workspace\HuaEngine\HuaEngine\src\HuaEngine\ECS\Components.h(42,3): error C2760: syntax error: '}' was unexpected here; expected ';' [D:\Workspace\VS Workspace\HuaEngine\build\HuaEngine\HuaEngine.vcxproj]
  (compiling source file '../../HuaEngine/src/HuaEngine/Serialization/Serialization.cpp')
      D:\Workspace\VS Workspace\HuaEngine\HuaEngine\src\HuaEngine\ECS\Components.h(39,8):
      This diagnostic occurred in the compiler generated function 'void HE::NativeScriptComponent::Bind(void)'
  
D:\Workspace\VS Workspace\HuaEngine\Dependencies\entt\entt.hpp(6046,1): warning C4828: The file contains a character starting at offset 0x3a191 that is illegal in the current source character set (codepage 65001). [D:\Workspace\VS Workspace\HuaEngine\build\HuaEngine\HuaEngine.vcxproj]
  (compiling source file '../../HuaEngine/src/HuaEngine/Serialization/Serialization.cpp')
  
D:\Workspace\VS Workspace\HuaEngine\Dependencies\entt\entt.hpp(6046,1): warning C4828: The file contains a character starting at offset 0x3a197 that is illegal in the current source character set (codepage 65001). [D:\Workspace\VS Workspace\HuaEngine\build\HuaEngine\HuaEngine.vcxproj]
  (compiling source file '../../HuaEngine/src/HuaEngine/Serialization/Serialization.cpp')
  
D:\Workspace\VS Workspace\HuaEngine\Dependencies\entt\entt.hpp(8355,1): warning C4828: The file contains a character starting at offset 0x52025 that is illegal in the current source character set (codepage 65001). [D:\Workspace\VS Workspace\HuaEngine\build\HuaEngine\HuaEngine.vcxproj]
  (compiling source file '../../HuaEngine/src/HuaEngine/Serialization/Serialization.cpp')
  
D:\Workspace\VS Workspace\HuaEngine\Dependencies\entt\entt.hpp(8355,1): warning C4828: The file contains a character starting at offset 0x5202b that is illegal in the current source character set (codepage 65001). [D:\Workspace\VS Workspace\HuaEngine\build\HuaEngine\HuaEngine.vcxproj]
  (compiling source file '../../HuaEngine/src/HuaEngine/Serialization/Serialization.cpp')
  
D:\Workspace\VS Workspace\HuaEngine\Dependencies\entt\entt.hpp(13868,1): warning C4828: The file contains a character starting at offset 0x7f0c0 that is illegal in the current source character set (codepage 65001). [D:\Workspace\VS Workspace\HuaEngine\build\HuaEngine\HuaEngine.vcxproj]
  (compiling source file '../../HuaEngine/src/HuaEngine/Serialization/Serialization.cpp')
  
D:\Workspace\VS Workspace\HuaEngine\Dependencies\entt\entt.hpp(13868,1): warning C4828: The file contains a character starting at offset 0x7f0c6 that is illegal in the current source character set (codepage 65001). [D:\Workspace\VS Workspace\HuaEngine\build\HuaEngine\HuaEngine.vcxproj]
  (compiling source file '../../HuaEngine/src/HuaEngine/Serialization/Serialization.cpp')
  
D:\Workspace\VS Workspace\HuaEngine\Dependencies\entt\entt.hpp(59711,1): warning C4828: The file contains a character starting at offset 0x230043 that is illegal in the current source character set (codepage 65001). [D:\Workspace\VS Workspace\HuaEngine\build\HuaEngine\HuaEngine.vcxproj]
  (compiling source file '../../HuaEngine/src/HuaEngine/Serialization/Serialization.cpp')
  
D:\Workspace\VS Workspace\HuaEngine\Dependencies\entt\entt.hpp(59711,1): warning C4828: The file contains a character starting at offset 0x230049 that is illegal in the current source character set (codepage 65001). [D:\Workspace\VS Workspace\HuaEngine\build\HuaEngine\HuaEngine.vcxproj]
  (compiling source file '../../HuaEngine/src/HuaEngine/Serialization/Serialization.cpp')
  
D:\Workspace\VS Workspace\HuaEngine\Dependencies\entt\entt.hpp(71606,1): warning C4828: The file contains a character starting at offset 0x2a7cf1 that is illegal in the current source character set (codepage 65001). [D:\Workspace\VS Workspace\HuaEngine\build\HuaEngine\HuaEngine.vcxproj]
  (compiling source file '../../HuaEngine/src/HuaEngine/Serialization/Serialization.cpp')
  
D:\Workspace\VS Workspace\HuaEngine\Dependencies\entt\entt.hpp(71606,1): warning C4828: The file contains a character starting at offset 0x2a7cf7 that is illegal in the current source character set (codepage 65001). [D:\Workspace\VS Workspace\HuaEngine\build\HuaEngine\HuaEngine.vcxproj]
  (compiling source file '../../HuaEngine/src/HuaEngine/Serialization/Serialization.cpp')
  
D:\Workspace\VS Workspace\HuaEngine\Dependencies\entt\entt.hpp(91527,1): warning C4828: The file contains a character starting at offset 0x35f91d that is illegal in the current source character set (codepage 65001). [D:\Workspace\VS Workspace\HuaEngine\build\HuaEngine\HuaEngine.vcxproj]
  (compiling source file '../../HuaEngine/src/HuaEngine/Serialization/Serialization.cpp')
  
D:\Workspace\VS Workspace\HuaEngine\Dependencies\entt\entt.hpp(91527,1): warning C4828: The file contains a character starting at offset 0x35f923 that is illegal in the current source character set (codepage 65001). [D:\Workspace\VS Workspace\HuaEngine\build\HuaEngine\HuaEngine.vcxproj]
  (compiling source file '../../HuaEngine/src/HuaEngine/Serialization/Serialization.cpp')
  
  SerializationCore.cpp
D:\Workspace\VS Workspace\HuaEngine\HuaEngine\src\HuaEngine\Reflection\TypeList.h(95,70): error C3878: syntax error: unexpected token ';' following 'typename-specifier' [D:\Workspace\VS Workspace\HuaEngine\build\HuaEngine\HuaEngine.vcxproj]
  (compiling source file '../../HuaEngine/src/HuaEngine/Serialization/SerializationCore.cpp')
      D:\Workspace\VS Workspace\HuaEngine\HuaEngine\src\HuaEngine\Reflection\TypeList.h(95,70):
      missing one of: '(' '{' ?
  
  SerializationManager.cpp
D:\Workspace\VS Workspace\HuaEngine\HuaEngine\src\HuaEngine\Reflection\TypeList.h(95,70): error C3878: syntax error: unexpected token ';' following 'typename-specifier' [D:\Workspace\VS Workspace\HuaEngine\build\HuaEngine\HuaEngine.vcxproj]
  (compiling source file '../../HuaEngine/src/HuaEngine/Serialization/SerializationManager.cpp')
      D:\Workspace\VS Workspace\HuaEngine\HuaEngine\src\HuaEngine\Reflection\TypeList.h(95,70):
      missing one of: '(' '{' ?
  
  MaterialSerializationTest.cpp
D:\Workspace\VS Workspace\HuaEngine\HuaEngine\src\HuaEngine\Reflection\TypeList.h(95,70): error C3878: syntax error: unexpected token ';' following 'typename-specifier' [D:\Workspace\VS Workspace\HuaEngine\build\HuaEngine\HuaEngine.vcxproj]
  (compiling source file '../../HuaEngine/src/HuaEngine/Test/MaterialSerializationTest.cpp')
      D:\Workspace\VS Workspace\HuaEngine\HuaEngine\src\HuaEngine\Reflection\TypeList.h(95,70):
      missing one of: '(' '{' ?
  
D:\Workspace\VS Workspace\HuaEngine\Dependencies\entt\entt.hpp(6046,1): warning C4828: The file contains a character starting at offset 0x3a191 that is illegal in the current source character set (codepage 65001). [D:\Workspace\VS Workspace\HuaEngine\build\HuaEngine\HuaEngine.vcxproj]
  (compiling source file '../../HuaEngine/src/HuaEngine/Test/MaterialSerializationTest.cpp')
  
D:\Workspace\VS Workspace\HuaEngine\Dependencies\entt\entt.hpp(6046,1): warning C4828: The file contains a character starting at offset 0x3a197 that is illegal in the current source character set (codepage 65001). [D:\Workspace\VS Workspace\HuaEngine\build\HuaEngine\HuaEngine.vcxproj]
  (compiling source file '../../HuaEngine/src/HuaEngine/Test/MaterialSerializationTest.cpp')
  
D:\Workspace\VS Workspace\HuaEngine\Dependencies\entt\entt.hpp(8355,1): warning C4828: The file contains a character starting at offset 0x52025 that is illegal in the current source character set (codepage 65001). [D:\Workspace\VS Workspace\HuaEngine\build\HuaEngine\HuaEngine.vcxproj]
  (compiling source file '../../HuaEngine/src/HuaEngine/Test/MaterialSerializationTest.cpp')
  
D:\Workspace\VS Workspace\HuaEngine\Dependencies\entt\entt.hpp(8355,1): warning C4828: The file contains a character starting at offset 0x5202b that is illegal in the current source character set (codepage 65001). [D:\Workspace\VS Workspace\HuaEngine\build\HuaEngine\HuaEngine.vcxproj]
  (compiling source file '../../HuaEngine/src/HuaEngine/Test/MaterialSerializationTest.cpp')
  
D:\Workspace\VS Workspace\HuaEngine\Dependencies\entt\entt.hpp(13868,1): warning C4828: The file contains a character starting at offset 0x7f0c0 that is illegal in the current source character set (codepage 65001). [D:\Workspace\VS Workspace\HuaEngine\build\HuaEngine\HuaEngine.vcxproj]
  (compiling source file '../../HuaEngine/src/HuaEngine/Test/MaterialSerializationTest.cpp')
  
D:\Workspace\VS Workspace\HuaEngine\Dependencies\entt\entt.hpp(13868,1): warning C4828: The file contains a character starting at offset 0x7f0c6 that is illegal in the current source character set (codepage 65001). [D:\Workspace\VS Workspace\HuaEngine\build\HuaEngine\HuaEngine.vcxproj]
  (compiling source file '../../HuaEngine/src/HuaEngine/Test/MaterialSerializationTest.cpp')
  
D:\Workspace\VS Workspace\HuaEngine\Dependencies\entt\entt.hpp(59711,1): warning C4828: The file contains a character starting at offset 0x230043 that is illegal in the current source character set (codepage 65001). [D:\Workspace\VS Workspace\HuaEngine\build\HuaEngine\HuaEngine.vcxproj]
  (compiling source file '../../HuaEngine/src/HuaEngine/Test/MaterialSerializationTest.cpp')
  
D:\Workspace\VS Workspace\HuaEngine\Dependencies\entt\entt.hpp(59711,1): warning C4828: The file contains a character starting at offset 0x230049 that is illegal in the current source character set (codepage 65001). [D:\Workspace\VS Workspace\HuaEngine\build\HuaEngine\HuaEngine.vcxproj]
  (compiling source file '../../HuaEngine/src/HuaEngine/Test/MaterialSerializationTest.cpp')
  
D:\Workspace\VS Workspace\HuaEngine\Dependencies\entt\entt.hpp(71606,1): warning C4828: The file contains a character starting at offset 0x2a7cf1 that is illegal in the current source character set (codepage 65001). [D:\Workspace\VS Workspace\HuaEngine\build\HuaEngine\HuaEngine.vcxproj]
  (compiling source file '../../HuaEngine/src/HuaEngine/Test/MaterialSerializationTest.cpp')
  
D:\Workspace\VS Workspace\HuaEngine\Dependencies\entt\entt.hpp(71606,1): warning C4828: The file contains a character starting at offset 0x2a7cf7 that is illegal in the current source character set (codepage 65001). [D:\Workspace\VS Workspace\HuaEngine\build\HuaEngine\HuaEngine.vcxproj]
  (compiling source file '../../HuaEngine/src/HuaEngine/Test/MaterialSerializationTest.cpp')
  
D:\Workspace\VS Workspace\HuaEngine\Dependencies\entt\entt.hpp(91527,1): warning C4828: The file contains a character starting at offset 0x35f91d that is illegal in the current source character set (codepage 65001). [D:\Workspace\VS Workspace\HuaEngine\build\HuaEngine\HuaEngine.vcxproj]
  (compiling source file '../../HuaEngine/src/HuaEngine/Test/MaterialSerializationTest.cpp')
  
D:\Workspace\VS Workspace\HuaEngine\Dependencies\entt\entt.hpp(91527,1): warning C4828: The file contains a character starting at offset 0x35f923 that is illegal in the current source character set (codepage 65001). [D:\Workspace\VS Workspace\HuaEngine\build\HuaEngine\HuaEngine.vcxproj]
  (compiling source file '../../HuaEngine/src/HuaEngine/Test/MaterialSerializationTest.cpp')
  
D:\Workspace\VS Workspace\HuaEngine\Dependencies\entt\entt.hpp(6046,1): warning C4828: The file contains a character starting at offset 0x3a191 that is illegal in the current source character set (codepage 65001). [D:\Workspace\VS Workspace\HuaEngine\build\HuaEngine\HuaEngine.vcxproj]
  (compiling source file '../../HuaEngine/src/HuaEngine/Test/MaterialSerializationTest.cpp')
  
D:\Workspace\VS Workspace\HuaEngine\Dependencies\entt\entt.hpp(6046,1): warning C4828: The file contains a character starting at offset 0x3a197 that is illegal in the current source character set (codepage 65001). [D:\Workspace\VS Workspace\HuaEngine\build\HuaEngine\HuaEngine.vcxproj]
  (compiling source file '../../HuaEngine/src/HuaEngine/Test/MaterialSerializationTest.cpp')
  
D:\Workspace\VS Workspace\HuaEngine\Dependencies\entt\entt.hpp(8355,1): warning C4828: The file contains a character starting at offset 0x52025 that is illegal in the current source character set (codepage 65001). [D:\Workspace\VS Workspace\HuaEngine\build\HuaEngine\HuaEngine.vcxproj]
  (compiling source file '../../HuaEngine/src/HuaEngine/Test/MaterialSerializationTest.cpp')
  
D:\Workspace\VS Workspace\HuaEngine\Dependencies\entt\entt.hpp(8355,1): warning C4828: The file contains a character starting at offset 0x5202b that is illegal in the current source character set (codepage 65001). [D:\Workspace\VS Workspace\HuaEngine\build\HuaEngine\HuaEngine.vcxproj]
  (compiling source file '../../HuaEngine/src/HuaEngine/Test/MaterialSerializationTest.cpp')
  
D:\Workspace\VS Workspace\HuaEngine\Dependencies\entt\entt.hpp(13868,1): warning C4828: The file contains a character starting at offset 0x7f0c0 that is illegal in the current source character set (codepage 65001). [D:\Workspace\VS Workspace\HuaEngine\build\HuaEngine\HuaEngine.vcxproj]
  (compiling source file '../../HuaEngine/src/HuaEngine/Test/MaterialSerializationTest.cpp')
  
D:\Workspace\VS Workspace\HuaEngine\Dependencies\entt\entt.hpp(13868,1): warning C4828: The file contains a character starting at offset 0x7f0c6 that is illegal in the current source character set (codepage 65001). [D:\Workspace\VS Workspace\HuaEngine\build\HuaEngine\HuaEngine.vcxproj]
  (compiling source file '../../HuaEngine/src/HuaEngine/Test/MaterialSerializationTest.cpp')
  
D:\Workspace\VS Workspace\HuaEngine\Dependencies\entt\entt.hpp(59711,1): warning C4828: The file contains a character starting at offset 0x230043 that is illegal in the current source character set (codepage 65001). [D:\Workspace\VS Workspace\HuaEngine\build\HuaEngine\HuaEngine.vcxproj]
  (compiling source file '../../HuaEngine/src/HuaEngine/Test/MaterialSerializationTest.cpp')
  
D:\Workspace\VS Workspace\HuaEngine\Dependencies\entt\entt.hpp(59711,1): warning C4828: The file contains a character starting at offset 0x230049 that is illegal in the current source character set (codepage 65001). [D:\Workspace\VS Workspace\HuaEngine\build\HuaEngine\HuaEngine.vcxproj]
  (compiling source file '../../HuaEngine/src/HuaEngine/Test/MaterialSerializationTest.cpp')
  
D:\Workspace\VS Workspace\HuaEngine\Dependencies\entt\entt.hpp(71606,1): warning C4828: The file contains a character starting at offset 0x2a7cf1 that is illegal in the current source character set (codepage 65001). [D:\Workspace\VS Workspace\HuaEngine\build\HuaEngine\HuaEngine.vcxproj]
  (compiling source file '../../HuaEngine/src/HuaEngine/Test/MaterialSerializationTest.cpp')
  
D:\Workspace\VS Workspace\HuaEngine\Dependencies\entt\entt.hpp(71606,1): warning C4828: The file contains a character starting at offset 0x2a7cf7 that is illegal in the current source character set (codepage 65001). [D:\Workspace\VS Workspace\HuaEngine\build\HuaEngine\HuaEngine.vcxproj]
  (compiling source file '../../HuaEngine/src/HuaEngine/Test/MaterialSerializationTest.cpp')
  
D:\Workspace\VS Workspace\HuaEngine\Dependencies\entt\entt.hpp(91527,1): warning C4828: The file contains a character starting at offset 0x35f91d that is illegal in the current source character set (codepage 65001). [D:\Workspace\VS Workspace\HuaEngine\build\HuaEngine\HuaEngine.vcxproj]
  (compiling source file '../../HuaEngine/src/HuaEngine/Test/MaterialSerializationTest.cpp')
  
D:\Workspace\VS Workspace\HuaEngine\Dependencies\entt\entt.hpp(91527,1): warning C4828: The file contains a character starting at offset 0x35f923 that is illegal in the current source character set (codepage 65001). [D:\Workspace\VS Workspace\HuaEngine\build\HuaEngine\HuaEngine.vcxproj]
  (compiling source file '../../HuaEngine/src/HuaEngine/Test/MaterialSerializationTest.cpp')
  
D:\Workspace\VS Workspace\HuaEngine\HuaEngine\src\HuaEngine\ECS\Entity.h(29,44): error C3878: syntax error: unexpected token '>' following 'simple-type-specifier' [D:\Workspace\VS Workspace\HuaEngine\build\HuaEngine\HuaEngine.vcxproj]
  (compiling source file '../../HuaEngine/src/HuaEngine/Test/MaterialSerializationTest.cpp')
      D:\Workspace\VS Workspace\HuaEngine\HuaEngine\src\HuaEngine\ECS\Entity.h(29,44):
      missing one of: '(' '{' ?
      D:\Workspace\VS Workspace\HuaEngine\HuaEngine\src\HuaEngine\ECS\Entity.h(28,8):
      This diagnostic occurred in the compiler generated function 'bool HE::Entity::HasComponent(void)'
  
D:\Workspace\VS Workspace\HuaEngine\HuaEngine\src\HuaEngine\ECS\Entity.h(29,44): error C3878: syntax error: unexpected token '>' following 'expression' [D:\Workspace\VS Workspace\HuaEngine\build\HuaEngine\HuaEngine.vcxproj]
  (compiling source file '../../HuaEngine/src/HuaEngine/Test/MaterialSerializationTest.cpp')
      D:\Workspace\VS Workspace\HuaEngine\HuaEngine\src\HuaEngine\ECS\Entity.h(28,8):
      This diagnostic occurred in the compiler generated function 'bool HE::Entity::HasComponent(void)'
  
D:\Workspace\VS Workspace\HuaEngine\HuaEngine\src\HuaEngine\ECS\Entity.h(29,60): error C2760: syntax error: ')' was unexpected here; expected ';' [D:\Workspace\VS Workspace\HuaEngine\build\HuaEngine\HuaEngine.vcxproj]
  (compiling source file '../../HuaEngine/src/HuaEngine/Test/MaterialSerializationTest.cpp')
      D:\Workspace\VS Workspace\HuaEngine\HuaEngine\src\HuaEngine\ECS\Entity.h(28,8):
      This diagnostic occurred in the compiler generated function 'bool HE::Entity::HasComponent(void)'
  
D:\Workspace\VS Workspace\HuaEngine\HuaEngine\src\HuaEngine\ECS\Entity.h(29,60): error C3878: syntax error: unexpected token ')' following 'jump-statement' [D:\Workspace\VS Workspace\HuaEngine\build\HuaEngine\HuaEngine.vcxproj]
  (compiling source file '../../HuaEngine/src/HuaEngine/Test/MaterialSerializationTest.cpp')
      D:\Workspace\VS Workspace\HuaEngine\HuaEngine\src\HuaEngine\ECS\Entity.h(28,8):
      This diagnostic occurred in the compiler generated function 'bool HE::Entity::HasComponent(void)'
  
D:\Workspace\VS Workspace\HuaEngine\HuaEngine\src\HuaEngine\ECS\Components.h(42,3): error C2760: syntax error: '}' was unexpected here; expected ';' [D:\Workspace\VS Workspace\HuaEngine\build\HuaEngine\HuaEngine.vcxproj]
  (compiling source file '../../HuaEngine/src/HuaEngine/Test/MaterialSerializationTest.cpp')
      D:\Workspace\VS Workspace\HuaEngine\HuaEngine\src\HuaEngine\ECS\Components.h(39,8):
      This diagnostic occurred in the compiler generated function 'void HE::NativeScriptComponent::Bind(void)'
  
D:\Workspace\VS Workspace\HuaEngine\Dependencies\entt\entt.hpp(6046,1): warning C4828: The file contains a character starting at offset 0x3a191 that is illegal in the current source character set (codepage 65001). [D:\Workspace\VS Workspace\HuaEngine\build\HuaEngine\HuaEngine.vcxproj]
  (compiling source file '../../HuaEngine/src/HuaEngine/Test/MaterialSerializationTest.cpp')
  
D:\Workspace\VS Workspace\HuaEngine\Dependencies\entt\entt.hpp(6046,1): warning C4828: The file contains a character starting at offset 0x3a197 that is illegal in the current source character set (codepage 65001). [D:\Workspace\VS Workspace\HuaEngine\build\HuaEngine\HuaEngine.vcxproj]
  (compiling source file '../../HuaEngine/src/HuaEngine/Test/MaterialSerializationTest.cpp')
  
D:\Workspace\VS Workspace\HuaEngine\Dependencies\entt\entt.hpp(8355,1): warning C4828: The file contains a character starting at offset 0x52025 that is illegal in the current source character set (codepage 65001). [D:\Workspace\VS Workspace\HuaEngine\build\HuaEngine\HuaEngine.vcxproj]
  (compiling source file '../../HuaEngine/src/HuaEngine/Test/MaterialSerializationTest.cpp')
  
D:\Workspace\VS Workspace\HuaEngine\Dependencies\entt\entt.hpp(8355,1): warning C4828: The file contains a character starting at offset 0x5202b that is illegal in the current source character set (codepage 65001). [D:\Workspace\VS Workspace\HuaEngine\build\HuaEngine\HuaEngine.vcxproj]
  (compiling source file '../../HuaEngine/src/HuaEngine/Test/MaterialSerializationTest.cpp')
  
D:\Workspace\VS Workspace\HuaEngine\Dependencies\entt\entt.hpp(13868,1): warning C4828: The file contains a character starting at offset 0x7f0c0 that is illegal in the current source character set (codepage 65001). [D:\Workspace\VS Workspace\HuaEngine\build\HuaEngine\HuaEngine.vcxproj]
  (compiling source file '../../HuaEngine/src/HuaEngine/Test/MaterialSerializationTest.cpp')
  
D:\Workspace\VS Workspace\HuaEngine\Dependencies\entt\entt.hpp(13868,1): warning C4828: The file contains a character starting at offset 0x7f0c6 that is illegal in the current source character set (codepage 65001). [D:\Workspace\VS Workspace\HuaEngine\build\HuaEngine\HuaEngine.vcxproj]
  (compiling source file '../../HuaEngine/src/HuaEngine/Test/MaterialSerializationTest.cpp')
  
D:\Workspace\VS Workspace\HuaEngine\Dependencies\entt\entt.hpp(59711,1): warning C4828: The file contains a character starting at offset 0x230043 that is illegal in the current source character set (codepage 65001). [D:\Workspace\VS Workspace\HuaEngine\build\HuaEngine\HuaEngine.vcxproj]
  (compiling source file '../../HuaEngine/src/HuaEngine/Test/MaterialSerializationTest.cpp')
  
D:\Workspace\VS Workspace\HuaEngine\Dependencies\entt\entt.hpp(59711,1): warning C4828: The file contains a character starting at offset 0x230049 that is illegal in the current source character set (codepage 65001). [D:\Workspace\VS Workspace\HuaEngine\build\HuaEngine\HuaEngine.vcxproj]
  (compiling source file '../../HuaEngine/src/HuaEngine/Test/MaterialSerializationTest.cpp')
  
D:\Workspace\VS Workspace\HuaEngine\Dependencies\entt\entt.hpp(71606,1): warning C4828: The file contains a character starting at offset 0x2a7cf1 that is illegal in the current source character set (codepage 65001). [D:\Workspace\VS Workspace\HuaEngine\build\HuaEngine\HuaEngine.vcxproj]
  (compiling source file '../../HuaEngine/src/HuaEngine/Test/MaterialSerializationTest.cpp')
  
D:\Workspace\VS Workspace\HuaEngine\Dependencies\entt\entt.hpp(71606,1): warning C4828: The file contains a character starting at offset 0x2a7cf7 that is illegal in the current source character set (codepage 65001). [D:\Workspace\VS Workspace\HuaEngine\build\HuaEngine\HuaEngine.vcxproj]
  (compiling source file '../../HuaEngine/src/HuaEngine/Test/MaterialSerializationTest.cpp')
  
D:\Workspace\VS Workspace\HuaEngine\Dependencies\entt\entt.hpp(91527,1): warning C4828: The file contains a character starting at offset 0x35f91d that is illegal in the current source character set (codepage 65001). [D:\Workspace\VS Workspace\HuaEngine\build\HuaEngine\HuaEngine.vcxproj]
  (compiling source file '../../HuaEngine/src/HuaEngine/Test/MaterialSerializationTest.cpp')
  
D:\Workspace\VS Workspace\HuaEngine\Dependencies\entt\entt.hpp(91527,1): warning C4828: The file contains a character starting at offset 0x35f923 that is illegal in the current source character set (codepage 65001). [D:\Workspace\VS Workspace\HuaEngine\build\HuaEngine\HuaEngine.vcxproj]
  (compiling source file '../../HuaEngine/src/HuaEngine/Test/MaterialSerializationTest.cpp')
  
  TestReflection.cpp
D:\Workspace\VS Workspace\HuaEngine\HuaEngine\src\HuaEngine\Reflection\TypeList.h(95,70): error C3878: syntax error: unexpected token ';' following 'typename-specifier' [D:\Workspace\VS Workspace\HuaEngine\build\HuaEngine\HuaEngine.vcxproj]
  (compiling source file '../../HuaEngine/src/HuaEngine/Test/TestReflection.cpp')
      D:\Workspace\VS Workspace\HuaEngine\HuaEngine\src\HuaEngine\Reflection\TypeList.h(95,70):
      missing one of: '(' '{' ?
  
D:\Workspace\VS Workspace\HuaEngine\Dependencies\entt\entt.hpp(6046,1): warning C4828: The file contains a character starting at offset 0x3a191 that is illegal in the current source character set (codepage 65001). [D:\Workspace\VS Workspace\HuaEngine\build\HuaEngine\HuaEngine.vcxproj]
  (compiling source file '../../HuaEngine/src/HuaEngine/Test/TestReflection.cpp')
  
D:\Workspace\VS Workspace\HuaEngine\Dependencies\entt\entt.hpp(6046,1): warning C4828: The file contains a character starting at offset 0x3a197 that is illegal in the current source character set (codepage 65001). [D:\Workspace\VS Workspace\HuaEngine\build\HuaEngine\HuaEngine.vcxproj]
  (compiling source file '../../HuaEngine/src/HuaEngine/Test/TestReflection.cpp')
  
D:\Workspace\VS Workspace\HuaEngine\Dependencies\entt\entt.hpp(8355,1): warning C4828: The file contains a character starting at offset 0x52025 that is illegal in the current source character set (codepage 65001). [D:\Workspace\VS Workspace\HuaEngine\build\HuaEngine\HuaEngine.vcxproj]
  (compiling source file '../../HuaEngine/src/HuaEngine/Test/TestReflection.cpp')
  
D:\Workspace\VS Workspace\HuaEngine\Dependencies\entt\entt.hpp(8355,1): warning C4828: The file contains a character starting at offset 0x5202b that is illegal in the current source character set (codepage 65001). [D:\Workspace\VS Workspace\HuaEngine\build\HuaEngine\HuaEngine.vcxproj]
  (compiling source file '../../HuaEngine/src/HuaEngine/Test/TestReflection.cpp')
  
D:\Workspace\VS Workspace\HuaEngine\Dependencies\entt\entt.hpp(13868,1): warning C4828: The file contains a character starting at offset 0x7f0c0 that is illegal in the current source character set (codepage 65001). [D:\Workspace\VS Workspace\HuaEngine\build\HuaEngine\HuaEngine.vcxproj]
  (compiling source file '../../HuaEngine/src/HuaEngine/Test/TestReflection.cpp')
  
D:\Workspace\VS Workspace\HuaEngine\Dependencies\entt\entt.hpp(13868,1): warning C4828: The file contains a character starting at offset 0x7f0c6 that is illegal in the current source character set (codepage 65001). [D:\Workspace\VS Workspace\HuaEngine\build\HuaEngine\HuaEngine.vcxproj]
  (compiling source file '../../HuaEngine/src/HuaEngine/Test/TestReflection.cpp')
  
D:\Workspace\VS Workspace\HuaEngine\Dependencies\entt\entt.hpp(59711,1): warning C4828: The file contains a character starting at offset 0x230043 that is illegal in the current source character set (codepage 65001). [D:\Workspace\VS Workspace\HuaEngine\build\HuaEngine\HuaEngine.vcxproj]
  (compiling source file '../../HuaEngine/src/HuaEngine/Test/TestReflection.cpp')
  
D:\Workspace\VS Workspace\HuaEngine\Dependencies\entt\entt.hpp(59711,1): warning C4828: The file contains a character starting at offset 0x230049 that is illegal in the current source character set (codepage 65001). [D:\Workspace\VS Workspace\HuaEngine\build\HuaEngine\HuaEngine.vcxproj]
  (compiling source file '../../HuaEngine/src/HuaEngine/Test/TestReflection.cpp')
  
D:\Workspace\VS Workspace\HuaEngine\Dependencies\entt\entt.hpp(71606,1): warning C4828: The file contains a character starting at offset 0x2a7cf1 that is illegal in the current source character set (codepage 65001). [D:\Workspace\VS Workspace\HuaEngine\build\HuaEngine\HuaEngine.vcxproj]
  (compiling source file '../../HuaEngine/src/HuaEngine/Test/TestReflection.cpp')
  
D:\Workspace\VS Workspace\HuaEngine\Dependencies\entt\entt.hpp(71606,1): warning C4828: The file contains a character starting at offset 0x2a7cf7 that is illegal in the current source character set (codepage 65001). [D:\Workspace\VS Workspace\HuaEngine\build\HuaEngine\HuaEngine.vcxproj]
  (compiling source file '../../HuaEngine/src/HuaEngine/Test/TestReflection.cpp')
  
D:\Workspace\VS Workspace\HuaEngine\Dependencies\entt\entt.hpp(91527,1): warning C4828: The file contains a character starting at offset 0x35f91d that is illegal in the current source character set (codepage 65001). [D:\Workspace\VS Workspace\HuaEngine\build\HuaEngine\HuaEngine.vcxproj]
  (compiling source file '../../HuaEngine/src/HuaEngine/Test/TestReflection.cpp')
  
D:\Workspace\VS Workspace\HuaEngine\Dependencies\entt\entt.hpp(91527,1): warning C4828: The file contains a character starting at offset 0x35f923 that is illegal in the current source character set (codepage 65001). [D:\Workspace\VS Workspace\HuaEngine\build\HuaEngine\HuaEngine.vcxproj]
  (compiling source file '../../HuaEngine/src/HuaEngine/Test/TestReflection.cpp')
  
D:\Workspace\VS Workspace\HuaEngine\Dependencies\entt\entt.hpp(6046,1): warning C4828: The file contains a character starting at offset 0x3a191 that is illegal in the current source character set (codepage 65001). [D:\Workspace\VS Workspace\HuaEngine\build\HuaEngine\HuaEngine.vcxproj]
  (compiling source file '../../HuaEngine/src/HuaEngine/Test/TestReflection.cpp')
  
D:\Workspace\VS Workspace\HuaEngine\Dependencies\entt\entt.hpp(6046,1): warning C4828: The file contains a character starting at offset 0x3a197 that is illegal in the current source character set (codepage 65001). [D:\Workspace\VS Workspace\HuaEngine\build\HuaEngine\HuaEngine.vcxproj]
  (compiling source file '../../HuaEngine/src/HuaEngine/Test/TestReflection.cpp')
  
D:\Workspace\VS Workspace\HuaEngine\Dependencies\entt\entt.hpp(8355,1): warning C4828: The file contains a character starting at offset 0x52025 that is illegal in the current source character set (codepage 65001). [D:\Workspace\VS Workspace\HuaEngine\build\HuaEngine\HuaEngine.vcxproj]
  (compiling source file '../../HuaEngine/src/HuaEngine/Test/TestReflection.cpp')
  
D:\Workspace\VS Workspace\HuaEngine\Dependencies\entt\entt.hpp(8355,1): warning C4828: The file contains a character starting at offset 0x5202b that is illegal in the current source character set (codepage 65001). [D:\Workspace\VS Workspace\HuaEngine\build\HuaEngine\HuaEngine.vcxproj]
  (compiling source file '../../HuaEngine/src/HuaEngine/Test/TestReflection.cpp')
  
D:\Workspace\VS Workspace\HuaEngine\Dependencies\entt\entt.hpp(13868,1): warning C4828: The file contains a character starting at offset 0x7f0c0 that is illegal in the current source character set (codepage 65001). [D:\Workspace\VS Workspace\HuaEngine\build\HuaEngine\HuaEngine.vcxproj]
  (compiling source file '../../HuaEngine/src/HuaEngine/Test/TestReflection.cpp')
  
D:\Workspace\VS Workspace\HuaEngine\Dependencies\entt\entt.hpp(13868,1): warning C4828: The file contains a character starting at offset 0x7f0c6 that is illegal in the current source character set (codepage 65001). [D:\Workspace\VS Workspace\HuaEngine\build\HuaEngine\HuaEngine.vcxproj]
  (compiling source file '../../HuaEngine/src/HuaEngine/Test/TestReflection.cpp')
  
D:\Workspace\VS Workspace\HuaEngine\Dependencies\entt\entt.hpp(59711,1): warning C4828: The file contains a character starting at offset 0x230043 that is illegal in the current source character set (codepage 65001). [D:\Workspace\VS Workspace\HuaEngine\build\HuaEngine\HuaEngine.vcxproj]
  (compiling source file '../../HuaEngine/src/HuaEngine/Test/TestReflection.cpp')
  
D:\Workspace\VS Workspace\HuaEngine\Dependencies\entt\entt.hpp(59711,1): warning C4828: The file contains a character starting at offset 0x230049 that is illegal in the current source character set (codepage 65001). [D:\Workspace\VS Workspace\HuaEngine\build\HuaEngine\HuaEngine.vcxproj]
  (compiling source file '../../HuaEngine/src/HuaEngine/Test/TestReflection.cpp')
  
D:\Workspace\VS Workspace\HuaEngine\Dependencies\entt\entt.hpp(71606,1): warning C4828: The file contains a character starting at offset 0x2a7cf1 that is illegal in the current source character set (codepage 65001). [D:\Workspace\VS Workspace\HuaEngine\build\HuaEngine\HuaEngine.vcxproj]
  (compiling source file '../../HuaEngine/src/HuaEngine/Test/TestReflection.cpp')
  
D:\Workspace\VS Workspace\HuaEngine\Dependencies\entt\entt.hpp(71606,1): warning C4828: The file contains a character starting at offset 0x2a7cf7 that is illegal in the current source character set (codepage 65001). [D:\Workspace\VS Workspace\HuaEngine\build\HuaEngine\HuaEngine.vcxproj]
  (compiling source file '../../HuaEngine/src/HuaEngine/Test/TestReflection.cpp')
  
D:\Workspace\VS Workspace\HuaEngine\Dependencies\entt\entt.hpp(91527,1): warning C4828: The file contains a character starting at offset 0x35f91d that is illegal in the current source character set (codepage 65001). [D:\Workspace\VS Workspace\HuaEngine\build\HuaEngine\HuaEngine.vcxproj]
  (compiling source file '../../HuaEngine/src/HuaEngine/Test/TestReflection.cpp')
  
D:\Workspace\VS Workspace\HuaEngine\Dependencies\entt\entt.hpp(91527,1): warning C4828: The file contains a character starting at offset 0x35f923 that is illegal in the current source character set (codepage 65001). [D:\Workspace\VS Workspace\HuaEngine\build\HuaEngine\HuaEngine.vcxproj]
  (compiling source file '../../HuaEngine/src/HuaEngine/Test/TestReflection.cpp')
  
D:\Workspace\VS Workspace\HuaEngine\HuaEngine\src\HuaEngine\ECS\Entity.h(29,44): error C3878: syntax error: unexpected token '>' following 'simple-type-specifier' [D:\Workspace\VS Workspace\HuaEngine\build\HuaEngine\HuaEngine.vcxproj]
  (compiling source file '../../HuaEngine/src/HuaEngine/Test/TestReflection.cpp')
      D:\Workspace\VS Workspace\HuaEngine\HuaEngine\src\HuaEngine\ECS\Entity.h(29,44):
      missing one of: '(' '{' ?
      D:\Workspace\VS Workspace\HuaEngine\HuaEngine\src\HuaEngine\ECS\Entity.h(28,8):
      This diagnostic occurred in the compiler generated function 'bool HE::Entity::HasComponent(void)'
  
D:\Workspace\VS Workspace\HuaEngine\HuaEngine\src\HuaEngine\ECS\Entity.h(29,44): error C3878: syntax error: unexpected token '>' following 'expression' [D:\Workspace\VS Workspace\HuaEngine\build\HuaEngine\HuaEngine.vcxproj]
  (compiling source file '../../HuaEngine/src/HuaEngine/Test/TestReflection.cpp')
      D:\Workspace\VS Workspace\HuaEngine\HuaEngine\src\HuaEngine\ECS\Entity.h(28,8):
      This diagnostic occurred in the compiler generated function 'bool HE::Entity::HasComponent(void)'
  
D:\Workspace\VS Workspace\HuaEngine\HuaEngine\src\HuaEngine\ECS\Entity.h(29,60): error C2760: syntax error: ')' was unexpected here; expected ';' [D:\Workspace\VS Workspace\HuaEngine\build\HuaEngine\HuaEngine.vcxproj]
  (compiling source file '../../HuaEngine/src/HuaEngine/Test/TestReflection.cpp')
      D:\Workspace\VS Workspace\HuaEngine\HuaEngine\src\HuaEngine\ECS\Entity.h(28,8):
      This diagnostic occurred in the compiler generated function 'bool HE::Entity::HasComponent(void)'
  
D:\Workspace\VS Workspace\HuaEngine\HuaEngine\src\HuaEngine\ECS\Entity.h(29,60): error C3878: syntax error: unexpected token ')' following 'jump-statement' [D:\Workspace\VS Workspace\HuaEngine\build\HuaEngine\HuaEngine.vcxproj]
  (compiling source file '../../HuaEngine/src/HuaEngine/Test/TestReflection.cpp')
      D:\Workspace\VS Workspace\HuaEngine\HuaEngine\src\HuaEngine\ECS\Entity.h(28,8):
      This diagnostic occurred in the compiler generated function 'bool HE::Entity::HasComponent(void)'
  
D:\Workspace\VS Workspace\HuaEngine\HuaEngine\src\HuaEngine\ECS\Components.h(42,3): error C2760: syntax error: '}' was unexpected here; expected ';' [D:\Workspace\VS Workspace\HuaEngine\build\HuaEngine\HuaEngine.vcxproj]
  (compiling source file '../../HuaEngine/src/HuaEngine/Test/TestReflection.cpp')
      D:\Workspace\VS Workspace\HuaEngine\HuaEngine\src\HuaEngine\ECS\Components.h(39,8):
      This diagnostic occurred in the compiler generated function 'void HE::NativeScriptComponent::Bind(void)'
  
D:\Workspace\VS Workspace\HuaEngine\Dependencies\entt\entt.hpp(6046,1): warning C4828: The file contains a character starting at offset 0x3a191 that is illegal in the current source character set (codepage 65001). [D:\Workspace\VS Workspace\HuaEngine\build\HuaEngine\HuaEngine.vcxproj]
  (compiling source file '../../HuaEngine/src/HuaEngine/Test/TestReflection.cpp')
  
D:\Workspace\VS Workspace\HuaEngine\Dependencies\entt\entt.hpp(6046,1): warning C4828: The file contains a character starting at offset 0x3a197 that is illegal in the current source character set (codepage 65001). [D:\Workspace\VS Workspace\HuaEngine\build\HuaEngine\HuaEngine.vcxproj]
  (compiling source file '../../HuaEngine/src/HuaEngine/Test/TestReflection.cpp')
  
D:\Workspace\VS Workspace\HuaEngine\Dependencies\entt\entt.hpp(8355,1): warning C4828: The file contains a character starting at offset 0x52025 that is illegal in the current source character set (codepage 65001). [D:\Workspace\VS Workspace\HuaEngine\build\HuaEngine\HuaEngine.vcxproj]
  (compiling source file '../../HuaEngine/src/HuaEngine/Test/TestReflection.cpp')
  
D:\Workspace\VS Workspace\HuaEngine\Dependencies\entt\entt.hpp(8355,1): warning C4828: The file contains a character starting at offset 0x5202b that is illegal in the current source character set (codepage 65001). [D:\Workspace\VS Workspace\HuaEngine\build\HuaEngine\HuaEngine.vcxproj]
  (compiling source file '../../HuaEngine/src/HuaEngine/Test/TestReflection.cpp')
  
D:\Workspace\VS Workspace\HuaEngine\Dependencies\entt\entt.hpp(13868,1): warning C4828: The file contains a character starting at offset 0x7f0c0 that is illegal in the current source character set (codepage 65001). [D:\Workspace\VS Workspace\HuaEngine\build\HuaEngine\HuaEngine.vcxproj]
  (compiling source file '../../HuaEngine/src/HuaEngine/Test/TestReflection.cpp')
  
D:\Workspace\VS Workspace\HuaEngine\Dependencies\entt\entt.hpp(13868,1): warning C4828: The file contains a character starting at offset 0x7f0c6 that is illegal in the current source character set (codepage 65001). [D:\Workspace\VS Workspace\HuaEngine\build\HuaEngine\HuaEngine.vcxproj]
  (compiling source file '../../HuaEngine/src/HuaEngine/Test/TestReflection.cpp')
  
D:\Workspace\VS Workspace\HuaEngine\Dependencies\entt\entt.hpp(59711,1): warning C4828: The file contains a character starting at offset 0x230043 that is illegal in the current source character set (codepage 65001). [D:\Workspace\VS Workspace\HuaEngine\build\HuaEngine\HuaEngine.vcxproj]
  (compiling source file '../../HuaEngine/src/HuaEngine/Test/TestReflection.cpp')
  
D:\Workspace\VS Workspace\HuaEngine\Dependencies\entt\entt.hpp(59711,1): warning C4828: The file contains a character starting at offset 0x230049 that is illegal in the current source character set (codepage 65001). [D:\Workspace\VS Workspace\HuaEngine\build\HuaEngine\HuaEngine.vcxproj]
  (compiling source file '../../HuaEngine/src/HuaEngine/Test/TestReflection.cpp')
  
D:\Workspace\VS Workspace\HuaEngine\Dependencies\entt\entt.hpp(71606,1): warning C4828: The file contains a character starting at offset 0x2a7cf1 that is illegal in the current source character set (codepage 65001). [D:\Workspace\VS Workspace\HuaEngine\build\HuaEngine\HuaEngine.vcxproj]
  (compiling source file '../../HuaEngine/src/HuaEngine/Test/TestReflection.cpp')
  
D:\Workspace\VS Workspace\HuaEngine\Dependencies\entt\entt.hpp(71606,1): warning C4828: The file contains a character starting at offset 0x2a7cf7 that is illegal in the current source character set (codepage 65001). [D:\Workspace\VS Workspace\HuaEngine\build\HuaEngine\HuaEngine.vcxproj]
  (compiling source file '../../HuaEngine/src/HuaEngine/Test/TestReflection.cpp')
  
D:\Workspace\VS Workspace\HuaEngine\Dependencies\entt\entt.hpp(91527,1): warning C4828: The file contains a character starting at offset 0x35f91d that is illegal in the current source character set (codepage 65001). [D:\Workspace\VS Workspace\HuaEngine\build\HuaEngine\HuaEngine.vcxproj]
  (compiling source file '../../HuaEngine/src/HuaEngine/Test/TestReflection.cpp')
  
D:\Workspace\VS Workspace\HuaEngine\Dependencies\entt\entt.hpp(91527,1): warning C4828: The file contains a character starting at offset 0x35f923 that is illegal in the current source character set (codepage 65001). [D:\Workspace\VS Workspace\HuaEngine\build\HuaEngine\HuaEngine.vcxproj]
  (compiling source file '../../HuaEngine/src/HuaEngine/Test/TestReflection.cpp')
  
D:\Workspace\VS Workspace\HuaEngine\HuaEngine\src\HuaEngine\ECS\ScriptableEntity.h(18,44): error C3861: 'm_EntityHandle': identifier not found [D:\Workspace\VS Workspace\HuaEngine\build\HuaEngine\HuaEngine.vcxproj]
  (compiling source file '../../HuaEngine/src/HuaEngine/Test/TestReflection.cpp')
      D:\Workspace\VS Workspace\HuaEngine\HuaEngine\src\HuaEngine\ECS\ScriptableEntity.h(17,6):
      This diagnostic occurred in the compiler generated function 'T &HE::ScriptableEntity::GetComponent(void)'
  
D:\Workspace\VS Workspace\HuaEngine\HuaEngine\src\HuaEngine\ECS\ScriptableEntity.h(18,44): error C2065: 'm_EntityHandle': undeclared identifier [D:\Workspace\VS Workspace\HuaEngine\build\HuaEngine\HuaEngine.vcxproj]
  (compiling source file '../../HuaEngine/src/HuaEngine/Test/TestReflection.cpp')
      D:\Workspace\VS Workspace\HuaEngine\HuaEngine\src\HuaEngine\ECS\ScriptableEntity.h(17,6):
      This diagnostic occurred in the compiler generated function 'T &HE::ScriptableEntity::GetComponent(void)'
  
D:\Workspace\VS Workspace\HuaEngine\HuaEngine\src\HuaEngine\ECS\ScriptableEntity.h(24,36): error C3861: 'm_EntityHandle': identifier not found [D:\Workspace\VS Workspace\HuaEngine\build\HuaEngine\HuaEngine.vcxproj]
  (compiling source file '../../HuaEngine/src/HuaEngine/Test/TestReflection.cpp')
      D:\Workspace\VS Workspace\HuaEngine\HuaEngine\src\HuaEngine\ECS\ScriptableEntity.h(23,8):
      This diagnostic occurred in the compiler generated function 'bool HE::ScriptableEntity::HasComponent(void)'
  
D:\Workspace\VS Workspace\HuaEngine\HuaEngine\src\HuaEngine\ECS\ScriptableEntity.h(24,36): error C2065: 'm_EntityHandle': undeclared identifier [D:\Workspace\VS Workspace\HuaEngine\build\HuaEngine\HuaEngine.vcxproj]
  (compiling source file '../../HuaEngine/src/HuaEngine/Test/TestReflection.cpp')
      D:\Workspace\VS Workspace\HuaEngine\HuaEngine\src\HuaEngine\ECS\ScriptableEntity.h(23,8):
      This diagnostic occurred in the compiler generated function 'bool HE::ScriptableEntity::HasComponent(void)'
  
  RenderSystem.cpp
D:\Workspace\VS Workspace\HuaEngine\HuaEngine\src\HuaEngine\Reflection\TypeList.h(95,70): error C3878: syntax error: unexpected token ';' following 'typename-specifier' [D:\Workspace\VS Workspace\HuaEngine\build\HuaEngine\HuaEngine.vcxproj]
  (compiling source file '../../HuaEngine/src/Module/Rendering/RenderSystem.cpp')
      D:\Workspace\VS Workspace\HuaEngine\HuaEngine\src\HuaEngine\Reflection\TypeList.h(95,70):
      missing one of: '(' '{' ?
  
D:\Workspace\VS Workspace\HuaEngine\HuaEngine\src\HuaEngine\ECS\Components.h(42,3): error C2760: syntax error: '}' was unexpected here; expected ';' [D:\Workspace\VS Workspace\HuaEngine\build\HuaEngine\HuaEngine.vcxproj]
  (compiling source file '../../HuaEngine/src/Module/Rendering/RenderSystem.cpp')
      D:\Workspace\VS Workspace\HuaEngine\HuaEngine\src\HuaEngine\ECS\Components.h(39,8):
      This diagnostic occurred in the compiler generated function 'void HE::NativeScriptComponent::Bind(void)'
  
D:\Workspace\VS Workspace\HuaEngine\Dependencies\entt\entt.hpp(6046,1): warning C4828: The file contains a character starting at offset 0x3a191 that is illegal in the current source character set (codepage 65001). [D:\Workspace\VS Workspace\HuaEngine\build\HuaEngine\HuaEngine.vcxproj]
  (compiling source file '../../HuaEngine/src/Module/Rendering/RenderSystem.cpp')
  
D:\Workspace\VS Workspace\HuaEngine\Dependencies\entt\entt.hpp(6046,1): warning C4828: The file contains a character starting at offset 0x3a197 that is illegal in the current source character set (codepage 65001). [D:\Workspace\VS Workspace\HuaEngine\build\HuaEngine\HuaEngine.vcxproj]
  (compiling source file '../../HuaEngine/src/Module/Rendering/RenderSystem.cpp')
  
D:\Workspace\VS Workspace\HuaEngine\Dependencies\entt\entt.hpp(8355,1): warning C4828: The file contains a character starting at offset 0x52025 that is illegal in the current source character set (codepage 65001). [D:\Workspace\VS Workspace\HuaEngine\build\HuaEngine\HuaEngine.vcxproj]
  (compiling source file '../../HuaEngine/src/Module/Rendering/RenderSystem.cpp')
  
D:\Workspace\VS Workspace\HuaEngine\Dependencies\entt\entt.hpp(8355,1): warning C4828: The file contains a character starting at offset 0x5202b that is illegal in the current source character set (codepage 65001). [D:\Workspace\VS Workspace\HuaEngine\build\HuaEngine\HuaEngine.vcxproj]
  (compiling source file '../../HuaEngine/src/Module/Rendering/RenderSystem.cpp')
  
D:\Workspace\VS Workspace\HuaEngine\Dependencies\entt\entt.hpp(13868,1): warning C4828: The file contains a character starting at offset 0x7f0c0 that is illegal in the current source character set (codepage 65001). [D:\Workspace\VS Workspace\HuaEngine\build\HuaEngine\HuaEngine.vcxproj]
  (compiling source file '../../HuaEngine/src/Module/Rendering/RenderSystem.cpp')
  
D:\Workspace\VS Workspace\HuaEngine\Dependencies\entt\entt.hpp(13868,1): warning C4828: The file contains a character starting at offset 0x7f0c6 that is illegal in the current source character set (codepage 65001). [D:\Workspace\VS Workspace\HuaEngine\build\HuaEngine\HuaEngine.vcxproj]
  (compiling source file '../../HuaEngine/src/Module/Rendering/RenderSystem.cpp')
  
D:\Workspace\VS Workspace\HuaEngine\Dependencies\entt\entt.hpp(59711,1): warning C4828: The file contains a character starting at offset 0x230043 that is illegal in the current source character set (codepage 65001). [D:\Workspace\VS Workspace\HuaEngine\build\HuaEngine\HuaEngine.vcxproj]
  (compiling source file '../../HuaEngine/src/Module/Rendering/RenderSystem.cpp')
  
D:\Workspace\VS Workspace\HuaEngine\Dependencies\entt\entt.hpp(59711,1): warning C4828: The file contains a character starting at offset 0x230049 that is illegal in the current source character set (codepage 65001). [D:\Workspace\VS Workspace\HuaEngine\build\HuaEngine\HuaEngine.vcxproj]
  (compiling source file '../../HuaEngine/src/Module/Rendering/RenderSystem.cpp')
  
D:\Workspace\VS Workspace\HuaEngine\Dependencies\entt\entt.hpp(71606,1): warning C4828: The file contains a character starting at offset 0x2a7cf1 that is illegal in the current source character set (codepage 65001). [D:\Workspace\VS Workspace\HuaEngine\build\HuaEngine\HuaEngine.vcxproj]
  (compiling source file '../../HuaEngine/src/Module/Rendering/RenderSystem.cpp')
  
D:\Workspace\VS Workspace\HuaEngine\Dependencies\entt\entt.hpp(71606,1): warning C4828: The file contains a character starting at offset 0x2a7cf7 that is illegal in the current source character set (codepage 65001). [D:\Workspace\VS Workspace\HuaEngine\build\HuaEngine\HuaEngine.vcxproj]
  (compiling source file '../../HuaEngine/src/Module/Rendering/RenderSystem.cpp')
  
D:\Workspace\VS Workspace\HuaEngine\Dependencies\entt\entt.hpp(91527,1): warning C4828: The file contains a character starting at offset 0x35f91d that is illegal in the current source character set (codepage 65001). [D:\Workspace\VS Workspace\HuaEngine\build\HuaEngine\HuaEngine.vcxproj]
  (compiling source file '../../HuaEngine/src/Module/Rendering/RenderSystem.cpp')
  
D:\Workspace\VS Workspace\HuaEngine\Dependencies\entt\entt.hpp(91527,1): warning C4828: The file contains a character starting at offset 0x35f923 that is illegal in the current source character set (codepage 65001). [D:\Workspace\VS Workspace\HuaEngine\build\HuaEngine\HuaEngine.vcxproj]
  (compiling source file '../../HuaEngine/src/Module/Rendering/RenderSystem.cpp')
  
D:\Workspace\VS Workspace\HuaEngine\Dependencies\entt\entt.hpp(6046,1): warning C4828: The file contains a character starting at offset 0x3a191 that is illegal in the current source character set (codepage 65001). [D:\Workspace\VS Workspace\HuaEngine\build\HuaEngine\HuaEngine.vcxproj]
  (compiling source file '../../HuaEngine/src/Module/Rendering/RenderSystem.cpp')
  
D:\Workspace\VS Workspace\HuaEngine\Dependencies\entt\entt.hpp(6046,1): warning C4828: The file contains a character starting at offset 0x3a197 that is illegal in the current source character set (codepage 65001). [D:\Workspace\VS Workspace\HuaEngine\build\HuaEngine\HuaEngine.vcxproj]
  (compiling source file '../../HuaEngine/src/Module/Rendering/RenderSystem.cpp')
  
D:\Workspace\VS Workspace\HuaEngine\Dependencies\entt\entt.hpp(8355,1): warning C4828: The file contains a character starting at offset 0x52025 that is illegal in the current source character set (codepage 65001). [D:\Workspace\VS Workspace\HuaEngine\build\HuaEngine\HuaEngine.vcxproj]
  (compiling source file '../../HuaEngine/src/Module/Rendering/RenderSystem.cpp')
  
D:\Workspace\VS Workspace\HuaEngine\Dependencies\entt\entt.hpp(8355,1): warning C4828: The file contains a character starting at offset 0x5202b that is illegal in the current source character set (codepage 65001). [D:\Workspace\VS Workspace\HuaEngine\build\HuaEngine\HuaEngine.vcxproj]
  (compiling source file '../../HuaEngine/src/Module/Rendering/RenderSystem.cpp')
  
D:\Workspace\VS Workspace\HuaEngine\Dependencies\entt\entt.hpp(13868,1): warning C4828: The file contains a character starting at offset 0x7f0c0 that is illegal in the current source character set (codepage 65001). [D:\Workspace\VS Workspace\HuaEngine\build\HuaEngine\HuaEngine.vcxproj]
  (compiling source file '../../HuaEngine/src/Module/Rendering/RenderSystem.cpp')
  
D:\Workspace\VS Workspace\HuaEngine\Dependencies\entt\entt.hpp(13868,1): warning C4828: The file contains a character starting at offset 0x7f0c6 that is illegal in the current source character set (codepage 65001). [D:\Workspace\VS Workspace\HuaEngine\build\HuaEngine\HuaEngine.vcxproj]
  (compiling source file '../../HuaEngine/src/Module/Rendering/RenderSystem.cpp')
  
D:\Workspace\VS Workspace\HuaEngine\Dependencies\entt\entt.hpp(59711,1): warning C4828: The file contains a character starting at offset 0x230043 that is illegal in the current source character set (codepage 65001). [D:\Workspace\VS Workspace\HuaEngine\build\HuaEngine\HuaEngine.vcxproj]
  (compiling source file '../../HuaEngine/src/Module/Rendering/RenderSystem.cpp')
  
D:\Workspace\VS Workspace\HuaEngine\Dependencies\entt\entt.hpp(59711,1): warning C4828: The file contains a character starting at offset 0x230049 that is illegal in the current source character set (codepage 65001). [D:\Workspace\VS Workspace\HuaEngine\build\HuaEngine\HuaEngine.vcxproj]
  (compiling source file '../../HuaEngine/src/Module/Rendering/RenderSystem.cpp')
  
D:\Workspace\VS Workspace\HuaEngine\Dependencies\entt\entt.hpp(71606,1): warning C4828: The file contains a character starting at offset 0x2a7cf1 that is illegal in the current source character set (codepage 65001). [D:\Workspace\VS Workspace\HuaEngine\build\HuaEngine\HuaEngine.vcxproj]
  (compiling source file '../../HuaEngine/src/Module/Rendering/RenderSystem.cpp')
  
D:\Workspace\VS Workspace\HuaEngine\Dependencies\entt\entt.hpp(71606,1): warning C4828: The file contains a character starting at offset 0x2a7cf7 that is illegal in the current source character set (codepage 65001). [D:\Workspace\VS Workspace\HuaEngine\build\HuaEngine\HuaEngine.vcxproj]
  (compiling source file '../../HuaEngine/src/Module/Rendering/RenderSystem.cpp')
  
D:\Workspace\VS Workspace\HuaEngine\Dependencies\entt\entt.hpp(91527,1): warning C4828: The file contains a character starting at offset 0x35f91d that is illegal in the current source character set (codepage 65001). [D:\Workspace\VS Workspace\HuaEngine\build\HuaEngine\HuaEngine.vcxproj]
  (compiling source file '../../HuaEngine/src/Module/Rendering/RenderSystem.cpp')
  
D:\Workspace\VS Workspace\HuaEngine\Dependencies\entt\entt.hpp(91527,1): warning C4828: The file contains a character starting at offset 0x35f923 that is illegal in the current source character set (codepage 65001). [D:\Workspace\VS Workspace\HuaEngine\build\HuaEngine\HuaEngine.vcxproj]
  (compiling source file '../../HuaEngine/src/Module/Rendering/RenderSystem.cpp')
  
D:\Workspace\VS Workspace\HuaEngine\HuaEngine\src\HuaEngine\ECS\Entity.h(29,44): error C3878: syntax error: unexpected token '>' following 'simple-type-specifier' [D:\Workspace\VS Workspace\HuaEngine\build\HuaEngine\HuaEngine.vcxproj]
  (compiling source file '../../HuaEngine/src/Module/Rendering/RenderSystem.cpp')
      D:\Workspace\VS Workspace\HuaEngine\HuaEngine\src\HuaEngine\ECS\Entity.h(29,44):
      missing one of: '(' '{' ?
      D:\Workspace\VS Workspace\HuaEngine\HuaEngine\src\HuaEngine\ECS\Entity.h(28,8):
      This diagnostic occurred in the compiler generated function 'bool HE::Entity::HasComponent(void)'
  
D:\Workspace\VS Workspace\HuaEngine\HuaEngine\src\HuaEngine\ECS\Entity.h(29,44): error C3878: syntax error: unexpected token '>' following 'expression' [D:\Workspace\VS Workspace\HuaEngine\build\HuaEngine\HuaEngine.vcxproj]
  (compiling source file '../../HuaEngine/src/Module/Rendering/RenderSystem.cpp')
      D:\Workspace\VS Workspace\HuaEngine\HuaEngine\src\HuaEngine\ECS\Entity.h(28,8):
      This diagnostic occurred in the compiler generated function 'bool HE::Entity::HasComponent(void)'
  
D:\Workspace\VS Workspace\HuaEngine\HuaEngine\src\HuaEngine\ECS\Entity.h(29,60): error C2760: syntax error: ')' was unexpected here; expected ';' [D:\Workspace\VS Workspace\HuaEngine\build\HuaEngine\HuaEngine.vcxproj]
  (compiling source file '../../HuaEngine/src/Module/Rendering/RenderSystem.cpp')
      D:\Workspace\VS Workspace\HuaEngine\HuaEngine\src\HuaEngine\ECS\Entity.h(28,8):
      This diagnostic occurred in the compiler generated function 'bool HE::Entity::HasComponent(void)'
  
D:\Workspace\VS Workspace\HuaEngine\HuaEngine\src\HuaEngine\ECS\Entity.h(29,60): error C3878: syntax error: unexpected token ')' following 'jump-statement' [D:\Workspace\VS Workspace\HuaEngine\build\HuaEngine\HuaEngine.vcxproj]
  (compiling source file '../../HuaEngine/src/Module/Rendering/RenderSystem.cpp')
      D:\Workspace\VS Workspace\HuaEngine\HuaEngine\src\HuaEngine\ECS\Entity.h(28,8):
      This diagnostic occurred in the compiler generated function 'bool HE::Entity::HasComponent(void)'
  
D:\Workspace\VS Workspace\HuaEngine\Dependencies\entt\entt.hpp(6046,1): warning C4828: The file contains a character starting at offset 0x3a191 that is illegal in the current source character set (codepage 65001). [D:\Workspace\VS Workspace\HuaEngine\build\HuaEngine\HuaEngine.vcxproj]
  (compiling source file '../../HuaEngine/src/Module/Rendering/RenderSystem.cpp')
  
D:\Workspace\VS Workspace\HuaEngine\Dependencies\entt\entt.hpp(6046,1): warning C4828: The file contains a character starting at offset 0x3a197 that is illegal in the current source character set (codepage 65001). [D:\Workspace\VS Workspace\HuaEngine\build\HuaEngine\HuaEngine.vcxproj]
  (compiling source file '../../HuaEngine/src/Module/Rendering/RenderSystem.cpp')
  
D:\Workspace\VS Workspace\HuaEngine\Dependencies\entt\entt.hpp(8355,1): warning C4828: The file contains a character starting at offset 0x52025 that is illegal in the current source character set (codepage 65001). [D:\Workspace\VS Workspace\HuaEngine\build\HuaEngine\HuaEngine.vcxproj]
  (compiling source file '../../HuaEngine/src/Module/Rendering/RenderSystem.cpp')
  
D:\Workspace\VS Workspace\HuaEngine\Dependencies\entt\entt.hpp(8355,1): warning C4828: The file contains a character starting at offset 0x5202b that is illegal in the current source character set (codepage 65001). [D:\Workspace\VS Workspace\HuaEngine\build\HuaEngine\HuaEngine.vcxproj]
  (compiling source file '../../HuaEngine/src/Module/Rendering/RenderSystem.cpp')
  
D:\Workspace\VS Workspace\HuaEngine\Dependencies\entt\entt.hpp(13868,1): warning C4828: The file contains a character starting at offset 0x7f0c0 that is illegal in the current source character set (codepage 65001). [D:\Workspace\VS Workspace\HuaEngine\build\HuaEngine\HuaEngine.vcxproj]
  (compiling source file '../../HuaEngine/src/Module/Rendering/RenderSystem.cpp')
  
D:\Workspace\VS Workspace\HuaEngine\Dependencies\entt\entt.hpp(13868,1): warning C4828: The file contains a character starting at offset 0x7f0c6 that is illegal in the current source character set (codepage 65001). [D:\Workspace\VS Workspace\HuaEngine\build\HuaEngine\HuaEngine.vcxproj]
  (compiling source file '../../HuaEngine/src/Module/Rendering/RenderSystem.cpp')
  
D:\Workspace\VS Workspace\HuaEngine\Dependencies\entt\entt.hpp(59711,1): warning C4828: The file contains a character starting at offset 0x230043 that is illegal in the current source character set (codepage 65001). [D:\Workspace\VS Workspace\HuaEngine\build\HuaEngine\HuaEngine.vcxproj]
  (compiling source file '../../HuaEngine/src/Module/Rendering/RenderSystem.cpp')
  
D:\Workspace\VS Workspace\HuaEngine\Dependencies\entt\entt.hpp(59711,1): warning C4828: The file contains a character starting at offset 0x230049 that is illegal in the current source character set (codepage 65001). [D:\Workspace\VS Workspace\HuaEngine\build\HuaEngine\HuaEngine.vcxproj]
  (compiling source file '../../HuaEngine/src/Module/Rendering/RenderSystem.cpp')
  
D:\Workspace\VS Workspace\HuaEngine\Dependencies\entt\entt.hpp(71606,1): warning C4828: The file contains a character starting at offset 0x2a7cf1 that is illegal in the current source character set (codepage 65001). [D:\Workspace\VS Workspace\HuaEngine\build\HuaEngine\HuaEngine.vcxproj]
  (compiling source file '../../HuaEngine/src/Module/Rendering/RenderSystem.cpp')
  
D:\Workspace\VS Workspace\HuaEngine\Dependencies\entt\entt.hpp(71606,1): warning C4828: The file contains a character starting at offset 0x2a7cf7 that is illegal in the current source character set (codepage 65001). [D:\Workspace\VS Workspace\HuaEngine\build\HuaEngine\HuaEngine.vcxproj]
  (compiling source file '../../HuaEngine/src/Module/Rendering/RenderSystem.cpp')
  
D:\Workspace\VS Workspace\HuaEngine\Dependencies\entt\entt.hpp(91527,1): warning C4828: The file contains a character starting at offset 0x35f91d that is illegal in the current source character set (codepage 65001). [D:\Workspace\VS Workspace\HuaEngine\build\HuaEngine\HuaEngine.vcxproj]
  (compiling source file '../../HuaEngine/src/Module/Rendering/RenderSystem.cpp')
  
D:\Workspace\VS Workspace\HuaEngine\Dependencies\entt\entt.hpp(91527,1): warning C4828: The file contains a character starting at offset 0x35f923 that is illegal in the current source character set (codepage 65001). [D:\Workspace\VS Workspace\HuaEngine\build\HuaEngine\HuaEngine.vcxproj]
  (compiling source file '../../HuaEngine/src/Module/Rendering/RenderSystem.cpp')
  
D:\Workspace\VS Workspace\HuaEngine\HuaEngine\src\Module\Rendering\RenderSystem.cpp(9,20): error C2440: 'initializing': cannot convert from 'entt::basic_view<entt::get_t<entt::basic_sigh_mixin<entt::basic_storage<Type,Entity,Allocator,void>,entt::basic_registry<Entity,std::allocator<Entity>>>>,entt::exclude_t<>,void>' to 'entt::basic_view<entt::get_t<entt::basic_sigh_mixin<entt::basic_storage<Type,Entity,Allocator,void>,entt::basic_registry<Entity,std::allocator<Entity>>>>,entt::exclude_t<>,void> &' [D:\Workspace\VS Workspace\HuaEngine\build\HuaEngine\HuaEngine.vcxproj]
D:\Workspace\VS Workspace\HuaEngine\HuaEngine\src\Module\Rendering\RenderSystem.cpp(9,20): error C2440:         with [D:\Workspace\VS Workspace\HuaEngine\build\HuaEngine\HuaEngine.vcxproj]
D:\Workspace\VS Workspace\HuaEngine\HuaEngine\src\Module\Rendering\RenderSystem.cpp(9,20): error C2440:         [ [D:\Workspace\VS Workspace\HuaEngine\build\HuaEngine\HuaEngine.vcxproj]
D:\Workspace\VS Workspace\HuaEngine\HuaEngine\src\Module\Rendering\RenderSystem.cpp(9,20): error C2440:             Type=HE::Rendering::CameraComponent, [D:\Workspace\VS Workspace\HuaEngine\build\HuaEngine\HuaEngine.vcxproj]
D:\Workspace\VS Workspace\HuaEngine\HuaEngine\src\Module\Rendering\RenderSystem.cpp(9,20): error C2440:             Entity=entt::entity, [D:\Workspace\VS Workspace\HuaEngine\build\HuaEngine\HuaEngine.vcxproj]
D:\Workspace\VS Workspace\HuaEngine\HuaEngine\src\Module\Rendering\RenderSystem.cpp(9,20): error C2440:             Allocator=std::allocator<HE::Rendering::CameraComponent> [D:\Workspace\VS Workspace\HuaEngine\build\HuaEngine\HuaEngine.vcxproj]
D:\Workspace\VS Workspace\HuaEngine\HuaEngine\src\Module\Rendering\RenderSystem.cpp(9,20): error C2440:         ] [D:\Workspace\VS Workspace\HuaEngine\build\HuaEngine\HuaEngine.vcxproj]
  (compiling source file '../../HuaEngine/src/Module/Rendering/RenderSystem.cpp')
      D:\Workspace\VS Workspace\HuaEngine\HuaEngine\src\Module\Rendering\RenderSystem.cpp(9,20):
      A non-const reference may only be bound to an lvalue
  
D:\Workspace\VS Workspace\HuaEngine\HuaEngine\src\Module\Rendering\RenderSystem.cpp(18,28): error C2440: 'initializing': cannot convert from 'entt::basic_view<entt::get_t<entt::basic_sigh_mixin<entt::basic_storage<Type,Entity,Allocator,void>,entt::basic_registry<Entity,std::allocator<Entity>>>,entt::basic_sigh_mixin<entt::basic_storage<HE::Rendering::MeshComponent,Entity,std::allocator<HE::Rendering::MeshComponent>,void>,entt::basic_registry<Entity,std::allocator<Entity>>>,entt::basic_sigh_mixin<entt::basic_storage<HE::Rendering::MaterialComponent,Entity,std::allocator<HE::Rendering::MaterialComponent>,void>,entt::basic_registry<Entity,std::allocator<Entity>>>>,entt::exclude_t<>,void>' to 'entt::basic_view<entt::get_t<entt::basic_sigh_mixin<entt::basic_storage<Type,Entity,Allocator,void>,entt::basic_registry<Entity,std::allocator<Entity>>>,entt::basic_sigh_mixin<entt::basic_storage<HE::Rendering::MeshComponent,Entity,std::allocator<HE::Rendering::MeshComponent>,void>,entt::basic_registry<Entity,std::allocator<Entity>>>,entt::basic_sigh_mixin<entt::basic_storage<HE::Rendering::MaterialComponent,Entity,std::allocator<HE::Rendering::MaterialComponent>,void>,entt::basic_registry<Entity,std::allocator<Entity>>>>,entt::exclude_t<>,void> &' [D:\Workspace\VS Workspace\HuaEngine\build\HuaEngine\HuaEngine.vcxproj]
D:\Workspace\VS Workspace\HuaEngine\HuaEngine\src\Module\Rendering\RenderSystem.cpp(18,28): error C2440:         with [D:\Workspace\VS Workspace\HuaEngine\build\HuaEngine\HuaEngine.vcxproj]
D:\Workspace\VS Workspace\HuaEngine\HuaEngine\src\Module\Rendering\RenderSystem.cpp(18,28): error C2440:         [ [D:\Workspace\VS Workspace\HuaEngine\build\HuaEngine\HuaEngine.vcxproj]
D:\Workspace\VS Workspace\HuaEngine\HuaEngine\src\Module\Rendering\RenderSystem.cpp(18,28): error C2440:             Type=HE::TransformComponent, [D:\Workspace\VS Workspace\HuaEngine\build\HuaEngine\HuaEngine.vcxproj]
D:\Workspace\VS Workspace\HuaEngine\HuaEngine\src\Module\Rendering\RenderSystem.cpp(18,28): error C2440:             Entity=entt::entity, [D:\Workspace\VS Workspace\HuaEngine\build\HuaEngine\HuaEngine.vcxproj]
D:\Workspace\VS Workspace\HuaEngine\HuaEngine\src\Module\Rendering\RenderSystem.cpp(18,28): error C2440:             Allocator=std::allocator<HE::TransformComponent> [D:\Workspace\VS Workspace\HuaEngine\build\HuaEngine\HuaEngine.vcxproj]
D:\Workspace\VS Workspace\HuaEngine\HuaEngine\src\Module\Rendering\RenderSystem.cpp(18,28): error C2440:         ] [D:\Workspace\VS Workspace\HuaEngine\build\HuaEngine\HuaEngine.vcxproj]
  (compiling source file '../../HuaEngine/src/Module/Rendering/RenderSystem.cpp')
      D:\Workspace\VS Workspace\HuaEngine\HuaEngine\src\Module\Rendering\RenderSystem.cpp(18,28):
      A non-const reference may only be bound to an lvalue
  
  OpenGLContext.cpp
  OpenGLFrameBuffer.cpp
  OpenGLIndexBuffer.cpp
  OpenGLRendererAPI.cpp
  OpenGLShader.cpp
  Generating Code...
  Compiling...
  OpenGLTexture2D.cpp
  OpenGLVertexArray.cpp
D:\Workspace\VS Workspace\HuaEngine\HuaEngine\src\Platform\OpenGL\OpenGLVertexArray.cpp(54,5): warning C4312: 'type cast': conversion from 'const uint32_t' to 'const void *' of greater size [D:\Workspace\VS Workspace\HuaEngine\build\HuaEngine\HuaEngine.vcxproj]
  (compiling source file '../../HuaEngine/src/Platform/OpenGL/OpenGLVertexArray.cpp')
  
  OpenGLVertexBuffer.cpp
  WindowsInput.cpp
  WindowsWindow.cpp
  enginepch.cpp
  stb_image.cpp
  stb_image_write.cpp
  Generating Code...
