适用于 .NET Framework MSBuild 版本 17.14.18+a338add32

  GLAD.vcxproj -> D:\Workspace\VS Workspace\HuaEngine\build\bin\Debug-Windows-x64\GLAD.lib
  ImGui.vcxproj -> D:\Workspace\VS Workspace\HuaEngine\build\bin\Debug-Windows-x64\ImGui.lib
  glfw.vcxproj -> D:\Workspace\VS Workspace\HuaEngine\build\bin\Debug-Windows-x64\glfw3.lib
  Application.cpp
D:\Workspace\VS Workspace\HuaEngine\Dependencies\entt\entt.hpp(6046,1): warning C4828: The file contains a character starting at offset 0x3a191 that is illegal in the current source character set (codepage 65001). [D:\Workspace\VS Workspace\HuaEngine\build\HuaEngine\HuaEngine.vcxproj]
  (compiling source file '../../HuaEngine/src/HuaEngine/Application.cpp')
  
D:\Workspace\VS Workspace\HuaEngine\Dependencies\entt\entt.hpp(6046,1): warning C4828: The file contains a character starting at offset 0x3a197 that is illegal in the current source character set (codepage 65001). [D:\Workspace\VS Workspace\HuaEngine\build\HuaEngine\HuaEngine.vcxproj]
  (compiling source file '../../HuaEngine/src/HuaEngine/Application.cpp')
  
D:\Workspace\VS Workspace\HuaEngine\Dependencies\entt\entt.hpp(8355,1): warning C4828: The file contains a character starting at offset 0x52025 that is illegal in the current source character set (codepage 65001). [D:\Workspace\VS Workspace\HuaEngine\build\HuaEngine\HuaEngine.vcxproj]
  (compiling source file '../../HuaEngine/src/HuaEngine/Application.cpp')
  
D:\Workspace\VS Workspace\HuaEngine\Dependencies\entt\entt.hpp(8355,1): warning C4828: The file contains a character starting at offset 0x5202b that is illegal in the current source character set (codepage 65001). [D:\Workspace\VS Workspace\HuaEngine\build\HuaEngine\HuaEngine.vcxproj]
  (compiling source file '../../HuaEngine/src/HuaEngine/Application.cpp')
  
D:\Workspace\VS Workspace\HuaEngine\Dependencies\entt\entt.hpp(13868,1): warning C4828: The file contains a character starting at offset 0x7f0c0 that is illegal in the current source character set (codepage 65001). [D:\Workspace\VS Workspace\HuaEngine\build\HuaEngine\HuaEngine.vcxproj]
  (compiling source file '../../HuaEngine/src/HuaEngine/Application.cpp')
  
D:\Workspace\VS Workspace\HuaEngine\Dependencies\entt\entt.hpp(13868,1): warning C4828: The file contains a character starting at offset 0x7f0c6 that is illegal in the current source character set (codepage 65001). [D:\Workspace\VS Workspace\HuaEngine\build\HuaEngine\HuaEngine.vcxproj]
  (compiling source file '../../HuaEngine/src/HuaEngine/Application.cpp')
  
D:\Workspace\VS Workspace\HuaEngine\Dependencies\entt\entt.hpp(59711,1): warning C4828: The file contains a character starting at offset 0x230043 that is illegal in the current source character set (codepage 65001). [D:\Workspace\VS Workspace\HuaEngine\build\HuaEngine\HuaEngine.vcxproj]
  (compiling source file '../../HuaEngine/src/HuaEngine/Application.cpp')
  
D:\Workspace\VS Workspace\HuaEngine\Dependencies\entt\entt.hpp(59711,1): warning C4828: The file contains a character starting at offset 0x230049 that is illegal in the current source character set (codepage 65001). [D:\Workspace\VS Workspace\HuaEngine\build\HuaEngine\HuaEngine.vcxproj]
  (compiling source file '../../HuaEngine/src/HuaEngine/Application.cpp')
  
D:\Workspace\VS Workspace\HuaEngine\Dependencies\entt\entt.hpp(71606,1): warning C4828: The file contains a character starting at offset 0x2a7cf1 that is illegal in the current source character set (codepage 65001). [D:\Workspace\VS Workspace\HuaEngine\build\HuaEngine\HuaEngine.vcxproj]
  (compiling source file '../../HuaEngine/src/HuaEngine/Application.cpp')
  
D:\Workspace\VS Workspace\HuaEngine\Dependencies\entt\entt.hpp(71606,1): warning C4828: The file contains a character starting at offset 0x2a7cf7 that is illegal in the current source character set (codepage 65001). [D:\Workspace\VS Workspace\HuaEngine\build\HuaEngine\HuaEngine.vcxproj]
  (compiling source file '../../HuaEngine/src/HuaEngine/Application.cpp')
  
D:\Workspace\VS Workspace\HuaEngine\Dependencies\entt\entt.hpp(91527,1): warning C4828: The file contains a character starting at offset 0x35f91d that is illegal in the current source character set (codepage 65001). [D:\Workspace\VS Workspace\HuaEngine\build\HuaEngine\HuaEngine.vcxproj]
  (compiling source file '../../HuaEngine/src/HuaEngine/Application.cpp')
  
D:\Workspace\VS Workspace\HuaEngine\Dependencies\entt\entt.hpp(91527,1): warning C4828: The file contains a character starting at offset 0x35f923 that is illegal in the current source character set (codepage 65001). [D:\Workspace\VS Workspace\HuaEngine\build\HuaEngine\HuaEngine.vcxproj]
  (compiling source file '../../HuaEngine/src/HuaEngine/Application.cpp')
  
D:\Workspace\VS Workspace\HuaEngine\Dependencies\entt\entt.hpp(6046,1): warning C4828: The file contains a character starting at offset 0x3a191 that is illegal in the current source character set (codepage 65001). [D:\Workspace\VS Workspace\HuaEngine\build\HuaEngine\HuaEngine.vcxproj]
  (compiling source file '../../HuaEngine/src/HuaEngine/Application.cpp')
  
D:\Workspace\VS Workspace\HuaEngine\Dependencies\entt\entt.hpp(6046,1): warning C4828: The file contains a character starting at offset 0x3a197 that is illegal in the current source character set (codepage 65001). [D:\Workspace\VS Workspace\HuaEngine\build\HuaEngine\HuaEngine.vcxproj]
  (compiling source file '../../HuaEngine/src/HuaEngine/Application.cpp')
  
D:\Workspace\VS Workspace\HuaEngine\Dependencies\entt\entt.hpp(8355,1): warning C4828: The file contains a character starting at offset 0x52025 that is illegal in the current source character set (codepage 65001). [D:\Workspace\VS Workspace\HuaEngine\build\HuaEngine\HuaEngine.vcxproj]
  (compiling source file '../../HuaEngine/src/HuaEngine/Application.cpp')
  
D:\Workspace\VS Workspace\HuaEngine\Dependencies\entt\entt.hpp(8355,1): warning C4828: The file contains a character starting at offset 0x5202b that is illegal in the current source character set (codepage 65001). [D:\Workspace\VS Workspace\HuaEngine\build\HuaEngine\HuaEngine.vcxproj]
  (compiling source file '../../HuaEngine/src/HuaEngine/Application.cpp')
  
D:\Workspace\VS Workspace\HuaEngine\Dependencies\entt\entt.hpp(13868,1): warning C4828: The file contains a character starting at offset 0x7f0c0 that is illegal in the current source character set (codepage 65001). [D:\Workspace\VS Workspace\HuaEngine\build\HuaEngine\HuaEngine.vcxproj]
  (compiling source file '../../HuaEngine/src/HuaEngine/Application.cpp')
  
D:\Workspace\VS Workspace\HuaEngine\Dependencies\entt\entt.hpp(13868,1): warning C4828: The file contains a character starting at offset 0x7f0c6 that is illegal in the current source character set (codepage 65001). [D:\Workspace\VS Workspace\HuaEngine\build\HuaEngine\HuaEngine.vcxproj]
  (compiling source file '../../HuaEngine/src/HuaEngine/Application.cpp')
  
D:\Workspace\VS Workspace\HuaEngine\Dependencies\entt\entt.hpp(59711,1): warning C4828: The file contains a character starting at offset 0x230043 that is illegal in the current source character set (codepage 65001). [D:\Workspace\VS Workspace\HuaEngine\build\HuaEngine\HuaEngine.vcxproj]
  (compiling source file '../../HuaEngine/src/HuaEngine/Application.cpp')
  
D:\Workspace\VS Workspace\HuaEngine\Dependencies\entt\entt.hpp(59711,1): warning C4828: The file contains a character starting at offset 0x230049 that is illegal in the current source character set (codepage 65001). [D:\Workspace\VS Workspace\HuaEngine\build\HuaEngine\HuaEngine.vcxproj]
  (compiling source file '../../HuaEngine/src/HuaEngine/Application.cpp')
  
D:\Workspace\VS Workspace\HuaEngine\Dependencies\entt\entt.hpp(71606,1): warning C4828: The file contains a character starting at offset 0x2a7cf1 that is illegal in the current source character set (codepage 65001). [D:\Workspace\VS Workspace\HuaEngine\build\HuaEngine\HuaEngine.vcxproj]
  (compiling source file '../../HuaEngine/src/HuaEngine/Application.cpp')
  
D:\Workspace\VS Workspace\HuaEngine\Dependencies\entt\entt.hpp(71606,1): warning C4828: The file contains a character starting at offset 0x2a7cf7 that is illegal in the current source character set (codepage 65001). [D:\Workspace\VS Workspace\HuaEngine\build\HuaEngine\HuaEngine.vcxproj]
  (compiling source file '../../HuaEngine/src/HuaEngine/Application.cpp')
  
D:\Workspace\VS Workspace\HuaEngine\Dependencies\entt\entt.hpp(91527,1): warning C4828: The file contains a character starting at offset 0x35f91d that is illegal in the current source character set (codepage 65001). [D:\Workspace\VS Workspace\HuaEngine\build\HuaEngine\HuaEngine.vcxproj]
  (compiling source file '../../HuaEngine/src/HuaEngine/Application.cpp')
  
D:\Workspace\VS Workspace\HuaEngine\Dependencies\entt\entt.hpp(91527,1): warning C4828: The file contains a character starting at offset 0x35f923 that is illegal in the current source character set (codepage 65001). [D:\Workspace\VS Workspace\HuaEngine\build\HuaEngine\HuaEngine.vcxproj]
  (compiling source file '../../HuaEngine/src/HuaEngine/Application.cpp')
  
D:\Workspace\VS Workspace\HuaEngine\Dependencies\entt\entt.hpp(6046,1): warning C4828: The file contains a character starting at offset 0x3a191 that is illegal in the current source character set (codepage 65001). [D:\Workspace\VS Workspace\HuaEngine\build\HuaEngine\HuaEngine.vcxproj]
  (compiling source file '../../HuaEngine/src/HuaEngine/Application.cpp')
  
D:\Workspace\VS Workspace\HuaEngine\Dependencies\entt\entt.hpp(6046,1): warning C4828: The file contains a character starting at offset 0x3a197 that is illegal in the current source character set (codepage 65001). [D:\Workspace\VS Workspace\HuaEngine\build\HuaEngine\HuaEngine.vcxproj]
  (compiling source file '../../HuaEngine/src/HuaEngine/Application.cpp')
  
D:\Workspace\VS Workspace\HuaEngine\Dependencies\entt\entt.hpp(8355,1): warning C4828: The file contains a character starting at offset 0x52025 that is illegal in the current source character set (codepage 65001). [D:\Workspace\VS Workspace\HuaEngine\build\HuaEngine\HuaEngine.vcxproj]
  (compiling source file '../../HuaEngine/src/HuaEngine/Application.cpp')
  
D:\Workspace\VS Workspace\HuaEngine\Dependencies\entt\entt.hpp(8355,1): warning C4828: The file contains a character starting at offset 0x5202b that is illegal in the current source character set (codepage 65001). [D:\Workspace\VS Workspace\HuaEngine\build\HuaEngine\HuaEngine.vcxproj]
  (compiling source file '../../HuaEngine/src/HuaEngine/Application.cpp')
  
D:\Workspace\VS Workspace\HuaEngine\Dependencies\entt\entt.hpp(13868,1): warning C4828: The file contains a character starting at offset 0x7f0c0 that is illegal in the current source character set (codepage 65001). [D:\Workspace\VS Workspace\HuaEngine\build\HuaEngine\HuaEngine.vcxproj]
  (compiling source file '../../HuaEngine/src/HuaEngine/Application.cpp')
  
D:\Workspace\VS Workspace\HuaEngine\Dependencies\entt\entt.hpp(13868,1): warning C4828: The file contains a character starting at offset 0x7f0c6 that is illegal in the current source character set (codepage 65001). [D:\Workspace\VS Workspace\HuaEngine\build\HuaEngine\HuaEngine.vcxproj]
  (compiling source file '../../HuaEngine/src/HuaEngine/Application.cpp')
  
D:\Workspace\VS Workspace\HuaEngine\Dependencies\entt\entt.hpp(59711,1): warning C4828: The file contains a character starting at offset 0x230043 that is illegal in the current source character set (codepage 65001). [D:\Workspace\VS Workspace\HuaEngine\build\HuaEngine\HuaEngine.vcxproj]
  (compiling source file '../../HuaEngine/src/HuaEngine/Application.cpp')
  
D:\Workspace\VS Workspace\HuaEngine\Dependencies\entt\entt.hpp(59711,1): warning C4828: The file contains a character starting at offset 0x230049 that is illegal in the current source character set (codepage 65001). [D:\Workspace\VS Workspace\HuaEngine\build\HuaEngine\HuaEngine.vcxproj]
  (compiling source file '../../HuaEngine/src/HuaEngine/Application.cpp')
  
D:\Workspace\VS Workspace\HuaEngine\Dependencies\entt\entt.hpp(71606,1): warning C4828: The file contains a character starting at offset 0x2a7cf1 that is illegal in the current source character set (codepage 65001). [D:\Workspace\VS Workspace\HuaEngine\build\HuaEngine\HuaEngine.vcxproj]
  (compiling source file '../../HuaEngine/src/HuaEngine/Application.cpp')
  
D:\Workspace\VS Workspace\HuaEngine\Dependencies\entt\entt.hpp(71606,1): warning C4828: The file contains a character starting at offset 0x2a7cf7 that is illegal in the current source character set (codepage 65001). [D:\Workspace\VS Workspace\HuaEngine\build\HuaEngine\HuaEngine.vcxproj]
  (compiling source file '../../HuaEngine/src/HuaEngine/Application.cpp')
  
D:\Workspace\VS Workspace\HuaEngine\Dependencies\entt\entt.hpp(91527,1): warning C4828: The file contains a character starting at offset 0x35f91d that is illegal in the current source character set (codepage 65001). [D:\Workspace\VS Workspace\HuaEngine\build\HuaEngine\HuaEngine.vcxproj]
  (compiling source file '../../HuaEngine/src/HuaEngine/Application.cpp')
  
D:\Workspace\VS Workspace\HuaEngine\Dependencies\entt\entt.hpp(91527,1): warning C4828: The file contains a character starting at offset 0x35f923 that is illegal in the current source character set (codepage 65001). [D:\Workspace\VS Workspace\HuaEngine\build\HuaEngine\HuaEngine.vcxproj]
  (compiling source file '../../HuaEngine/src/HuaEngine/Application.cpp')
  
  LayerStack.cpp
  Entity.cpp
D:\Workspace\VS Workspace\HuaEngine\Dependencies\entt\entt.hpp(6046,1): warning C4828: The file contains a character starting at offset 0x3a191 that is illegal in the current source character set (codepage 65001). [D:\Workspace\VS Workspace\HuaEngine\build\HuaEngine\HuaEngine.vcxproj]
  (compiling source file '../../HuaEngine/src/HuaEngine/ECS/Entity.cpp')
  
D:\Workspace\VS Workspace\HuaEngine\Dependencies\entt\entt.hpp(6046,1): warning C4828: The file contains a character starting at offset 0x3a197 that is illegal in the current source character set (codepage 65001). [D:\Workspace\VS Workspace\HuaEngine\build\HuaEngine\HuaEngine.vcxproj]
  (compiling source file '../../HuaEngine/src/HuaEngine/ECS/Entity.cpp')
  
D:\Workspace\VS Workspace\HuaEngine\Dependencies\entt\entt.hpp(8355,1): warning C4828: The file contains a character starting at offset 0x52025 that is illegal in the current source character set (codepage 65001). [D:\Workspace\VS Workspace\HuaEngine\build\HuaEngine\HuaEngine.vcxproj]
  (compiling source file '../../HuaEngine/src/HuaEngine/ECS/Entity.cpp')
  
D:\Workspace\VS Workspace\HuaEngine\Dependencies\entt\entt.hpp(8355,1): warning C4828: The file contains a character starting at offset 0x5202b that is illegal in the current source character set (codepage 65001). [D:\Workspace\VS Workspace\HuaEngine\build\HuaEngine\HuaEngine.vcxproj]
  (compiling source file '../../HuaEngine/src/HuaEngine/ECS/Entity.cpp')
  
D:\Workspace\VS Workspace\HuaEngine\Dependencies\entt\entt.hpp(13868,1): warning C4828: The file contains a character starting at offset 0x7f0c0 that is illegal in the current source character set (codepage 65001). [D:\Workspace\VS Workspace\HuaEngine\build\HuaEngine\HuaEngine.vcxproj]
  (compiling source file '../../HuaEngine/src/HuaEngine/ECS/Entity.cpp')
  
D:\Workspace\VS Workspace\HuaEngine\Dependencies\entt\entt.hpp(13868,1): warning C4828: The file contains a character starting at offset 0x7f0c6 that is illegal in the current source character set (codepage 65001). [D:\Workspace\VS Workspace\HuaEngine\build\HuaEngine\HuaEngine.vcxproj]
  (compiling source file '../../HuaEngine/src/HuaEngine/ECS/Entity.cpp')
  
D:\Workspace\VS Workspace\HuaEngine\Dependencies\entt\entt.hpp(59711,1): warning C4828: The file contains a character starting at offset 0x230043 that is illegal in the current source character set (codepage 65001). [D:\Workspace\VS Workspace\HuaEngine\build\HuaEngine\HuaEngine.vcxproj]
  (compiling source file '../../HuaEngine/src/HuaEngine/ECS/Entity.cpp')
  
D:\Workspace\VS Workspace\HuaEngine\Dependencies\entt\entt.hpp(59711,1): warning C4828: The file contains a character starting at offset 0x230049 that is illegal in the current source character set (codepage 65001). [D:\Workspace\VS Workspace\HuaEngine\build\HuaEngine\HuaEngine.vcxproj]
  (compiling source file '../../HuaEngine/src/HuaEngine/ECS/Entity.cpp')
  
D:\Workspace\VS Workspace\HuaEngine\Dependencies\entt\entt.hpp(71606,1): warning C4828: The file contains a character starting at offset 0x2a7cf1 that is illegal in the current source character set (codepage 65001). [D:\Workspace\VS Workspace\HuaEngine\build\HuaEngine\HuaEngine.vcxproj]
  (compiling source file '../../HuaEngine/src/HuaEngine/ECS/Entity.cpp')
  
D:\Workspace\VS Workspace\HuaEngine\Dependencies\entt\entt.hpp(71606,1): warning C4828: The file contains a character starting at offset 0x2a7cf7 that is illegal in the current source character set (codepage 65001). [D:\Workspace\VS Workspace\HuaEngine\build\HuaEngine\HuaEngine.vcxproj]
  (compiling source file '../../HuaEngine/src/HuaEngine/ECS/Entity.cpp')
  
D:\Workspace\VS Workspace\HuaEngine\Dependencies\entt\entt.hpp(91527,1): warning C4828: The file contains a character starting at offset 0x35f91d that is illegal in the current source character set (codepage 65001). [D:\Workspace\VS Workspace\HuaEngine\build\HuaEngine\HuaEngine.vcxproj]
  (compiling source file '../../HuaEngine/src/HuaEngine/ECS/Entity.cpp')
  
D:\Workspace\VS Workspace\HuaEngine\Dependencies\entt\entt.hpp(91527,1): warning C4828: The file contains a character starting at offset 0x35f923 that is illegal in the current source character set (codepage 65001). [D:\Workspace\VS Workspace\HuaEngine\build\HuaEngine\HuaEngine.vcxproj]
  (compiling source file '../../HuaEngine/src/HuaEngine/ECS/Entity.cpp')
  
D:\Workspace\VS Workspace\HuaEngine\Dependencies\entt\entt.hpp(6046,1): warning C4828: The file contains a character starting at offset 0x3a191 that is illegal in the current source character set (codepage 65001). [D:\Workspace\VS Workspace\HuaEngine\build\HuaEngine\HuaEngine.vcxproj]
  (compiling source file '../../HuaEngine/src/HuaEngine/ECS/Entity.cpp')
  
D:\Workspace\VS Workspace\HuaEngine\Dependencies\entt\entt.hpp(6046,1): warning C4828: The file contains a character starting at offset 0x3a197 that is illegal in the current source character set (codepage 65001). [D:\Workspace\VS Workspace\HuaEngine\build\HuaEngine\HuaEngine.vcxproj]
  (compiling source file '../../HuaEngine/src/HuaEngine/ECS/Entity.cpp')
  
D:\Workspace\VS Workspace\HuaEngine\Dependencies\entt\entt.hpp(8355,1): warning C4828: The file contains a character starting at offset 0x52025 that is illegal in the current source character set (codepage 65001). [D:\Workspace\VS Workspace\HuaEngine\build\HuaEngine\HuaEngine.vcxproj]
  (compiling source file '../../HuaEngine/src/HuaEngine/ECS/Entity.cpp')
  
D:\Workspace\VS Workspace\HuaEngine\Dependencies\entt\entt.hpp(8355,1): warning C4828: The file contains a character starting at offset 0x5202b that is illegal in the current source character set (codepage 65001). [D:\Workspace\VS Workspace\HuaEngine\build\HuaEngine\HuaEngine.vcxproj]
  (compiling source file '../../HuaEngine/src/HuaEngine/ECS/Entity.cpp')
  
D:\Workspace\VS Workspace\HuaEngine\Dependencies\entt\entt.hpp(13868,1): warning C4828: The file contains a character starting at offset 0x7f0c0 that is illegal in the current source character set (codepage 65001). [D:\Workspace\VS Workspace\HuaEngine\build\HuaEngine\HuaEngine.vcxproj]
  (compiling source file '../../HuaEngine/src/HuaEngine/ECS/Entity.cpp')
  
D:\Workspace\VS Workspace\HuaEngine\Dependencies\entt\entt.hpp(13868,1): warning C4828: The file contains a character starting at offset 0x7f0c6 that is illegal in the current source character set (codepage 65001). [D:\Workspace\VS Workspace\HuaEngine\build\HuaEngine\HuaEngine.vcxproj]
  (compiling source file '../../HuaEngine/src/HuaEngine/ECS/Entity.cpp')
  
D:\Workspace\VS Workspace\HuaEngine\Dependencies\entt\entt.hpp(59711,1): warning C4828: The file contains a character starting at offset 0x230043 that is illegal in the current source character set (codepage 65001). [D:\Workspace\VS Workspace\HuaEngine\build\HuaEngine\HuaEngine.vcxproj]
  (compiling source file '../../HuaEngine/src/HuaEngine/ECS/Entity.cpp')
  
D:\Workspace\VS Workspace\HuaEngine\Dependencies\entt\entt.hpp(59711,1): warning C4828: The file contains a character starting at offset 0x230049 that is illegal in the current source character set (codepage 65001). [D:\Workspace\VS Workspace\HuaEngine\build\HuaEngine\HuaEngine.vcxproj]
  (compiling source file '../../HuaEngine/src/HuaEngine/ECS/Entity.cpp')
  
D:\Workspace\VS Workspace\HuaEngine\Dependencies\entt\entt.hpp(71606,1): warning C4828: The file contains a character starting at offset 0x2a7cf1 that is illegal in the current source character set (codepage 65001). [D:\Workspace\VS Workspace\HuaEngine\build\HuaEngine\HuaEngine.vcxproj]
  (compiling source file '../../HuaEngine/src/HuaEngine/ECS/Entity.cpp')
  
D:\Workspace\VS Workspace\HuaEngine\Dependencies\entt\entt.hpp(71606,1): warning C4828: The file contains a character starting at offset 0x2a7cf7 that is illegal in the current source character set (codepage 65001). [D:\Workspace\VS Workspace\HuaEngine\build\HuaEngine\HuaEngine.vcxproj]
  (compiling source file '../../HuaEngine/src/HuaEngine/ECS/Entity.cpp')
  
D:\Workspace\VS Workspace\HuaEngine\Dependencies\entt\entt.hpp(91527,1): warning C4828: The file contains a character starting at offset 0x35f91d that is illegal in the current source character set (codepage 65001). [D:\Workspace\VS Workspace\HuaEngine\build\HuaEngine\HuaEngine.vcxproj]
  (compiling source file '../../HuaEngine/src/HuaEngine/ECS/Entity.cpp')
  
D:\Workspace\VS Workspace\HuaEngine\Dependencies\entt\entt.hpp(91527,1): warning C4828: The file contains a character starting at offset 0x35f923 that is illegal in the current source character set (codepage 65001). [D:\Workspace\VS Workspace\HuaEngine\build\HuaEngine\HuaEngine.vcxproj]
  (compiling source file '../../HuaEngine/src/HuaEngine/ECS/Entity.cpp')
  
  EntityManager.cpp
D:\Workspace\VS Workspace\HuaEngine\Dependencies\entt\entt.hpp(6046,1): warning C4828: The file contains a character starting at offset 0x3a191 that is illegal in the current source character set (codepage 65001). [D:\Workspace\VS Workspace\HuaEngine\build\HuaEngine\HuaEngine.vcxproj]
  (compiling source file '../../HuaEngine/src/HuaEngine/ECS/EntityManager.cpp')
  
D:\Workspace\VS Workspace\HuaEngine\Dependencies\entt\entt.hpp(6046,1): warning C4828: The file contains a character starting at offset 0x3a197 that is illegal in the current source character set (codepage 65001). [D:\Workspace\VS Workspace\HuaEngine\build\HuaEngine\HuaEngine.vcxproj]
  (compiling source file '../../HuaEngine/src/HuaEngine/ECS/EntityManager.cpp')
  
D:\Workspace\VS Workspace\HuaEngine\Dependencies\entt\entt.hpp(8355,1): warning C4828: The file contains a character starting at offset 0x52025 that is illegal in the current source character set (codepage 65001). [D:\Workspace\VS Workspace\HuaEngine\build\HuaEngine\HuaEngine.vcxproj]
  (compiling source file '../../HuaEngine/src/HuaEngine/ECS/EntityManager.cpp')
  
D:\Workspace\VS Workspace\HuaEngine\Dependencies\entt\entt.hpp(8355,1): warning C4828: The file contains a character starting at offset 0x5202b that is illegal in the current source character set (codepage 65001). [D:\Workspace\VS Workspace\HuaEngine\build\HuaEngine\HuaEngine.vcxproj]
  (compiling source file '../../HuaEngine/src/HuaEngine/ECS/EntityManager.cpp')
  
D:\Workspace\VS Workspace\HuaEngine\Dependencies\entt\entt.hpp(13868,1): warning C4828: The file contains a character starting at offset 0x7f0c0 that is illegal in the current source character set (codepage 65001). [D:\Workspace\VS Workspace\HuaEngine\build\HuaEngine\HuaEngine.vcxproj]
  (compiling source file '../../HuaEngine/src/HuaEngine/ECS/EntityManager.cpp')
  
D:\Workspace\VS Workspace\HuaEngine\Dependencies\entt\entt.hpp(13868,1): warning C4828: The file contains a character starting at offset 0x7f0c6 that is illegal in the current source character set (codepage 65001). [D:\Workspace\VS Workspace\HuaEngine\build\HuaEngine\HuaEngine.vcxproj]
  (compiling source file '../../HuaEngine/src/HuaEngine/ECS/EntityManager.cpp')
  
D:\Workspace\VS Workspace\HuaEngine\Dependencies\entt\entt.hpp(59711,1): warning C4828: The file contains a character starting at offset 0x230043 that is illegal in the current source character set (codepage 65001). [D:\Workspace\VS Workspace\HuaEngine\build\HuaEngine\HuaEngine.vcxproj]
  (compiling source file '../../HuaEngine/src/HuaEngine/ECS/EntityManager.cpp')
  
D:\Workspace\VS Workspace\HuaEngine\Dependencies\entt\entt.hpp(59711,1): warning C4828: The file contains a character starting at offset 0x230049 that is illegal in the current source character set (codepage 65001). [D:\Workspace\VS Workspace\HuaEngine\build\HuaEngine\HuaEngine.vcxproj]
  (compiling source file '../../HuaEngine/src/HuaEngine/ECS/EntityManager.cpp')
  
D:\Workspace\VS Workspace\HuaEngine\Dependencies\entt\entt.hpp(71606,1): warning C4828: The file contains a character starting at offset 0x2a7cf1 that is illegal in the current source character set (codepage 65001). [D:\Workspace\VS Workspace\HuaEngine\build\HuaEngine\HuaEngine.vcxproj]
  (compiling source file '../../HuaEngine/src/HuaEngine/ECS/EntityManager.cpp')
  
D:\Workspace\VS Workspace\HuaEngine\Dependencies\entt\entt.hpp(71606,1): warning C4828: The file contains a character starting at offset 0x2a7cf7 that is illegal in the current source character set (codepage 65001). [D:\Workspace\VS Workspace\HuaEngine\build\HuaEngine\HuaEngine.vcxproj]
  (compiling source file '../../HuaEngine/src/HuaEngine/ECS/EntityManager.cpp')
  
D:\Workspace\VS Workspace\HuaEngine\Dependencies\entt\entt.hpp(91527,1): warning C4828: The file contains a character starting at offset 0x35f91d that is illegal in the current source character set (codepage 65001). [D:\Workspace\VS Workspace\HuaEngine\build\HuaEngine\HuaEngine.vcxproj]
  (compiling source file '../../HuaEngine/src/HuaEngine/ECS/EntityManager.cpp')
  
D:\Workspace\VS Workspace\HuaEngine\Dependencies\entt\entt.hpp(91527,1): warning C4828: The file contains a character starting at offset 0x35f923 that is illegal in the current source character set (codepage 65001). [D:\Workspace\VS Workspace\HuaEngine\build\HuaEngine\HuaEngine.vcxproj]
  (compiling source file '../../HuaEngine/src/HuaEngine/ECS/EntityManager.cpp')
  
D:\Workspace\VS Workspace\HuaEngine\Dependencies\entt\entt.hpp(6046,1): warning C4828: The file contains a character starting at offset 0x3a191 that is illegal in the current source character set (codepage 65001). [D:\Workspace\VS Workspace\HuaEngine\build\HuaEngine\HuaEngine.vcxproj]
  (compiling source file '../../HuaEngine/src/HuaEngine/ECS/EntityManager.cpp')
  
D:\Workspace\VS Workspace\HuaEngine\Dependencies\entt\entt.hpp(6046,1): warning C4828: The file contains a character starting at offset 0x3a197 that is illegal in the current source character set (codepage 65001). [D:\Workspace\VS Workspace\HuaEngine\build\HuaEngine\HuaEngine.vcxproj]
  (compiling source file '../../HuaEngine/src/HuaEngine/ECS/EntityManager.cpp')
  
D:\Workspace\VS Workspace\HuaEngine\Dependencies\entt\entt.hpp(8355,1): warning C4828: The file contains a character starting at offset 0x52025 that is illegal in the current source character set (codepage 65001). [D:\Workspace\VS Workspace\HuaEngine\build\HuaEngine\HuaEngine.vcxproj]
  (compiling source file '../../HuaEngine/src/HuaEngine/ECS/EntityManager.cpp')
  
D:\Workspace\VS Workspace\HuaEngine\Dependencies\entt\entt.hpp(8355,1): warning C4828: The file contains a character starting at offset 0x5202b that is illegal in the current source character set (codepage 65001). [D:\Workspace\VS Workspace\HuaEngine\build\HuaEngine\HuaEngine.vcxproj]
  (compiling source file '../../HuaEngine/src/HuaEngine/ECS/EntityManager.cpp')
  
D:\Workspace\VS Workspace\HuaEngine\Dependencies\entt\entt.hpp(13868,1): warning C4828: The file contains a character starting at offset 0x7f0c0 that is illegal in the current source character set (codepage 65001). [D:\Workspace\VS Workspace\HuaEngine\build\HuaEngine\HuaEngine.vcxproj]
  (compiling source file '../../HuaEngine/src/HuaEngine/ECS/EntityManager.cpp')
  
D:\Workspace\VS Workspace\HuaEngine\Dependencies\entt\entt.hpp(13868,1): warning C4828: The file contains a character starting at offset 0x7f0c6 that is illegal in the current source character set (codepage 65001). [D:\Workspace\VS Workspace\HuaEngine\build\HuaEngine\HuaEngine.vcxproj]
  (compiling source file '../../HuaEngine/src/HuaEngine/ECS/EntityManager.cpp')
  
D:\Workspace\VS Workspace\HuaEngine\Dependencies\entt\entt.hpp(59711,1): warning C4828: The file contains a character starting at offset 0x230043 that is illegal in the current source character set (codepage 65001). [D:\Workspace\VS Workspace\HuaEngine\build\HuaEngine\HuaEngine.vcxproj]
  (compiling source file '../../HuaEngine/src/HuaEngine/ECS/EntityManager.cpp')
  
D:\Workspace\VS Workspace\HuaEngine\Dependencies\entt\entt.hpp(59711,1): warning C4828: The file contains a character starting at offset 0x230049 that is illegal in the current source character set (codepage 65001). [D:\Workspace\VS Workspace\HuaEngine\build\HuaEngine\HuaEngine.vcxproj]
  (compiling source file '../../HuaEngine/src/HuaEngine/ECS/EntityManager.cpp')
  
D:\Workspace\VS Workspace\HuaEngine\Dependencies\entt\entt.hpp(71606,1): warning C4828: The file contains a character starting at offset 0x2a7cf1 that is illegal in the current source character set (codepage 65001). [D:\Workspace\VS Workspace\HuaEngine\build\HuaEngine\HuaEngine.vcxproj]
  (compiling source file '../../HuaEngine/src/HuaEngine/ECS/EntityManager.cpp')
  
D:\Workspace\VS Workspace\HuaEngine\Dependencies\entt\entt.hpp(71606,1): warning C4828: The file contains a character starting at offset 0x2a7cf7 that is illegal in the current source character set (codepage 65001). [D:\Workspace\VS Workspace\HuaEngine\build\HuaEngine\HuaEngine.vcxproj]
  (compiling source file '../../HuaEngine/src/HuaEngine/ECS/EntityManager.cpp')
  
D:\Workspace\VS Workspace\HuaEngine\Dependencies\entt\entt.hpp(91527,1): warning C4828: The file contains a character starting at offset 0x35f91d that is illegal in the current source character set (codepage 65001). [D:\Workspace\VS Workspace\HuaEngine\build\HuaEngine\HuaEngine.vcxproj]
  (compiling source file '../../HuaEngine/src/HuaEngine/ECS/EntityManager.cpp')
  
D:\Workspace\VS Workspace\HuaEngine\Dependencies\entt\entt.hpp(91527,1): warning C4828: The file contains a character starting at offset 0x35f923 that is illegal in the current source character set (codepage 65001). [D:\Workspace\VS Workspace\HuaEngine\build\HuaEngine\HuaEngine.vcxproj]
  (compiling source file '../../HuaEngine/src/HuaEngine/ECS/EntityManager.cpp')
  
  ImguiBuild.cpp
  MaterialCore.cpp
D:\Workspace\VS Workspace\HuaEngine\Dependencies\entt\entt.hpp(6046,1): warning C4828: The file contains a character starting at offset 0x3a191 that is illegal in the current source character set (codepage 65001). [D:\Workspace\VS Workspace\HuaEngine\build\HuaEngine\HuaEngine.vcxproj]
  (compiling source file '../../HuaEngine/src/HuaEngine/Rendering/Material/MaterialCore.cpp')
  
D:\Workspace\VS Workspace\HuaEngine\Dependencies\entt\entt.hpp(6046,1): warning C4828: The file contains a character starting at offset 0x3a197 that is illegal in the current source character set (codepage 65001). [D:\Workspace\VS Workspace\HuaEngine\build\HuaEngine\HuaEngine.vcxproj]
  (compiling source file '../../HuaEngine/src/HuaEngine/Rendering/Material/MaterialCore.cpp')
  
D:\Workspace\VS Workspace\HuaEngine\Dependencies\entt\entt.hpp(8355,1): warning C4828: The file contains a character starting at offset 0x52025 that is illegal in the current source character set (codepage 65001). [D:\Workspace\VS Workspace\HuaEngine\build\HuaEngine\HuaEngine.vcxproj]
  (compiling source file '../../HuaEngine/src/HuaEngine/Rendering/Material/MaterialCore.cpp')
  
D:\Workspace\VS Workspace\HuaEngine\Dependencies\entt\entt.hpp(8355,1): warning C4828: The file contains a character starting at offset 0x5202b that is illegal in the current source character set (codepage 65001). [D:\Workspace\VS Workspace\HuaEngine\build\HuaEngine\HuaEngine.vcxproj]
  (compiling source file '../../HuaEngine/src/HuaEngine/Rendering/Material/MaterialCore.cpp')
  
D:\Workspace\VS Workspace\HuaEngine\Dependencies\entt\entt.hpp(13868,1): warning C4828: The file contains a character starting at offset 0x7f0c0 that is illegal in the current source character set (codepage 65001). [D:\Workspace\VS Workspace\HuaEngine\build\HuaEngine\HuaEngine.vcxproj]
  (compiling source file '../../HuaEngine/src/HuaEngine/Rendering/Material/MaterialCore.cpp')
  
D:\Workspace\VS Workspace\HuaEngine\Dependencies\entt\entt.hpp(13868,1): warning C4828: The file contains a character starting at offset 0x7f0c6 that is illegal in the current source character set (codepage 65001). [D:\Workspace\VS Workspace\HuaEngine\build\HuaEngine\HuaEngine.vcxproj]
  (compiling source file '../../HuaEngine/src/HuaEngine/Rendering/Material/MaterialCore.cpp')
  
D:\Workspace\VS Workspace\HuaEngine\Dependencies\entt\entt.hpp(59711,1): warning C4828: The file contains a character starting at offset 0x230043 that is illegal in the current source character set (codepage 65001). [D:\Workspace\VS Workspace\HuaEngine\build\HuaEngine\HuaEngine.vcxproj]
  (compiling source file '../../HuaEngine/src/HuaEngine/Rendering/Material/MaterialCore.cpp')
  
D:\Workspace\VS Workspace\HuaEngine\Dependencies\entt\entt.hpp(59711,1): warning C4828: The file contains a character starting at offset 0x230049 that is illegal in the current source character set (codepage 65001). [D:\Workspace\VS Workspace\HuaEngine\build\HuaEngine\HuaEngine.vcxproj]
  (compiling source file '../../HuaEngine/src/HuaEngine/Rendering/Material/MaterialCore.cpp')
  
D:\Workspace\VS Workspace\HuaEngine\Dependencies\entt\entt.hpp(71606,1): warning C4828: The file contains a character starting at offset 0x2a7cf1 that is illegal in the current source character set (codepage 65001). [D:\Workspace\VS Workspace\HuaEngine\build\HuaEngine\HuaEngine.vcxproj]
  (compiling source file '../../HuaEngine/src/HuaEngine/Rendering/Material/MaterialCore.cpp')
  
D:\Workspace\VS Workspace\HuaEngine\Dependencies\entt\entt.hpp(71606,1): warning C4828: The file contains a character starting at offset 0x2a7cf7 that is illegal in the current source character set (codepage 65001). [D:\Workspace\VS Workspace\HuaEngine\build\HuaEngine\HuaEngine.vcxproj]
  (compiling source file '../../HuaEngine/src/HuaEngine/Rendering/Material/MaterialCore.cpp')
  
D:\Workspace\VS Workspace\HuaEngine\Dependencies\entt\entt.hpp(91527,1): warning C4828: The file contains a character starting at offset 0x35f91d that is illegal in the current source character set (codepage 65001). [D:\Workspace\VS Workspace\HuaEngine\build\HuaEngine\HuaEngine.vcxproj]
  (compiling source file '../../HuaEngine/src/HuaEngine/Rendering/Material/MaterialCore.cpp')
  
D:\Workspace\VS Workspace\HuaEngine\Dependencies\entt\entt.hpp(91527,1): warning C4828: The file contains a character starting at offset 0x35f923 that is illegal in the current source character set (codepage 65001). [D:\Workspace\VS Workspace\HuaEngine\build\HuaEngine\HuaEngine.vcxproj]
  (compiling source file '../../HuaEngine/src/HuaEngine/Rendering/Material/MaterialCore.cpp')
  
D:\Workspace\VS Workspace\HuaEngine\Dependencies\entt\entt.hpp(6046,1): warning C4828: The file contains a character starting at offset 0x3a191 that is illegal in the current source character set (codepage 65001). [D:\Workspace\VS Workspace\HuaEngine\build\HuaEngine\HuaEngine.vcxproj]
  (compiling source file '../../HuaEngine/src/HuaEngine/Rendering/Material/MaterialCore.cpp')
  
D:\Workspace\VS Workspace\HuaEngine\Dependencies\entt\entt.hpp(6046,1): warning C4828: The file contains a character starting at offset 0x3a197 that is illegal in the current source character set (codepage 65001). [D:\Workspace\VS Workspace\HuaEngine\build\HuaEngine\HuaEngine.vcxproj]
  (compiling source file '../../HuaEngine/src/HuaEngine/Rendering/Material/MaterialCore.cpp')
  
D:\Workspace\VS Workspace\HuaEngine\Dependencies\entt\entt.hpp(8355,1): warning C4828: The file contains a character starting at offset 0x52025 that is illegal in the current source character set (codepage 65001). [D:\Workspace\VS Workspace\HuaEngine\build\HuaEngine\HuaEngine.vcxproj]
  (compiling source file '../../HuaEngine/src/HuaEngine/Rendering/Material/MaterialCore.cpp')
  
D:\Workspace\VS Workspace\HuaEngine\Dependencies\entt\entt.hpp(8355,1): warning C4828: The file contains a character starting at offset 0x5202b that is illegal in the current source character set (codepage 65001). [D:\Workspace\VS Workspace\HuaEngine\build\HuaEngine\HuaEngine.vcxproj]
  (compiling source file '../../HuaEngine/src/HuaEngine/Rendering/Material/MaterialCore.cpp')
  
D:\Workspace\VS Workspace\HuaEngine\Dependencies\entt\entt.hpp(13868,1): warning C4828: The file contains a character starting at offset 0x7f0c0 that is illegal in the current source character set (codepage 65001). [D:\Workspace\VS Workspace\HuaEngine\build\HuaEngine\HuaEngine.vcxproj]
  (compiling source file '../../HuaEngine/src/HuaEngine/Rendering/Material/MaterialCore.cpp')
  
D:\Workspace\VS Workspace\HuaEngine\Dependencies\entt\entt.hpp(13868,1): warning C4828: The file contains a character starting at offset 0x7f0c6 that is illegal in the current source character set (codepage 65001). [D:\Workspace\VS Workspace\HuaEngine\build\HuaEngine\HuaEngine.vcxproj]
  (compiling source file '../../HuaEngine/src/HuaEngine/Rendering/Material/MaterialCore.cpp')
  
D:\Workspace\VS Workspace\HuaEngine\Dependencies\entt\entt.hpp(59711,1): warning C4828: The file contains a character starting at offset 0x230043 that is illegal in the current source character set (codepage 65001). [D:\Workspace\VS Workspace\HuaEngine\build\HuaEngine\HuaEngine.vcxproj]
  (compiling source file '../../HuaEngine/src/HuaEngine/Rendering/Material/MaterialCore.cpp')
  
D:\Workspace\VS Workspace\HuaEngine\Dependencies\entt\entt.hpp(59711,1): warning C4828: The file contains a character starting at offset 0x230049 that is illegal in the current source character set (codepage 65001). [D:\Workspace\VS Workspace\HuaEngine\build\HuaEngine\HuaEngine.vcxproj]
  (compiling source file '../../HuaEngine/src/HuaEngine/Rendering/Material/MaterialCore.cpp')
  
D:\Workspace\VS Workspace\HuaEngine\Dependencies\entt\entt.hpp(71606,1): warning C4828: The file contains a character starting at offset 0x2a7cf1 that is illegal in the current source character set (codepage 65001). [D:\Workspace\VS Workspace\HuaEngine\build\HuaEngine\HuaEngine.vcxproj]
  (compiling source file '../../HuaEngine/src/HuaEngine/Rendering/Material/MaterialCore.cpp')
  
D:\Workspace\VS Workspace\HuaEngine\Dependencies\entt\entt.hpp(71606,1): warning C4828: The file contains a character starting at offset 0x2a7cf7 that is illegal in the current source character set (codepage 65001). [D:\Workspace\VS Workspace\HuaEngine\build\HuaEngine\HuaEngine.vcxproj]
  (compiling source file '../../HuaEngine/src/HuaEngine/Rendering/Material/MaterialCore.cpp')
  
D:\Workspace\VS Workspace\HuaEngine\Dependencies\entt\entt.hpp(91527,1): warning C4828: The file contains a character starting at offset 0x35f91d that is illegal in the current source character set (codepage 65001). [D:\Workspace\VS Workspace\HuaEngine\build\HuaEngine\HuaEngine.vcxproj]
  (compiling source file '../../HuaEngine/src/HuaEngine/Rendering/Material/MaterialCore.cpp')
  
D:\Workspace\VS Workspace\HuaEngine\Dependencies\entt\entt.hpp(91527,1): warning C4828: The file contains a character starting at offset 0x35f923 that is illegal in the current source character set (codepage 65001). [D:\Workspace\VS Workspace\HuaEngine\build\HuaEngine\HuaEngine.vcxproj]
  (compiling source file '../../HuaEngine/src/HuaEngine/Rendering/Material/MaterialCore.cpp')
  
D:\Workspace\VS Workspace\HuaEngine\Dependencies\entt\entt.hpp(6046,1): warning C4828: The file contains a character starting at offset 0x3a191 that is illegal in the current source character set (codepage 65001). [D:\Workspace\VS Workspace\HuaEngine\build\HuaEngine\HuaEngine.vcxproj]
  (compiling source file '../../HuaEngine/src/HuaEngine/Rendering/Material/MaterialCore.cpp')
  
D:\Workspace\VS Workspace\HuaEngine\Dependencies\entt\entt.hpp(6046,1): warning C4828: The file contains a character starting at offset 0x3a197 that is illegal in the current source character set (codepage 65001). [D:\Workspace\VS Workspace\HuaEngine\build\HuaEngine\HuaEngine.vcxproj]
  (compiling source file '../../HuaEngine/src/HuaEngine/Rendering/Material/MaterialCore.cpp')
  
D:\Workspace\VS Workspace\HuaEngine\Dependencies\entt\entt.hpp(8355,1): warning C4828: The file contains a character starting at offset 0x52025 that is illegal in the current source character set (codepage 65001). [D:\Workspace\VS Workspace\HuaEngine\build\HuaEngine\HuaEngine.vcxproj]
  (compiling source file '../../HuaEngine/src/HuaEngine/Rendering/Material/MaterialCore.cpp')
  
D:\Workspace\VS Workspace\HuaEngine\Dependencies\entt\entt.hpp(8355,1): warning C4828: The file contains a character starting at offset 0x5202b that is illegal in the current source character set (codepage 65001). [D:\Workspace\VS Workspace\HuaEngine\build\HuaEngine\HuaEngine.vcxproj]
  (compiling source file '../../HuaEngine/src/HuaEngine/Rendering/Material/MaterialCore.cpp')
  
D:\Workspace\VS Workspace\HuaEngine\Dependencies\entt\entt.hpp(13868,1): warning C4828: The file contains a character starting at offset 0x7f0c0 that is illegal in the current source character set (codepage 65001). [D:\Workspace\VS Workspace\HuaEngine\build\HuaEngine\HuaEngine.vcxproj]
  (compiling source file '../../HuaEngine/src/HuaEngine/Rendering/Material/MaterialCore.cpp')
  
D:\Workspace\VS Workspace\HuaEngine\Dependencies\entt\entt.hpp(13868,1): warning C4828: The file contains a character starting at offset 0x7f0c6 that is illegal in the current source character set (codepage 65001). [D:\Workspace\VS Workspace\HuaEngine\build\HuaEngine\HuaEngine.vcxproj]
  (compiling source file '../../HuaEngine/src/HuaEngine/Rendering/Material/MaterialCore.cpp')
  
D:\Workspace\VS Workspace\HuaEngine\Dependencies\entt\entt.hpp(59711,1): warning C4828: The file contains a character starting at offset 0x230043 that is illegal in the current source character set (codepage 65001). [D:\Workspace\VS Workspace\HuaEngine\build\HuaEngine\HuaEngine.vcxproj]
  (compiling source file '../../HuaEngine/src/HuaEngine/Rendering/Material/MaterialCore.cpp')
  
D:\Workspace\VS Workspace\HuaEngine\Dependencies\entt\entt.hpp(59711,1): warning C4828: The file contains a character starting at offset 0x230049 that is illegal in the current source character set (codepage 65001). [D:\Workspace\VS Workspace\HuaEngine\build\HuaEngine\HuaEngine.vcxproj]
  (compiling source file '../../HuaEngine/src/HuaEngine/Rendering/Material/MaterialCore.cpp')
  
D:\Workspace\VS Workspace\HuaEngine\Dependencies\entt\entt.hpp(71606,1): warning C4828: The file contains a character starting at offset 0x2a7cf1 that is illegal in the current source character set (codepage 65001). [D:\Workspace\VS Workspace\HuaEngine\build\HuaEngine\HuaEngine.vcxproj]
  (compiling source file '../../HuaEngine/src/HuaEngine/Rendering/Material/MaterialCore.cpp')
  
D:\Workspace\VS Workspace\HuaEngine\Dependencies\entt\entt.hpp(71606,1): warning C4828: The file contains a character starting at offset 0x2a7cf7 that is illegal in the current source character set (codepage 65001). [D:\Workspace\VS Workspace\HuaEngine\build\HuaEngine\HuaEngine.vcxproj]
  (compiling source file '../../HuaEngine/src/HuaEngine/Rendering/Material/MaterialCore.cpp')
  
D:\Workspace\VS Workspace\HuaEngine\Dependencies\entt\entt.hpp(91527,1): warning C4828: The file contains a character starting at offset 0x35f91d that is illegal in the current source character set (codepage 65001). [D:\Workspace\VS Workspace\HuaEngine\build\HuaEngine\HuaEngine.vcxproj]
  (compiling source file '../../HuaEngine/src/HuaEngine/Rendering/Material/MaterialCore.cpp')
  
D:\Workspace\VS Workspace\HuaEngine\Dependencies\entt\entt.hpp(91527,1): warning C4828: The file contains a character starting at offset 0x35f923 that is illegal in the current source character set (codepage 65001). [D:\Workspace\VS Workspace\HuaEngine\build\HuaEngine\HuaEngine.vcxproj]
  (compiling source file '../../HuaEngine/src/HuaEngine/Rendering/Material/MaterialCore.cpp')
  
  MaterialLibrary.cpp
  MaterialSerializer.cpp
D:\Workspace\VS Workspace\HuaEngine\Dependencies\entt\entt.hpp(6046,1): warning C4828: The file contains a character starting at offset 0x3a191 that is illegal in the current source character set (codepage 65001). [D:\Workspace\VS Workspace\HuaEngine\build\HuaEngine\HuaEngine.vcxproj]
  (compiling source file '../../HuaEngine/src/HuaEngine/Rendering/Material/MaterialSerializer.cpp')
  
D:\Workspace\VS Workspace\HuaEngine\Dependencies\entt\entt.hpp(6046,1): warning C4828: The file contains a character starting at offset 0x3a197 that is illegal in the current source character set (codepage 65001). [D:\Workspace\VS Workspace\HuaEngine\build\HuaEngine\HuaEngine.vcxproj]
  (compiling source file '../../HuaEngine/src/HuaEngine/Rendering/Material/MaterialSerializer.cpp')
  
D:\Workspace\VS Workspace\HuaEngine\Dependencies\entt\entt.hpp(8355,1): warning C4828: The file contains a character starting at offset 0x52025 that is illegal in the current source character set (codepage 65001). [D:\Workspace\VS Workspace\HuaEngine\build\HuaEngine\HuaEngine.vcxproj]
  (compiling source file '../../HuaEngine/src/HuaEngine/Rendering/Material/MaterialSerializer.cpp')
  
D:\Workspace\VS Workspace\HuaEngine\Dependencies\entt\entt.hpp(8355,1): warning C4828: The file contains a character starting at offset 0x5202b that is illegal in the current source character set (codepage 65001). [D:\Workspace\VS Workspace\HuaEngine\build\HuaEngine\HuaEngine.vcxproj]
  (compiling source file '../../HuaEngine/src/HuaEngine/Rendering/Material/MaterialSerializer.cpp')
  
D:\Workspace\VS Workspace\HuaEngine\Dependencies\entt\entt.hpp(13868,1): warning C4828: The file contains a character starting at offset 0x7f0c0 that is illegal in the current source character set (codepage 65001). [D:\Workspace\VS Workspace\HuaEngine\build\HuaEngine\HuaEngine.vcxproj]
  (compiling source file '../../HuaEngine/src/HuaEngine/Rendering/Material/MaterialSerializer.cpp')
  
D:\Workspace\VS Workspace\HuaEngine\Dependencies\entt\entt.hpp(13868,1): warning C4828: The file contains a character starting at offset 0x7f0c6 that is illegal in the current source character set (codepage 65001). [D:\Workspace\VS Workspace\HuaEngine\build\HuaEngine\HuaEngine.vcxproj]
  (compiling source file '../../HuaEngine/src/HuaEngine/Rendering/Material/MaterialSerializer.cpp')
  
D:\Workspace\VS Workspace\HuaEngine\Dependencies\entt\entt.hpp(59711,1): warning C4828: The file contains a character starting at offset 0x230043 that is illegal in the current source character set (codepage 65001). [D:\Workspace\VS Workspace\HuaEngine\build\HuaEngine\HuaEngine.vcxproj]
  (compiling source file '../../HuaEngine/src/HuaEngine/Rendering/Material/MaterialSerializer.cpp')
  
D:\Workspace\VS Workspace\HuaEngine\Dependencies\entt\entt.hpp(59711,1): warning C4828: The file contains a character starting at offset 0x230049 that is illegal in the current source character set (codepage 65001). [D:\Workspace\VS Workspace\HuaEngine\build\HuaEngine\HuaEngine.vcxproj]
  (compiling source file '../../HuaEngine/src/HuaEngine/Rendering/Material/MaterialSerializer.cpp')
  
D:\Workspace\VS Workspace\HuaEngine\Dependencies\entt\entt.hpp(71606,1): warning C4828: The file contains a character starting at offset 0x2a7cf1 that is illegal in the current source character set (codepage 65001). [D:\Workspace\VS Workspace\HuaEngine\build\HuaEngine\HuaEngine.vcxproj]
  (compiling source file '../../HuaEngine/src/HuaEngine/Rendering/Material/MaterialSerializer.cpp')
  
D:\Workspace\VS Workspace\HuaEngine\Dependencies\entt\entt.hpp(71606,1): warning C4828: The file contains a character starting at offset 0x2a7cf7 that is illegal in the current source character set (codepage 65001). [D:\Workspace\VS Workspace\HuaEngine\build\HuaEngine\HuaEngine.vcxproj]
  (compiling source file '../../HuaEngine/src/HuaEngine/Rendering/Material/MaterialSerializer.cpp')
  
D:\Workspace\VS Workspace\HuaEngine\Dependencies\entt\entt.hpp(91527,1): warning C4828: The file contains a character starting at offset 0x35f91d that is illegal in the current source character set (codepage 65001). [D:\Workspace\VS Workspace\HuaEngine\build\HuaEngine\HuaEngine.vcxproj]
  (compiling source file '../../HuaEngine/src/HuaEngine/Rendering/Material/MaterialSerializer.cpp')
  
D:\Workspace\VS Workspace\HuaEngine\Dependencies\entt\entt.hpp(91527,1): warning C4828: The file contains a character starting at offset 0x35f923 that is illegal in the current source character set (codepage 65001). [D:\Workspace\VS Workspace\HuaEngine\build\HuaEngine\HuaEngine.vcxproj]
  (compiling source file '../../HuaEngine/src/HuaEngine/Rendering/Material/MaterialSerializer.cpp')
  
D:\Workspace\VS Workspace\HuaEngine\Dependencies\entt\entt.hpp(6046,1): warning C4828: The file contains a character starting at offset 0x3a191 that is illegal in the current source character set (codepage 65001). [D:\Workspace\VS Workspace\HuaEngine\build\HuaEngine\HuaEngine.vcxproj]
  (compiling source file '../../HuaEngine/src/HuaEngine/Rendering/Material/MaterialSerializer.cpp')
  
D:\Workspace\VS Workspace\HuaEngine\Dependencies\entt\entt.hpp(6046,1): warning C4828: The file contains a character starting at offset 0x3a197 that is illegal in the current source character set (codepage 65001). [D:\Workspace\VS Workspace\HuaEngine\build\HuaEngine\HuaEngine.vcxproj]
  (compiling source file '../../HuaEngine/src/HuaEngine/Rendering/Material/MaterialSerializer.cpp')
  
D:\Workspace\VS Workspace\HuaEngine\Dependencies\entt\entt.hpp(8355,1): warning C4828: The file contains a character starting at offset 0x52025 that is illegal in the current source character set (codepage 65001). [D:\Workspace\VS Workspace\HuaEngine\build\HuaEngine\HuaEngine.vcxproj]
  (compiling source file '../../HuaEngine/src/HuaEngine/Rendering/Material/MaterialSerializer.cpp')
  
D:\Workspace\VS Workspace\HuaEngine\Dependencies\entt\entt.hpp(8355,1): warning C4828: The file contains a character starting at offset 0x5202b that is illegal in the current source character set (codepage 65001). [D:\Workspace\VS Workspace\HuaEngine\build\HuaEngine\HuaEngine.vcxproj]
  (compiling source file '../../HuaEngine/src/HuaEngine/Rendering/Material/MaterialSerializer.cpp')
  
D:\Workspace\VS Workspace\HuaEngine\Dependencies\entt\entt.hpp(13868,1): warning C4828: The file contains a character starting at offset 0x7f0c0 that is illegal in the current source character set (codepage 65001). [D:\Workspace\VS Workspace\HuaEngine\build\HuaEngine\HuaEngine.vcxproj]
  (compiling source file '../../HuaEngine/src/HuaEngine/Rendering/Material/MaterialSerializer.cpp')
  
D:\Workspace\VS Workspace\HuaEngine\Dependencies\entt\entt.hpp(13868,1): warning C4828: The file contains a character starting at offset 0x7f0c6 that is illegal in the current source character set (codepage 65001). [D:\Workspace\VS Workspace\HuaEngine\build\HuaEngine\HuaEngine.vcxproj]
  (compiling source file '../../HuaEngine/src/HuaEngine/Rendering/Material/MaterialSerializer.cpp')
  
D:\Workspace\VS Workspace\HuaEngine\Dependencies\entt\entt.hpp(59711,1): warning C4828: The file contains a character starting at offset 0x230043 that is illegal in the current source character set (codepage 65001). [D:\Workspace\VS Workspace\HuaEngine\build\HuaEngine\HuaEngine.vcxproj]
  (compiling source file '../../HuaEngine/src/HuaEngine/Rendering/Material/MaterialSerializer.cpp')
  
D:\Workspace\VS Workspace\HuaEngine\Dependencies\entt\entt.hpp(59711,1): warning C4828: The file contains a character starting at offset 0x230049 that is illegal in the current source character set (codepage 65001). [D:\Workspace\VS Workspace\HuaEngine\build\HuaEngine\HuaEngine.vcxproj]
  (compiling source file '../../HuaEngine/src/HuaEngine/Rendering/Material/MaterialSerializer.cpp')
  
D:\Workspace\VS Workspace\HuaEngine\Dependencies\entt\entt.hpp(71606,1): warning C4828: The file contains a character starting at offset 0x2a7cf1 that is illegal in the current source character set (codepage 65001). [D:\Workspace\VS Workspace\HuaEngine\build\HuaEngine\HuaEngine.vcxproj]
  (compiling source file '../../HuaEngine/src/HuaEngine/Rendering/Material/MaterialSerializer.cpp')
  
D:\Workspace\VS Workspace\HuaEngine\Dependencies\entt\entt.hpp(71606,1): warning C4828: The file contains a character starting at offset 0x2a7cf7 that is illegal in the current source character set (codepage 65001). [D:\Workspace\VS Workspace\HuaEngine\build\HuaEngine\HuaEngine.vcxproj]
  (compiling source file '../../HuaEngine/src/HuaEngine/Rendering/Material/MaterialSerializer.cpp')
  
D:\Workspace\VS Workspace\HuaEngine\Dependencies\entt\entt.hpp(91527,1): warning C4828: The file contains a character starting at offset 0x35f91d that is illegal in the current source character set (codepage 65001). [D:\Workspace\VS Workspace\HuaEngine\build\HuaEngine\HuaEngine.vcxproj]
  (compiling source file '../../HuaEngine/src/HuaEngine/Rendering/Material/MaterialSerializer.cpp')
  
D:\Workspace\VS Workspace\HuaEngine\Dependencies\entt\entt.hpp(91527,1): warning C4828: The file contains a character starting at offset 0x35f923 that is illegal in the current source character set (codepage 65001). [D:\Workspace\VS Workspace\HuaEngine\build\HuaEngine\HuaEngine.vcxproj]
  (compiling source file '../../HuaEngine/src/HuaEngine/Rendering/Material/MaterialSerializer.cpp')
  
D:\Workspace\VS Workspace\HuaEngine\Dependencies\entt\entt.hpp(6046,1): warning C4828: The file contains a character starting at offset 0x3a191 that is illegal in the current source character set (codepage 65001). [D:\Workspace\VS Workspace\HuaEngine\build\HuaEngine\HuaEngine.vcxproj]
  (compiling source file '../../HuaEngine/src/HuaEngine/Rendering/Material/MaterialSerializer.cpp')
  
D:\Workspace\VS Workspace\HuaEngine\Dependencies\entt\entt.hpp(6046,1): warning C4828: The file contains a character starting at offset 0x3a197 that is illegal in the current source character set (codepage 65001). [D:\Workspace\VS Workspace\HuaEngine\build\HuaEngine\HuaEngine.vcxproj]
  (compiling source file '../../HuaEngine/src/HuaEngine/Rendering/Material/MaterialSerializer.cpp')
  
D:\Workspace\VS Workspace\HuaEngine\Dependencies\entt\entt.hpp(8355,1): warning C4828: The file contains a character starting at offset 0x52025 that is illegal in the current source character set (codepage 65001). [D:\Workspace\VS Workspace\HuaEngine\build\HuaEngine\HuaEngine.vcxproj]
  (compiling source file '../../HuaEngine/src/HuaEngine/Rendering/Material/MaterialSerializer.cpp')
  
D:\Workspace\VS Workspace\HuaEngine\Dependencies\entt\entt.hpp(8355,1): warning C4828: The file contains a character starting at offset 0x5202b that is illegal in the current source character set (codepage 65001). [D:\Workspace\VS Workspace\HuaEngine\build\HuaEngine\HuaEngine.vcxproj]
  (compiling source file '../../HuaEngine/src/HuaEngine/Rendering/Material/MaterialSerializer.cpp')
  
D:\Workspace\VS Workspace\HuaEngine\Dependencies\entt\entt.hpp(13868,1): warning C4828: The file contains a character starting at offset 0x7f0c0 that is illegal in the current source character set (codepage 65001). [D:\Workspace\VS Workspace\HuaEngine\build\HuaEngine\HuaEngine.vcxproj]
  (compiling source file '../../HuaEngine/src/HuaEngine/Rendering/Material/MaterialSerializer.cpp')
  
D:\Workspace\VS Workspace\HuaEngine\Dependencies\entt\entt.hpp(13868,1): warning C4828: The file contains a character starting at offset 0x7f0c6 that is illegal in the current source character set (codepage 65001). [D:\Workspace\VS Workspace\HuaEngine\build\HuaEngine\HuaEngine.vcxproj]
  (compiling source file '../../HuaEngine/src/HuaEngine/Rendering/Material/MaterialSerializer.cpp')
  
D:\Workspace\VS Workspace\HuaEngine\Dependencies\entt\entt.hpp(59711,1): warning C4828: The file contains a character starting at offset 0x230043 that is illegal in the current source character set (codepage 65001). [D:\Workspace\VS Workspace\HuaEngine\build\HuaEngine\HuaEngine.vcxproj]
  (compiling source file '../../HuaEngine/src/HuaEngine/Rendering/Material/MaterialSerializer.cpp')
  
D:\Workspace\VS Workspace\HuaEngine\Dependencies\entt\entt.hpp(59711,1): warning C4828: The file contains a character starting at offset 0x230049 that is illegal in the current source character set (codepage 65001). [D:\Workspace\VS Workspace\HuaEngine\build\HuaEngine\HuaEngine.vcxproj]
  (compiling source file '../../HuaEngine/src/HuaEngine/Rendering/Material/MaterialSerializer.cpp')
  
D:\Workspace\VS Workspace\HuaEngine\Dependencies\entt\entt.hpp(71606,1): warning C4828: The file contains a character starting at offset 0x2a7cf1 that is illegal in the current source character set (codepage 65001). [D:\Workspace\VS Workspace\HuaEngine\build\HuaEngine\HuaEngine.vcxproj]
  (compiling source file '../../HuaEngine/src/HuaEngine/Rendering/Material/MaterialSerializer.cpp')
  
D:\Workspace\VS Workspace\HuaEngine\Dependencies\entt\entt.hpp(71606,1): warning C4828: The file contains a character starting at offset 0x2a7cf7 that is illegal in the current source character set (codepage 65001). [D:\Workspace\VS Workspace\HuaEngine\build\HuaEngine\HuaEngine.vcxproj]
  (compiling source file '../../HuaEngine/src/HuaEngine/Rendering/Material/MaterialSerializer.cpp')
  
D:\Workspace\VS Workspace\HuaEngine\Dependencies\entt\entt.hpp(91527,1): warning C4828: The file contains a character starting at offset 0x35f91d that is illegal in the current source character set (codepage 65001). [D:\Workspace\VS Workspace\HuaEngine\build\HuaEngine\HuaEngine.vcxproj]
  (compiling source file '../../HuaEngine/src/HuaEngine/Rendering/Material/MaterialSerializer.cpp')
  
D:\Workspace\VS Workspace\HuaEngine\Dependencies\entt\entt.hpp(91527,1): warning C4828: The file contains a character starting at offset 0x35f923 that is illegal in the current source character set (codepage 65001). [D:\Workspace\VS Workspace\HuaEngine\build\HuaEngine\HuaEngine.vcxproj]
  (compiling source file '../../HuaEngine/src/HuaEngine/Rendering/Material/MaterialSerializer.cpp')
  
  MaterialTypes.cpp
  MeshCore.cpp
D:\Workspace\VS Workspace\HuaEngine\Dependencies\entt\entt.hpp(6046,1): warning C4828: The file contains a character starting at offset 0x3a191 that is illegal in the current source character set (codepage 65001). [D:\Workspace\VS Workspace\HuaEngine\build\HuaEngine\HuaEngine.vcxproj]
  (compiling source file '../../HuaEngine/src/HuaEngine/Rendering/Mesh/MeshCore.cpp')
  
D:\Workspace\VS Workspace\HuaEngine\Dependencies\entt\entt.hpp(6046,1): warning C4828: The file contains a character starting at offset 0x3a197 that is illegal in the current source character set (codepage 65001). [D:\Workspace\VS Workspace\HuaEngine\build\HuaEngine\HuaEngine.vcxproj]
  (compiling source file '../../HuaEngine/src/HuaEngine/Rendering/Mesh/MeshCore.cpp')
  
D:\Workspace\VS Workspace\HuaEngine\Dependencies\entt\entt.hpp(8355,1): warning C4828: The file contains a character starting at offset 0x52025 that is illegal in the current source character set (codepage 65001). [D:\Workspace\VS Workspace\HuaEngine\build\HuaEngine\HuaEngine.vcxproj]
  (compiling source file '../../HuaEngine/src/HuaEngine/Rendering/Mesh/MeshCore.cpp')
  
D:\Workspace\VS Workspace\HuaEngine\Dependencies\entt\entt.hpp(8355,1): warning C4828: The file contains a character starting at offset 0x5202b that is illegal in the current source character set (codepage 65001). [D:\Workspace\VS Workspace\HuaEngine\build\HuaEngine\HuaEngine.vcxproj]
  (compiling source file '../../HuaEngine/src/HuaEngine/Rendering/Mesh/MeshCore.cpp')
  
D:\Workspace\VS Workspace\HuaEngine\Dependencies\entt\entt.hpp(13868,1): warning C4828: The file contains a character starting at offset 0x7f0c0 that is illegal in the current source character set (codepage 65001). [D:\Workspace\VS Workspace\HuaEngine\build\HuaEngine\HuaEngine.vcxproj]
  (compiling source file '../../HuaEngine/src/HuaEngine/Rendering/Mesh/MeshCore.cpp')
  
D:\Workspace\VS Workspace\HuaEngine\Dependencies\entt\entt.hpp(13868,1): warning C4828: The file contains a character starting at offset 0x7f0c6 that is illegal in the current source character set (codepage 65001). [D:\Workspace\VS Workspace\HuaEngine\build\HuaEngine\HuaEngine.vcxproj]
  (compiling source file '../../HuaEngine/src/HuaEngine/Rendering/Mesh/MeshCore.cpp')
  
D:\Workspace\VS Workspace\HuaEngine\Dependencies\entt\entt.hpp(59711,1): warning C4828: The file contains a character starting at offset 0x230043 that is illegal in the current source character set (codepage 65001). [D:\Workspace\VS Workspace\HuaEngine\build\HuaEngine\HuaEngine.vcxproj]
  (compiling source file '../../HuaEngine/src/HuaEngine/Rendering/Mesh/MeshCore.cpp')
  
D:\Workspace\VS Workspace\HuaEngine\Dependencies\entt\entt.hpp(59711,1): warning C4828: The file contains a character starting at offset 0x230049 that is illegal in the current source character set (codepage 65001). [D:\Workspace\VS Workspace\HuaEngine\build\HuaEngine\HuaEngine.vcxproj]
  (compiling source file '../../HuaEngine/src/HuaEngine/Rendering/Mesh/MeshCore.cpp')
  
D:\Workspace\VS Workspace\HuaEngine\Dependencies\entt\entt.hpp(71606,1): warning C4828: The file contains a character starting at offset 0x2a7cf1 that is illegal in the current source character set (codepage 65001). [D:\Workspace\VS Workspace\HuaEngine\build\HuaEngine\HuaEngine.vcxproj]
  (compiling source file '../../HuaEngine/src/HuaEngine/Rendering/Mesh/MeshCore.cpp')
  
D:\Workspace\VS Workspace\HuaEngine\Dependencies\entt\entt.hpp(71606,1): warning C4828: The file contains a character starting at offset 0x2a7cf7 that is illegal in the current source character set (codepage 65001). [D:\Workspace\VS Workspace\HuaEngine\build\HuaEngine\HuaEngine.vcxproj]
  (compiling source file '../../HuaEngine/src/HuaEngine/Rendering/Mesh/MeshCore.cpp')
  
D:\Workspace\VS Workspace\HuaEngine\Dependencies\entt\entt.hpp(91527,1): warning C4828: The file contains a character starting at offset 0x35f91d that is illegal in the current source character set (codepage 65001). [D:\Workspace\VS Workspace\HuaEngine\build\HuaEngine\HuaEngine.vcxproj]
  (compiling source file '../../HuaEngine/src/HuaEngine/Rendering/Mesh/MeshCore.cpp')
  
D:\Workspace\VS Workspace\HuaEngine\Dependencies\entt\entt.hpp(91527,1): warning C4828: The file contains a character starting at offset 0x35f923 that is illegal in the current source character set (codepage 65001). [D:\Workspace\VS Workspace\HuaEngine\build\HuaEngine\HuaEngine.vcxproj]
  (compiling source file '../../HuaEngine/src/HuaEngine/Rendering/Mesh/MeshCore.cpp')
  
D:\Workspace\VS Workspace\HuaEngine\Dependencies\entt\entt.hpp(6046,1): warning C4828: The file contains a character starting at offset 0x3a191 that is illegal in the current source character set (codepage 65001). [D:\Workspace\VS Workspace\HuaEngine\build\HuaEngine\HuaEngine.vcxproj]
  (compiling source file '../../HuaEngine/src/HuaEngine/Rendering/Mesh/MeshCore.cpp')
  
D:\Workspace\VS Workspace\HuaEngine\Dependencies\entt\entt.hpp(6046,1): warning C4828: The file contains a character starting at offset 0x3a197 that is illegal in the current source character set (codepage 65001). [D:\Workspace\VS Workspace\HuaEngine\build\HuaEngine\HuaEngine.vcxproj]
  (compiling source file '../../HuaEngine/src/HuaEngine/Rendering/Mesh/MeshCore.cpp')
  
D:\Workspace\VS Workspace\HuaEngine\Dependencies\entt\entt.hpp(8355,1): warning C4828: The file contains a character starting at offset 0x52025 that is illegal in the current source character set (codepage 65001). [D:\Workspace\VS Workspace\HuaEngine\build\HuaEngine\HuaEngine.vcxproj]
  (compiling source file '../../HuaEngine/src/HuaEngine/Rendering/Mesh/MeshCore.cpp')
  
D:\Workspace\VS Workspace\HuaEngine\Dependencies\entt\entt.hpp(8355,1): warning C4828: The file contains a character starting at offset 0x5202b that is illegal in the current source character set (codepage 65001). [D:\Workspace\VS Workspace\HuaEngine\build\HuaEngine\HuaEngine.vcxproj]
  (compiling source file '../../HuaEngine/src/HuaEngine/Rendering/Mesh/MeshCore.cpp')
  
D:\Workspace\VS Workspace\HuaEngine\Dependencies\entt\entt.hpp(13868,1): warning C4828: The file contains a character starting at offset 0x7f0c0 that is illegal in the current source character set (codepage 65001). [D:\Workspace\VS Workspace\HuaEngine\build\HuaEngine\HuaEngine.vcxproj]
  (compiling source file '../../HuaEngine/src/HuaEngine/Rendering/Mesh/MeshCore.cpp')
  
D:\Workspace\VS Workspace\HuaEngine\Dependencies\entt\entt.hpp(13868,1): warning C4828: The file contains a character starting at offset 0x7f0c6 that is illegal in the current source character set (codepage 65001). [D:\Workspace\VS Workspace\HuaEngine\build\HuaEngine\HuaEngine.vcxproj]
  (compiling source file '../../HuaEngine/src/HuaEngine/Rendering/Mesh/MeshCore.cpp')
  
D:\Workspace\VS Workspace\HuaEngine\Dependencies\entt\entt.hpp(59711,1): warning C4828: The file contains a character starting at offset 0x230043 that is illegal in the current source character set (codepage 65001). [D:\Workspace\VS Workspace\HuaEngine\build\HuaEngine\HuaEngine.vcxproj]
  (compiling source file '../../HuaEngine/src/HuaEngine/Rendering/Mesh/MeshCore.cpp')
  
D:\Workspace\VS Workspace\HuaEngine\Dependencies\entt\entt.hpp(59711,1): warning C4828: The file contains a character starting at offset 0x230049 that is illegal in the current source character set (codepage 65001). [D:\Workspace\VS Workspace\HuaEngine\build\HuaEngine\HuaEngine.vcxproj]
  (compiling source file '../../HuaEngine/src/HuaEngine/Rendering/Mesh/MeshCore.cpp')
  
D:\Workspace\VS Workspace\HuaEngine\Dependencies\entt\entt.hpp(71606,1): warning C4828: The file contains a character starting at offset 0x2a7cf1 that is illegal in the current source character set (codepage 65001). [D:\Workspace\VS Workspace\HuaEngine\build\HuaEngine\HuaEngine.vcxproj]
  (compiling source file '../../HuaEngine/src/HuaEngine/Rendering/Mesh/MeshCore.cpp')
  
D:\Workspace\VS Workspace\HuaEngine\Dependencies\entt\entt.hpp(71606,1): warning C4828: The file contains a character starting at offset 0x2a7cf7 that is illegal in the current source character set (codepage 65001). [D:\Workspace\VS Workspace\HuaEngine\build\HuaEngine\HuaEngine.vcxproj]
  (compiling source file '../../HuaEngine/src/HuaEngine/Rendering/Mesh/MeshCore.cpp')
  
D:\Workspace\VS Workspace\HuaEngine\Dependencies\entt\entt.hpp(91527,1): warning C4828: The file contains a character starting at offset 0x35f91d that is illegal in the current source character set (codepage 65001). [D:\Workspace\VS Workspace\HuaEngine\build\HuaEngine\HuaEngine.vcxproj]
  (compiling source file '../../HuaEngine/src/HuaEngine/Rendering/Mesh/MeshCore.cpp')
  
D:\Workspace\VS Workspace\HuaEngine\Dependencies\entt\entt.hpp(91527,1): warning C4828: The file contains a character starting at offset 0x35f923 that is illegal in the current source character set (codepage 65001). [D:\Workspace\VS Workspace\HuaEngine\build\HuaEngine\HuaEngine.vcxproj]
  (compiling source file '../../HuaEngine/src/HuaEngine/Rendering/Mesh/MeshCore.cpp')
  
D:\Workspace\VS Workspace\HuaEngine\Dependencies\entt\entt.hpp(6046,1): warning C4828: The file contains a character starting at offset 0x3a191 that is illegal in the current source character set (codepage 65001). [D:\Workspace\VS Workspace\HuaEngine\build\HuaEngine\HuaEngine.vcxproj]
  (compiling source file '../../HuaEngine/src/HuaEngine/Rendering/Mesh/MeshCore.cpp')
  
D:\Workspace\VS Workspace\HuaEngine\Dependencies\entt\entt.hpp(6046,1): warning C4828: The file contains a character starting at offset 0x3a197 that is illegal in the current source character set (codepage 65001). [D:\Workspace\VS Workspace\HuaEngine\build\HuaEngine\HuaEngine.vcxproj]
  (compiling source file '../../HuaEngine/src/HuaEngine/Rendering/Mesh/MeshCore.cpp')
  
D:\Workspace\VS Workspace\HuaEngine\Dependencies\entt\entt.hpp(8355,1): warning C4828: The file contains a character starting at offset 0x52025 that is illegal in the current source character set (codepage 65001). [D:\Workspace\VS Workspace\HuaEngine\build\HuaEngine\HuaEngine.vcxproj]
  (compiling source file '../../HuaEngine/src/HuaEngine/Rendering/Mesh/MeshCore.cpp')
  
D:\Workspace\VS Workspace\HuaEngine\Dependencies\entt\entt.hpp(8355,1): warning C4828: The file contains a character starting at offset 0x5202b that is illegal in the current source character set (codepage 65001). [D:\Workspace\VS Workspace\HuaEngine\build\HuaEngine\HuaEngine.vcxproj]
  (compiling source file '../../HuaEngine/src/HuaEngine/Rendering/Mesh/MeshCore.cpp')
  
D:\Workspace\VS Workspace\HuaEngine\Dependencies\entt\entt.hpp(13868,1): warning C4828: The file contains a character starting at offset 0x7f0c0 that is illegal in the current source character set (codepage 65001). [D:\Workspace\VS Workspace\HuaEngine\build\HuaEngine\HuaEngine.vcxproj]
  (compiling source file '../../HuaEngine/src/HuaEngine/Rendering/Mesh/MeshCore.cpp')
  
D:\Workspace\VS Workspace\HuaEngine\Dependencies\entt\entt.hpp(13868,1): warning C4828: The file contains a character starting at offset 0x7f0c6 that is illegal in the current source character set (codepage 65001). [D:\Workspace\VS Workspace\HuaEngine\build\HuaEngine\HuaEngine.vcxproj]
  (compiling source file '../../HuaEngine/src/HuaEngine/Rendering/Mesh/MeshCore.cpp')
  
D:\Workspace\VS Workspace\HuaEngine\Dependencies\entt\entt.hpp(59711,1): warning C4828: The file contains a character starting at offset 0x230043 that is illegal in the current source character set (codepage 65001). [D:\Workspace\VS Workspace\HuaEngine\build\HuaEngine\HuaEngine.vcxproj]
  (compiling source file '../../HuaEngine/src/HuaEngine/Rendering/Mesh/MeshCore.cpp')
  
D:\Workspace\VS Workspace\HuaEngine\Dependencies\entt\entt.hpp(59711,1): warning C4828: The file contains a character starting at offset 0x230049 that is illegal in the current source character set (codepage 65001). [D:\Workspace\VS Workspace\HuaEngine\build\HuaEngine\HuaEngine.vcxproj]
  (compiling source file '../../HuaEngine/src/HuaEngine/Rendering/Mesh/MeshCore.cpp')
  
D:\Workspace\VS Workspace\HuaEngine\Dependencies\entt\entt.hpp(71606,1): warning C4828: The file contains a character starting at offset 0x2a7cf1 that is illegal in the current source character set (codepage 65001). [D:\Workspace\VS Workspace\HuaEngine\build\HuaEngine\HuaEngine.vcxproj]
  (compiling source file '../../HuaEngine/src/HuaEngine/Rendering/Mesh/MeshCore.cpp')
  
D:\Workspace\VS Workspace\HuaEngine\Dependencies\entt\entt.hpp(71606,1): warning C4828: The file contains a character starting at offset 0x2a7cf7 that is illegal in the current source character set (codepage 65001). [D:\Workspace\VS Workspace\HuaEngine\build\HuaEngine\HuaEngine.vcxproj]
  (compiling source file '../../HuaEngine/src/HuaEngine/Rendering/Mesh/MeshCore.cpp')
  
D:\Workspace\VS Workspace\HuaEngine\Dependencies\entt\entt.hpp(91527,1): warning C4828: The file contains a character starting at offset 0x35f91d that is illegal in the current source character set (codepage 65001). [D:\Workspace\VS Workspace\HuaEngine\build\HuaEngine\HuaEngine.vcxproj]
  (compiling source file '../../HuaEngine/src/HuaEngine/Rendering/Mesh/MeshCore.cpp')
  
D:\Workspace\VS Workspace\HuaEngine\Dependencies\entt\entt.hpp(91527,1): warning C4828: The file contains a character starting at offset 0x35f923 that is illegal in the current source character set (codepage 65001). [D:\Workspace\VS Workspace\HuaEngine\build\HuaEngine\HuaEngine.vcxproj]
  (compiling source file '../../HuaEngine/src/HuaEngine/Rendering/Mesh/MeshCore.cpp')
  
  MeshData.cpp
  MeshManager.cpp
  RenderCommand.cpp
  RenderPipeline.cpp
  Renderer.cpp
D:\Workspace\VS Workspace\HuaEngine\Dependencies\entt\entt.hpp(6046,1): warning C4828: The file contains a character starting at offset 0x3a191 that is illegal in the current source character set (codepage 65001). [D:\Workspace\VS Workspace\HuaEngine\build\HuaEngine\HuaEngine.vcxproj]
  (compiling source file '../../HuaEngine/src/HuaEngine/Rendering/Renderer.cpp')
  
D:\Workspace\VS Workspace\HuaEngine\Dependencies\entt\entt.hpp(6046,1): warning C4828: The file contains a character starting at offset 0x3a197 that is illegal in the current source character set (codepage 65001). [D:\Workspace\VS Workspace\HuaEngine\build\HuaEngine\HuaEngine.vcxproj]
  (compiling source file '../../HuaEngine/src/HuaEngine/Rendering/Renderer.cpp')
  
D:\Workspace\VS Workspace\HuaEngine\Dependencies\entt\entt.hpp(8355,1): warning C4828: The file contains a character starting at offset 0x52025 that is illegal in the current source character set (codepage 65001). [D:\Workspace\VS Workspace\HuaEngine\build\HuaEngine\HuaEngine.vcxproj]
  (compiling source file '../../HuaEngine/src/HuaEngine/Rendering/Renderer.cpp')
  
D:\Workspace\VS Workspace\HuaEngine\Dependencies\entt\entt.hpp(8355,1): warning C4828: The file contains a character starting at offset 0x5202b that is illegal in the current source character set (codepage 65001). [D:\Workspace\VS Workspace\HuaEngine\build\HuaEngine\HuaEngine.vcxproj]
  (compiling source file '../../HuaEngine/src/HuaEngine/Rendering/Renderer.cpp')
  
D:\Workspace\VS Workspace\HuaEngine\Dependencies\entt\entt.hpp(13868,1): warning C4828: The file contains a character starting at offset 0x7f0c0 that is illegal in the current source character set (codepage 65001). [D:\Workspace\VS Workspace\HuaEngine\build\HuaEngine\HuaEngine.vcxproj]
  (compiling source file '../../HuaEngine/src/HuaEngine/Rendering/Renderer.cpp')
  
D:\Workspace\VS Workspace\HuaEngine\Dependencies\entt\entt.hpp(13868,1): warning C4828: The file contains a character starting at offset 0x7f0c6 that is illegal in the current source character set (codepage 65001). [D:\Workspace\VS Workspace\HuaEngine\build\HuaEngine\HuaEngine.vcxproj]
  (compiling source file '../../HuaEngine/src/HuaEngine/Rendering/Renderer.cpp')
  
D:\Workspace\VS Workspace\HuaEngine\Dependencies\entt\entt.hpp(59711,1): warning C4828: The file contains a character starting at offset 0x230043 that is illegal in the current source character set (codepage 65001). [D:\Workspace\VS Workspace\HuaEngine\build\HuaEngine\HuaEngine.vcxproj]
  (compiling source file '../../HuaEngine/src/HuaEngine/Rendering/Renderer.cpp')
  
D:\Workspace\VS Workspace\HuaEngine\Dependencies\entt\entt.hpp(59711,1): warning C4828: The file contains a character starting at offset 0x230049 that is illegal in the current source character set (codepage 65001). [D:\Workspace\VS Workspace\HuaEngine\build\HuaEngine\HuaEngine.vcxproj]
  (compiling source file '../../HuaEngine/src/HuaEngine/Rendering/Renderer.cpp')
  
D:\Workspace\VS Workspace\HuaEngine\Dependencies\entt\entt.hpp(71606,1): warning C4828: The file contains a character starting at offset 0x2a7cf1 that is illegal in the current source character set (codepage 65001). [D:\Workspace\VS Workspace\HuaEngine\build\HuaEngine\HuaEngine.vcxproj]
  (compiling source file '../../HuaEngine/src/HuaEngine/Rendering/Renderer.cpp')
  
D:\Workspace\VS Workspace\HuaEngine\Dependencies\entt\entt.hpp(71606,1): warning C4828: The file contains a character starting at offset 0x2a7cf7 that is illegal in the current source character set (codepage 65001). [D:\Workspace\VS Workspace\HuaEngine\build\HuaEngine\HuaEngine.vcxproj]
  (compiling source file '../../HuaEngine/src/HuaEngine/Rendering/Renderer.cpp')
  
D:\Workspace\VS Workspace\HuaEngine\Dependencies\entt\entt.hpp(91527,1): warning C4828: The file contains a character starting at offset 0x35f91d that is illegal in the current source character set (codepage 65001). [D:\Workspace\VS Workspace\HuaEngine\build\HuaEngine\HuaEngine.vcxproj]
  (compiling source file '../../HuaEngine/src/HuaEngine/Rendering/Renderer.cpp')
  
D:\Workspace\VS Workspace\HuaEngine\Dependencies\entt\entt.hpp(91527,1): warning C4828: The file contains a character starting at offset 0x35f923 that is illegal in the current source character set (codepage 65001). [D:\Workspace\VS Workspace\HuaEngine\build\HuaEngine\HuaEngine.vcxproj]
  (compiling source file '../../HuaEngine/src/HuaEngine/Rendering/Renderer.cpp')
  
D:\Workspace\VS Workspace\HuaEngine\Dependencies\entt\entt.hpp(6046,1): warning C4828: The file contains a character starting at offset 0x3a191 that is illegal in the current source character set (codepage 65001). [D:\Workspace\VS Workspace\HuaEngine\build\HuaEngine\HuaEngine.vcxproj]
  (compiling source file '../../HuaEngine/src/HuaEngine/Rendering/Renderer.cpp')
  
D:\Workspace\VS Workspace\HuaEngine\Dependencies\entt\entt.hpp(6046,1): warning C4828: The file contains a character starting at offset 0x3a197 that is illegal in the current source character set (codepage 65001). [D:\Workspace\VS Workspace\HuaEngine\build\HuaEngine\HuaEngine.vcxproj]
  (compiling source file '../../HuaEngine/src/HuaEngine/Rendering/Renderer.cpp')
  
D:\Workspace\VS Workspace\HuaEngine\Dependencies\entt\entt.hpp(8355,1): warning C4828: The file contains a character starting at offset 0x52025 that is illegal in the current source character set (codepage 65001). [D:\Workspace\VS Workspace\HuaEngine\build\HuaEngine\HuaEngine.vcxproj]
  (compiling source file '../../HuaEngine/src/HuaEngine/Rendering/Renderer.cpp')
  
D:\Workspace\VS Workspace\HuaEngine\Dependencies\entt\entt.hpp(8355,1): warning C4828: The file contains a character starting at offset 0x5202b that is illegal in the current source character set (codepage 65001). [D:\Workspace\VS Workspace\HuaEngine\build\HuaEngine\HuaEngine.vcxproj]
  (compiling source file '../../HuaEngine/src/HuaEngine/Rendering/Renderer.cpp')
  
D:\Workspace\VS Workspace\HuaEngine\Dependencies\entt\entt.hpp(13868,1): warning C4828: The file contains a character starting at offset 0x7f0c0 that is illegal in the current source character set (codepage 65001). [D:\Workspace\VS Workspace\HuaEngine\build\HuaEngine\HuaEngine.vcxproj]
  (compiling source file '../../HuaEngine/src/HuaEngine/Rendering/Renderer.cpp')
  
D:\Workspace\VS Workspace\HuaEngine\Dependencies\entt\entt.hpp(13868,1): warning C4828: The file contains a character starting at offset 0x7f0c6 that is illegal in the current source character set (codepage 65001). [D:\Workspace\VS Workspace\HuaEngine\build\HuaEngine\HuaEngine.vcxproj]
  (compiling source file '../../HuaEngine/src/HuaEngine/Rendering/Renderer.cpp')
  
D:\Workspace\VS Workspace\HuaEngine\Dependencies\entt\entt.hpp(59711,1): warning C4828: The file contains a character starting at offset 0x230043 that is illegal in the current source character set (codepage 65001). [D:\Workspace\VS Workspace\HuaEngine\build\HuaEngine\HuaEngine.vcxproj]
  (compiling source file '../../HuaEngine/src/HuaEngine/Rendering/Renderer.cpp')
  
D:\Workspace\VS Workspace\HuaEngine\Dependencies\entt\entt.hpp(59711,1): warning C4828: The file contains a character starting at offset 0x230049 that is illegal in the current source character set (codepage 65001). [D:\Workspace\VS Workspace\HuaEngine\build\HuaEngine\HuaEngine.vcxproj]
  (compiling source file '../../HuaEngine/src/HuaEngine/Rendering/Renderer.cpp')
  
D:\Workspace\VS Workspace\HuaEngine\Dependencies\entt\entt.hpp(71606,1): warning C4828: The file contains a character starting at offset 0x2a7cf1 that is illegal in the current source character set (codepage 65001). [D:\Workspace\VS Workspace\HuaEngine\build\HuaEngine\HuaEngine.vcxproj]
  (compiling source file '../../HuaEngine/src/HuaEngine/Rendering/Renderer.cpp')
  
D:\Workspace\VS Workspace\HuaEngine\Dependencies\entt\entt.hpp(71606,1): warning C4828: The file contains a character starting at offset 0x2a7cf7 that is illegal in the current source character set (codepage 65001). [D:\Workspace\VS Workspace\HuaEngine\build\HuaEngine\HuaEngine.vcxproj]
  (compiling source file '../../HuaEngine/src/HuaEngine/Rendering/Renderer.cpp')
  
D:\Workspace\VS Workspace\HuaEngine\Dependencies\entt\entt.hpp(91527,1): warning C4828: The file contains a character starting at offset 0x35f91d that is illegal in the current source character set (codepage 65001). [D:\Workspace\VS Workspace\HuaEngine\build\HuaEngine\HuaEngine.vcxproj]
  (compiling source file '../../HuaEngine/src/HuaEngine/Rendering/Renderer.cpp')
  
D:\Workspace\VS Workspace\HuaEngine\Dependencies\entt\entt.hpp(91527,1): warning C4828: The file contains a character starting at offset 0x35f923 that is illegal in the current source character set (codepage 65001). [D:\Workspace\VS Workspace\HuaEngine\build\HuaEngine\HuaEngine.vcxproj]
  (compiling source file '../../HuaEngine/src/HuaEngine/Rendering/Renderer.cpp')
  
D:\Workspace\VS Workspace\HuaEngine\Dependencies\entt\entt.hpp(6046,1): warning C4828: The file contains a character starting at offset 0x3a191 that is illegal in the current source character set (codepage 65001). [D:\Workspace\VS Workspace\HuaEngine\build\HuaEngine\HuaEngine.vcxproj]
  (compiling source file '../../HuaEngine/src/HuaEngine/Rendering/Renderer.cpp')
  
D:\Workspace\VS Workspace\HuaEngine\Dependencies\entt\entt.hpp(6046,1): warning C4828: The file contains a character starting at offset 0x3a197 that is illegal in the current source character set (codepage 65001). [D:\Workspace\VS Workspace\HuaEngine\build\HuaEngine\HuaEngine.vcxproj]
  (compiling source file '../../HuaEngine/src/HuaEngine/Rendering/Renderer.cpp')
  
D:\Workspace\VS Workspace\HuaEngine\Dependencies\entt\entt.hpp(8355,1): warning C4828: The file contains a character starting at offset 0x52025 that is illegal in the current source character set (codepage 65001). [D:\Workspace\VS Workspace\HuaEngine\build\HuaEngine\HuaEngine.vcxproj]
  (compiling source file '../../HuaEngine/src/HuaEngine/Rendering/Renderer.cpp')
  
D:\Workspace\VS Workspace\HuaEngine\Dependencies\entt\entt.hpp(8355,1): warning C4828: The file contains a character starting at offset 0x5202b that is illegal in the current source character set (codepage 65001). [D:\Workspace\VS Workspace\HuaEngine\build\HuaEngine\HuaEngine.vcxproj]
  (compiling source file '../../HuaEngine/src/HuaEngine/Rendering/Renderer.cpp')
  
D:\Workspace\VS Workspace\HuaEngine\Dependencies\entt\entt.hpp(13868,1): warning C4828: The file contains a character starting at offset 0x7f0c0 that is illegal in the current source character set (codepage 65001). [D:\Workspace\VS Workspace\HuaEngine\build\HuaEngine\HuaEngine.vcxproj]
  (compiling source file '../../HuaEngine/src/HuaEngine/Rendering/Renderer.cpp')
  
D:\Workspace\VS Workspace\HuaEngine\Dependencies\entt\entt.hpp(13868,1): warning C4828: The file contains a character starting at offset 0x7f0c6 that is illegal in the current source character set (codepage 65001). [D:\Workspace\VS Workspace\HuaEngine\build\HuaEngine\HuaEngine.vcxproj]
  (compiling source file '../../HuaEngine/src/HuaEngine/Rendering/Renderer.cpp')
  
D:\Workspace\VS Workspace\HuaEngine\Dependencies\entt\entt.hpp(59711,1): warning C4828: The file contains a character starting at offset 0x230043 that is illegal in the current source character set (codepage 65001). [D:\Workspace\VS Workspace\HuaEngine\build\HuaEngine\HuaEngine.vcxproj]
  (compiling source file '../../HuaEngine/src/HuaEngine/Rendering/Renderer.cpp')
  
D:\Workspace\VS Workspace\HuaEngine\Dependencies\entt\entt.hpp(59711,1): warning C4828: The file contains a character starting at offset 0x230049 that is illegal in the current source character set (codepage 65001). [D:\Workspace\VS Workspace\HuaEngine\build\HuaEngine\HuaEngine.vcxproj]
  (compiling source file '../../HuaEngine/src/HuaEngine/Rendering/Renderer.cpp')
  
D:\Workspace\VS Workspace\HuaEngine\Dependencies\entt\entt.hpp(71606,1): warning C4828: The file contains a character starting at offset 0x2a7cf1 that is illegal in the current source character set (codepage 65001). [D:\Workspace\VS Workspace\HuaEngine\build\HuaEngine\HuaEngine.vcxproj]
  (compiling source file '../../HuaEngine/src/HuaEngine/Rendering/Renderer.cpp')
  
D:\Workspace\VS Workspace\HuaEngine\Dependencies\entt\entt.hpp(71606,1): warning C4828: The file contains a character starting at offset 0x2a7cf7 that is illegal in the current source character set (codepage 65001). [D:\Workspace\VS Workspace\HuaEngine\build\HuaEngine\HuaEngine.vcxproj]
  (compiling source file '../../HuaEngine/src/HuaEngine/Rendering/Renderer.cpp')
  
D:\Workspace\VS Workspace\HuaEngine\Dependencies\entt\entt.hpp(91527,1): warning C4828: The file contains a character starting at offset 0x35f91d that is illegal in the current source character set (codepage 65001). [D:\Workspace\VS Workspace\HuaEngine\build\HuaEngine\HuaEngine.vcxproj]
  (compiling source file '../../HuaEngine/src/HuaEngine/Rendering/Renderer.cpp')
  
D:\Workspace\VS Workspace\HuaEngine\Dependencies\entt\entt.hpp(91527,1): warning C4828: The file contains a character starting at offset 0x35f923 that is illegal in the current source character set (codepage 65001). [D:\Workspace\VS Workspace\HuaEngine\build\HuaEngine\HuaEngine.vcxproj]
  (compiling source file '../../HuaEngine/src/HuaEngine/Rendering/Renderer.cpp')
  
  RendererAPI.cpp
  VertexArray.cpp
D:\Workspace\VS Workspace\HuaEngine\Dependencies\entt\entt.hpp(6046,1): warning C4828: The file contains a character starting at offset 0x3a191 that is illegal in the current source character set (codepage 65001). [D:\Workspace\VS Workspace\HuaEngine\build\HuaEngine\HuaEngine.vcxproj]
  (compiling source file '../../HuaEngine/src/HuaEngine/Rendering/VertexArray.cpp')
  
D:\Workspace\VS Workspace\HuaEngine\Dependencies\entt\entt.hpp(6046,1): warning C4828: The file contains a character starting at offset 0x3a197 that is illegal in the current source character set (codepage 65001). [D:\Workspace\VS Workspace\HuaEngine\build\HuaEngine\HuaEngine.vcxproj]
  (compiling source file '../../HuaEngine/src/HuaEngine/Rendering/VertexArray.cpp')
  
D:\Workspace\VS Workspace\HuaEngine\Dependencies\entt\entt.hpp(8355,1): warning C4828: The file contains a character starting at offset 0x52025 that is illegal in the current source character set (codepage 65001). [D:\Workspace\VS Workspace\HuaEngine\build\HuaEngine\HuaEngine.vcxproj]
  (compiling source file '../../HuaEngine/src/HuaEngine/Rendering/VertexArray.cpp')
  
D:\Workspace\VS Workspace\HuaEngine\Dependencies\entt\entt.hpp(8355,1): warning C4828: The file contains a character starting at offset 0x5202b that is illegal in the current source character set (codepage 65001). [D:\Workspace\VS Workspace\HuaEngine\build\HuaEngine\HuaEngine.vcxproj]
  (compiling source file '../../HuaEngine/src/HuaEngine/Rendering/VertexArray.cpp')
  
D:\Workspace\VS Workspace\HuaEngine\Dependencies\entt\entt.hpp(13868,1): warning C4828: The file contains a character starting at offset 0x7f0c0 that is illegal in the current source character set (codepage 65001). [D:\Workspace\VS Workspace\HuaEngine\build\HuaEngine\HuaEngine.vcxproj]
  (compiling source file '../../HuaEngine/src/HuaEngine/Rendering/VertexArray.cpp')
  
D:\Workspace\VS Workspace\HuaEngine\Dependencies\entt\entt.hpp(13868,1): warning C4828: The file contains a character starting at offset 0x7f0c6 that is illegal in the current source character set (codepage 65001). [D:\Workspace\VS Workspace\HuaEngine\build\HuaEngine\HuaEngine.vcxproj]
  (compiling source file '../../HuaEngine/src/HuaEngine/Rendering/VertexArray.cpp')
  
D:\Workspace\VS Workspace\HuaEngine\Dependencies\entt\entt.hpp(59711,1): warning C4828: The file contains a character starting at offset 0x230043 that is illegal in the current source character set (codepage 65001). [D:\Workspace\VS Workspace\HuaEngine\build\HuaEngine\HuaEngine.vcxproj]
  (compiling source file '../../HuaEngine/src/HuaEngine/Rendering/VertexArray.cpp')
  
D:\Workspace\VS Workspace\HuaEngine\Dependencies\entt\entt.hpp(59711,1): warning C4828: The file contains a character starting at offset 0x230049 that is illegal in the current source character set (codepage 65001). [D:\Workspace\VS Workspace\HuaEngine\build\HuaEngine\HuaEngine.vcxproj]
  (compiling source file '../../HuaEngine/src/HuaEngine/Rendering/VertexArray.cpp')
  
D:\Workspace\VS Workspace\HuaEngine\Dependencies\entt\entt.hpp(71606,1): warning C4828: The file contains a character starting at offset 0x2a7cf1 that is illegal in the current source character set (codepage 65001). [D:\Workspace\VS Workspace\HuaEngine\build\HuaEngine\HuaEngine.vcxproj]
  (compiling source file '../../HuaEngine/src/HuaEngine/Rendering/VertexArray.cpp')
  
D:\Workspace\VS Workspace\HuaEngine\Dependencies\entt\entt.hpp(71606,1): warning C4828: The file contains a character starting at offset 0x2a7cf7 that is illegal in the current source character set (codepage 65001). [D:\Workspace\VS Workspace\HuaEngine\build\HuaEngine\HuaEngine.vcxproj]
  (compiling source file '../../HuaEngine/src/HuaEngine/Rendering/VertexArray.cpp')
  
D:\Workspace\VS Workspace\HuaEngine\Dependencies\entt\entt.hpp(91527,1): warning C4828: The file contains a character starting at offset 0x35f91d that is illegal in the current source character set (codepage 65001). [D:\Workspace\VS Workspace\HuaEngine\build\HuaEngine\HuaEngine.vcxproj]
  (compiling source file '../../HuaEngine/src/HuaEngine/Rendering/VertexArray.cpp')
  
D:\Workspace\VS Workspace\HuaEngine\Dependencies\entt\entt.hpp(91527,1): warning C4828: The file contains a character starting at offset 0x35f923 that is illegal in the current source character set (codepage 65001). [D:\Workspace\VS Workspace\HuaEngine\build\HuaEngine\HuaEngine.vcxproj]
  (compiling source file '../../HuaEngine/src/HuaEngine/Rendering/VertexArray.cpp')
  
D:\Workspace\VS Workspace\HuaEngine\Dependencies\entt\entt.hpp(6046,1): warning C4828: The file contains a character starting at offset 0x3a191 that is illegal in the current source character set (codepage 65001). [D:\Workspace\VS Workspace\HuaEngine\build\HuaEngine\HuaEngine.vcxproj]
  (compiling source file '../../HuaEngine/src/HuaEngine/Rendering/VertexArray.cpp')
  
D:\Workspace\VS Workspace\HuaEngine\Dependencies\entt\entt.hpp(6046,1): warning C4828: The file contains a character starting at offset 0x3a197 that is illegal in the current source character set (codepage 65001). [D:\Workspace\VS Workspace\HuaEngine\build\HuaEngine\HuaEngine.vcxproj]
  (compiling source file '../../HuaEngine/src/HuaEngine/Rendering/VertexArray.cpp')
  
D:\Workspace\VS Workspace\HuaEngine\Dependencies\entt\entt.hpp(8355,1): warning C4828: The file contains a character starting at offset 0x52025 that is illegal in the current source character set (codepage 65001). [D:\Workspace\VS Workspace\HuaEngine\build\HuaEngine\HuaEngine.vcxproj]
  (compiling source file '../../HuaEngine/src/HuaEngine/Rendering/VertexArray.cpp')
  
D:\Workspace\VS Workspace\HuaEngine\Dependencies\entt\entt.hpp(8355,1): warning C4828: The file contains a character starting at offset 0x5202b that is illegal in the current source character set (codepage 65001). [D:\Workspace\VS Workspace\HuaEngine\build\HuaEngine\HuaEngine.vcxproj]
  (compiling source file '../../HuaEngine/src/HuaEngine/Rendering/VertexArray.cpp')
  
D:\Workspace\VS Workspace\HuaEngine\Dependencies\entt\entt.hpp(13868,1): warning C4828: The file contains a character starting at offset 0x7f0c0 that is illegal in the current source character set (codepage 65001). [D:\Workspace\VS Workspace\HuaEngine\build\HuaEngine\HuaEngine.vcxproj]
  (compiling source file '../../HuaEngine/src/HuaEngine/Rendering/VertexArray.cpp')
  
D:\Workspace\VS Workspace\HuaEngine\Dependencies\entt\entt.hpp(13868,1): warning C4828: The file contains a character starting at offset 0x7f0c6 that is illegal in the current source character set (codepage 65001). [D:\Workspace\VS Workspace\HuaEngine\build\HuaEngine\HuaEngine.vcxproj]
  (compiling source file '../../HuaEngine/src/HuaEngine/Rendering/VertexArray.cpp')
  
D:\Workspace\VS Workspace\HuaEngine\Dependencies\entt\entt.hpp(59711,1): warning C4828: The file contains a character starting at offset 0x230043 that is illegal in the current source character set (codepage 65001). [D:\Workspace\VS Workspace\HuaEngine\build\HuaEngine\HuaEngine.vcxproj]
  (compiling source file '../../HuaEngine/src/HuaEngine/Rendering/VertexArray.cpp')
  
D:\Workspace\VS Workspace\HuaEngine\Dependencies\entt\entt.hpp(59711,1): warning C4828: The file contains a character starting at offset 0x230049 that is illegal in the current source character set (codepage 65001). [D:\Workspace\VS Workspace\HuaEngine\build\HuaEngine\HuaEngine.vcxproj]
  (compiling source file '../../HuaEngine/src/HuaEngine/Rendering/VertexArray.cpp')
  
D:\Workspace\VS Workspace\HuaEngine\Dependencies\entt\entt.hpp(71606,1): warning C4828: The file contains a character starting at offset 0x2a7cf1 that is illegal in the current source character set (codepage 65001). [D:\Workspace\VS Workspace\HuaEngine\build\HuaEngine\HuaEngine.vcxproj]
  (compiling source file '../../HuaEngine/src/HuaEngine/Rendering/VertexArray.cpp')
  
D:\Workspace\VS Workspace\HuaEngine\Dependencies\entt\entt.hpp(71606,1): warning C4828: The file contains a character starting at offset 0x2a7cf7 that is illegal in the current source character set (codepage 65001). [D:\Workspace\VS Workspace\HuaEngine\build\HuaEngine\HuaEngine.vcxproj]
  (compiling source file '../../HuaEngine/src/HuaEngine/Rendering/VertexArray.cpp')
  
D:\Workspace\VS Workspace\HuaEngine\Dependencies\entt\entt.hpp(91527,1): warning C4828: The file contains a character starting at offset 0x35f91d that is illegal in the current source character set (codepage 65001). [D:\Workspace\VS Workspace\HuaEngine\build\HuaEngine\HuaEngine.vcxproj]
  (compiling source file '../../HuaEngine/src/HuaEngine/Rendering/VertexArray.cpp')
  
D:\Workspace\VS Workspace\HuaEngine\Dependencies\entt\entt.hpp(91527,1): warning C4828: The file contains a character starting at offset 0x35f923 that is illegal in the current source character set (codepage 65001). [D:\Workspace\VS Workspace\HuaEngine\build\HuaEngine\HuaEngine.vcxproj]
  (compiling source file '../../HuaEngine/src/HuaEngine/Rendering/VertexArray.cpp')
  
D:\Workspace\VS Workspace\HuaEngine\Dependencies\entt\entt.hpp(6046,1): warning C4828: The file contains a character starting at offset 0x3a191 that is illegal in the current source character set (codepage 65001). [D:\Workspace\VS Workspace\HuaEngine\build\HuaEngine\HuaEngine.vcxproj]
  (compiling source file '../../HuaEngine/src/HuaEngine/Rendering/VertexArray.cpp')
  
D:\Workspace\VS Workspace\HuaEngine\Dependencies\entt\entt.hpp(6046,1): warning C4828: The file contains a character starting at offset 0x3a197 that is illegal in the current source character set (codepage 65001). [D:\Workspace\VS Workspace\HuaEngine\build\HuaEngine\HuaEngine.vcxproj]
  (compiling source file '../../HuaEngine/src/HuaEngine/Rendering/VertexArray.cpp')
  
D:\Workspace\VS Workspace\HuaEngine\Dependencies\entt\entt.hpp(8355,1): warning C4828: The file contains a character starting at offset 0x52025 that is illegal in the current source character set (codepage 65001). [D:\Workspace\VS Workspace\HuaEngine\build\HuaEngine\HuaEngine.vcxproj]
  (compiling source file '../../HuaEngine/src/HuaEngine/Rendering/VertexArray.cpp')
  
D:\Workspace\VS Workspace\HuaEngine\Dependencies\entt\entt.hpp(8355,1): warning C4828: The file contains a character starting at offset 0x5202b that is illegal in the current source character set (codepage 65001). [D:\Workspace\VS Workspace\HuaEngine\build\HuaEngine\HuaEngine.vcxproj]
  (compiling source file '../../HuaEngine/src/HuaEngine/Rendering/VertexArray.cpp')
  
D:\Workspace\VS Workspace\HuaEngine\Dependencies\entt\entt.hpp(13868,1): warning C4828: The file contains a character starting at offset 0x7f0c0 that is illegal in the current source character set (codepage 65001). [D:\Workspace\VS Workspace\HuaEngine\build\HuaEngine\HuaEngine.vcxproj]
  (compiling source file '../../HuaEngine/src/HuaEngine/Rendering/VertexArray.cpp')
  
D:\Workspace\VS Workspace\HuaEngine\Dependencies\entt\entt.hpp(13868,1): warning C4828: The file contains a character starting at offset 0x7f0c6 that is illegal in the current source character set (codepage 65001). [D:\Workspace\VS Workspace\HuaEngine\build\HuaEngine\HuaEngine.vcxproj]
  (compiling source file '../../HuaEngine/src/HuaEngine/Rendering/VertexArray.cpp')
  
D:\Workspace\VS Workspace\HuaEngine\Dependencies\entt\entt.hpp(59711,1): warning C4828: The file contains a character starting at offset 0x230043 that is illegal in the current source character set (codepage 65001). [D:\Workspace\VS Workspace\HuaEngine\build\HuaEngine\HuaEngine.vcxproj]
  (compiling source file '../../HuaEngine/src/HuaEngine/Rendering/VertexArray.cpp')
  
D:\Workspace\VS Workspace\HuaEngine\Dependencies\entt\entt.hpp(59711,1): warning C4828: The file contains a character starting at offset 0x230049 that is illegal in the current source character set (codepage 65001). [D:\Workspace\VS Workspace\HuaEngine\build\HuaEngine\HuaEngine.vcxproj]
  (compiling source file '../../HuaEngine/src/HuaEngine/Rendering/VertexArray.cpp')
  
D:\Workspace\VS Workspace\HuaEngine\Dependencies\entt\entt.hpp(71606,1): warning C4828: The file contains a character starting at offset 0x2a7cf1 that is illegal in the current source character set (codepage 65001). [D:\Workspace\VS Workspace\HuaEngine\build\HuaEngine\HuaEngine.vcxproj]
  (compiling source file '../../HuaEngine/src/HuaEngine/Rendering/VertexArray.cpp')
  
D:\Workspace\VS Workspace\HuaEngine\Dependencies\entt\entt.hpp(71606,1): warning C4828: The file contains a character starting at offset 0x2a7cf7 that is illegal in the current source character set (codepage 65001). [D:\Workspace\VS Workspace\HuaEngine\build\HuaEngine\HuaEngine.vcxproj]
  (compiling source file '../../HuaEngine/src/HuaEngine/Rendering/VertexArray.cpp')
  
D:\Workspace\VS Workspace\HuaEngine\Dependencies\entt\entt.hpp(91527,1): warning C4828: The file contains a character starting at offset 0x35f91d that is illegal in the current source character set (codepage 65001). [D:\Workspace\VS Workspace\HuaEngine\build\HuaEngine\HuaEngine.vcxproj]
  (compiling source file '../../HuaEngine/src/HuaEngine/Rendering/VertexArray.cpp')
  
D:\Workspace\VS Workspace\HuaEngine\Dependencies\entt\entt.hpp(91527,1): warning C4828: The file contains a character starting at offset 0x35f923 that is illegal in the current source character set (codepage 65001). [D:\Workspace\VS Workspace\HuaEngine\build\HuaEngine\HuaEngine.vcxproj]
  (compiling source file '../../HuaEngine/src/HuaEngine/Rendering/VertexArray.cpp')
  
  VertexBuffer.cpp
D:\Workspace\VS Workspace\HuaEngine\Dependencies\entt\entt.hpp(6046,1): warning C4828: The file contains a character starting at offset 0x3a191 that is illegal in the current source character set (codepage 65001). [D:\Workspace\VS Workspace\HuaEngine\build\HuaEngine\HuaEngine.vcxproj]
  (compiling source file '../../HuaEngine/src/HuaEngine/Rendering/VertexBuffer.cpp')
  
D:\Workspace\VS Workspace\HuaEngine\Dependencies\entt\entt.hpp(6046,1): warning C4828: The file contains a character starting at offset 0x3a197 that is illegal in the current source character set (codepage 65001). [D:\Workspace\VS Workspace\HuaEngine\build\HuaEngine\HuaEngine.vcxproj]
  (compiling source file '../../HuaEngine/src/HuaEngine/Rendering/VertexBuffer.cpp')
  
D:\Workspace\VS Workspace\HuaEngine\Dependencies\entt\entt.hpp(8355,1): warning C4828: The file contains a character starting at offset 0x52025 that is illegal in the current source character set (codepage 65001). [D:\Workspace\VS Workspace\HuaEngine\build\HuaEngine\HuaEngine.vcxproj]
  (compiling source file '../../HuaEngine/src/HuaEngine/Rendering/VertexBuffer.cpp')
  
D:\Workspace\VS Workspace\HuaEngine\Dependencies\entt\entt.hpp(8355,1): warning C4828: The file contains a character starting at offset 0x5202b that is illegal in the current source character set (codepage 65001). [D:\Workspace\VS Workspace\HuaEngine\build\HuaEngine\HuaEngine.vcxproj]
  (compiling source file '../../HuaEngine/src/HuaEngine/Rendering/VertexBuffer.cpp')
  
D:\Workspace\VS Workspace\HuaEngine\Dependencies\entt\entt.hpp(13868,1): warning C4828: The file contains a character starting at offset 0x7f0c0 that is illegal in the current source character set (codepage 65001). [D:\Workspace\VS Workspace\HuaEngine\build\HuaEngine\HuaEngine.vcxproj]
  (compiling source file '../../HuaEngine/src/HuaEngine/Rendering/VertexBuffer.cpp')
  
D:\Workspace\VS Workspace\HuaEngine\Dependencies\entt\entt.hpp(13868,1): warning C4828: The file contains a character starting at offset 0x7f0c6 that is illegal in the current source character set (codepage 65001). [D:\Workspace\VS Workspace\HuaEngine\build\HuaEngine\HuaEngine.vcxproj]
  (compiling source file '../../HuaEngine/src/HuaEngine/Rendering/VertexBuffer.cpp')
  
D:\Workspace\VS Workspace\HuaEngine\Dependencies\entt\entt.hpp(59711,1): warning C4828: The file contains a character starting at offset 0x230043 that is illegal in the current source character set (codepage 65001). [D:\Workspace\VS Workspace\HuaEngine\build\HuaEngine\HuaEngine.vcxproj]
  (compiling source file '../../HuaEngine/src/HuaEngine/Rendering/VertexBuffer.cpp')
  
D:\Workspace\VS Workspace\HuaEngine\Dependencies\entt\entt.hpp(59711,1): warning C4828: The file contains a character starting at offset 0x230049 that is illegal in the current source character set (codepage 65001). [D:\Workspace\VS Workspace\HuaEngine\build\HuaEngine\HuaEngine.vcxproj]
  (compiling source file '../../HuaEngine/src/HuaEngine/Rendering/VertexBuffer.cpp')
  
D:\Workspace\VS Workspace\HuaEngine\Dependencies\entt\entt.hpp(71606,1): warning C4828: The file contains a character starting at offset 0x2a7cf1 that is illegal in the current source character set (codepage 65001). [D:\Workspace\VS Workspace\HuaEngine\build\HuaEngine\HuaEngine.vcxproj]
  (compiling source file '../../HuaEngine/src/HuaEngine/Rendering/VertexBuffer.cpp')
  
D:\Workspace\VS Workspace\HuaEngine\Dependencies\entt\entt.hpp(71606,1): warning C4828: The file contains a character starting at offset 0x2a7cf7 that is illegal in the current source character set (codepage 65001). [D:\Workspace\VS Workspace\HuaEngine\build\HuaEngine\HuaEngine.vcxproj]
  (compiling source file '../../HuaEngine/src/HuaEngine/Rendering/VertexBuffer.cpp')
  
D:\Workspace\VS Workspace\HuaEngine\Dependencies\entt\entt.hpp(91527,1): warning C4828: The file contains a character starting at offset 0x35f91d that is illegal in the current source character set (codepage 65001). [D:\Workspace\VS Workspace\HuaEngine\build\HuaEngine\HuaEngine.vcxproj]
  (compiling source file '../../HuaEngine/src/HuaEngine/Rendering/VertexBuffer.cpp')
  
D:\Workspace\VS Workspace\HuaEngine\Dependencies\entt\entt.hpp(91527,1): warning C4828: The file contains a character starting at offset 0x35f923 that is illegal in the current source character set (codepage 65001). [D:\Workspace\VS Workspace\HuaEngine\build\HuaEngine\HuaEngine.vcxproj]
  (compiling source file '../../HuaEngine/src/HuaEngine/Rendering/VertexBuffer.cpp')
  
D:\Workspace\VS Workspace\HuaEngine\Dependencies\entt\entt.hpp(6046,1): warning C4828: The file contains a character starting at offset 0x3a191 that is illegal in the current source character set (codepage 65001). [D:\Workspace\VS Workspace\HuaEngine\build\HuaEngine\HuaEngine.vcxproj]
  (compiling source file '../../HuaEngine/src/HuaEngine/Rendering/VertexBuffer.cpp')
  
D:\Workspace\VS Workspace\HuaEngine\Dependencies\entt\entt.hpp(6046,1): warning C4828: The file contains a character starting at offset 0x3a197 that is illegal in the current source character set (codepage 65001). [D:\Workspace\VS Workspace\HuaEngine\build\HuaEngine\HuaEngine.vcxproj]
  (compiling source file '../../HuaEngine/src/HuaEngine/Rendering/VertexBuffer.cpp')
  
D:\Workspace\VS Workspace\HuaEngine\Dependencies\entt\entt.hpp(8355,1): warning C4828: The file contains a character starting at offset 0x52025 that is illegal in the current source character set (codepage 65001). [D:\Workspace\VS Workspace\HuaEngine\build\HuaEngine\HuaEngine.vcxproj]
  (compiling source file '../../HuaEngine/src/HuaEngine/Rendering/VertexBuffer.cpp')
  
D:\Workspace\VS Workspace\HuaEngine\Dependencies\entt\entt.hpp(8355,1): warning C4828: The file contains a character starting at offset 0x5202b that is illegal in the current source character set (codepage 65001). [D:\Workspace\VS Workspace\HuaEngine\build\HuaEngine\HuaEngine.vcxproj]
  (compiling source file '../../HuaEngine/src/HuaEngine/Rendering/VertexBuffer.cpp')
  
D:\Workspace\VS Workspace\HuaEngine\Dependencies\entt\entt.hpp(13868,1): warning C4828: The file contains a character starting at offset 0x7f0c0 that is illegal in the current source character set (codepage 65001). [D:\Workspace\VS Workspace\HuaEngine\build\HuaEngine\HuaEngine.vcxproj]
  (compiling source file '../../HuaEngine/src/HuaEngine/Rendering/VertexBuffer.cpp')
  
D:\Workspace\VS Workspace\HuaEngine\Dependencies\entt\entt.hpp(13868,1): warning C4828: The file contains a character starting at offset 0x7f0c6 that is illegal in the current source character set (codepage 65001). [D:\Workspace\VS Workspace\HuaEngine\build\HuaEngine\HuaEngine.vcxproj]
  (compiling source file '../../HuaEngine/src/HuaEngine/Rendering/VertexBuffer.cpp')
  
D:\Workspace\VS Workspace\HuaEngine\Dependencies\entt\entt.hpp(59711,1): warning C4828: The file contains a character starting at offset 0x230043 that is illegal in the current source character set (codepage 65001). [D:\Workspace\VS Workspace\HuaEngine\build\HuaEngine\HuaEngine.vcxproj]
  (compiling source file '../../HuaEngine/src/HuaEngine/Rendering/VertexBuffer.cpp')
  
D:\Workspace\VS Workspace\HuaEngine\Dependencies\entt\entt.hpp(59711,1): warning C4828: The file contains a character starting at offset 0x230049 that is illegal in the current source character set (codepage 65001). [D:\Workspace\VS Workspace\HuaEngine\build\HuaEngine\HuaEngine.vcxproj]
  (compiling source file '../../HuaEngine/src/HuaEngine/Rendering/VertexBuffer.cpp')
  
D:\Workspace\VS Workspace\HuaEngine\Dependencies\entt\entt.hpp(71606,1): warning C4828: The file contains a character starting at offset 0x2a7cf1 that is illegal in the current source character set (codepage 65001). [D:\Workspace\VS Workspace\HuaEngine\build\HuaEngine\HuaEngine.vcxproj]
  (compiling source file '../../HuaEngine/src/HuaEngine/Rendering/VertexBuffer.cpp')
  
D:\Workspace\VS Workspace\HuaEngine\Dependencies\entt\entt.hpp(71606,1): warning C4828: The file contains a character starting at offset 0x2a7cf7 that is illegal in the current source character set (codepage 65001). [D:\Workspace\VS Workspace\HuaEngine\build\HuaEngine\HuaEngine.vcxproj]
  (compiling source file '../../HuaEngine/src/HuaEngine/Rendering/VertexBuffer.cpp')
  
D:\Workspace\VS Workspace\HuaEngine\Dependencies\entt\entt.hpp(91527,1): warning C4828: The file contains a character starting at offset 0x35f91d that is illegal in the current source character set (codepage 65001). [D:\Workspace\VS Workspace\HuaEngine\build\HuaEngine\HuaEngine.vcxproj]
  (compiling source file '../../HuaEngine/src/HuaEngine/Rendering/VertexBuffer.cpp')
  
D:\Workspace\VS Workspace\HuaEngine\Dependencies\entt\entt.hpp(91527,1): warning C4828: The file contains a character starting at offset 0x35f923 that is illegal in the current source character set (codepage 65001). [D:\Workspace\VS Workspace\HuaEngine\build\HuaEngine\HuaEngine.vcxproj]
  (compiling source file '../../HuaEngine/src/HuaEngine/Rendering/VertexBuffer.cpp')
  
D:\Workspace\VS Workspace\HuaEngine\Dependencies\entt\entt.hpp(6046,1): warning C4828: The file contains a character starting at offset 0x3a191 that is illegal in the current source character set (codepage 65001). [D:\Workspace\VS Workspace\HuaEngine\build\HuaEngine\HuaEngine.vcxproj]
  (compiling source file '../../HuaEngine/src/HuaEngine/Rendering/VertexBuffer.cpp')
  
D:\Workspace\VS Workspace\HuaEngine\Dependencies\entt\entt.hpp(6046,1): warning C4828: The file contains a character starting at offset 0x3a197 that is illegal in the current source character set (codepage 65001). [D:\Workspace\VS Workspace\HuaEngine\build\HuaEngine\HuaEngine.vcxproj]
  (compiling source file '../../HuaEngine/src/HuaEngine/Rendering/VertexBuffer.cpp')
  
D:\Workspace\VS Workspace\HuaEngine\Dependencies\entt\entt.hpp(8355,1): warning C4828: The file contains a character starting at offset 0x52025 that is illegal in the current source character set (codepage 65001). [D:\Workspace\VS Workspace\HuaEngine\build\HuaEngine\HuaEngine.vcxproj]
  (compiling source file '../../HuaEngine/src/HuaEngine/Rendering/VertexBuffer.cpp')
  
D:\Workspace\VS Workspace\HuaEngine\Dependencies\entt\entt.hpp(8355,1): warning C4828: The file contains a character starting at offset 0x5202b that is illegal in the current source character set (codepage 65001). [D:\Workspace\VS Workspace\HuaEngine\build\HuaEngine\HuaEngine.vcxproj]
  (compiling source file '../../HuaEngine/src/HuaEngine/Rendering/VertexBuffer.cpp')
  
D:\Workspace\VS Workspace\HuaEngine\Dependencies\entt\entt.hpp(13868,1): warning C4828: The file contains a character starting at offset 0x7f0c0 that is illegal in the current source character set (codepage 65001). [D:\Workspace\VS Workspace\HuaEngine\build\HuaEngine\HuaEngine.vcxproj]
  (compiling source file '../../HuaEngine/src/HuaEngine/Rendering/VertexBuffer.cpp')
  
D:\Workspace\VS Workspace\HuaEngine\Dependencies\entt\entt.hpp(13868,1): warning C4828: The file contains a character starting at offset 0x7f0c6 that is illegal in the current source character set (codepage 65001). [D:\Workspace\VS Workspace\HuaEngine\build\HuaEngine\HuaEngine.vcxproj]
  (compiling source file '../../HuaEngine/src/HuaEngine/Rendering/VertexBuffer.cpp')
  
D:\Workspace\VS Workspace\HuaEngine\Dependencies\entt\entt.hpp(59711,1): warning C4828: The file contains a character starting at offset 0x230043 that is illegal in the current source character set (codepage 65001). [D:\Workspace\VS Workspace\HuaEngine\build\HuaEngine\HuaEngine.vcxproj]
  (compiling source file '../../HuaEngine/src/HuaEngine/Rendering/VertexBuffer.cpp')
  
D:\Workspace\VS Workspace\HuaEngine\Dependencies\entt\entt.hpp(59711,1): warning C4828: The file contains a character starting at offset 0x230049 that is illegal in the current source character set (codepage 65001). [D:\Workspace\VS Workspace\HuaEngine\build\HuaEngine\HuaEngine.vcxproj]
  (compiling source file '../../HuaEngine/src/HuaEngine/Rendering/VertexBuffer.cpp')
  
D:\Workspace\VS Workspace\HuaEngine\Dependencies\entt\entt.hpp(71606,1): warning C4828: The file contains a character starting at offset 0x2a7cf1 that is illegal in the current source character set (codepage 65001). [D:\Workspace\VS Workspace\HuaEngine\build\HuaEngine\HuaEngine.vcxproj]
  (compiling source file '../../HuaEngine/src/HuaEngine/Rendering/VertexBuffer.cpp')
  
D:\Workspace\VS Workspace\HuaEngine\Dependencies\entt\entt.hpp(71606,1): warning C4828: The file contains a character starting at offset 0x2a7cf7 that is illegal in the current source character set (codepage 65001). [D:\Workspace\VS Workspace\HuaEngine\build\HuaEngine\HuaEngine.vcxproj]
  (compiling source file '../../HuaEngine/src/HuaEngine/Rendering/VertexBuffer.cpp')
  
D:\Workspace\VS Workspace\HuaEngine\Dependencies\entt\entt.hpp(91527,1): warning C4828: The file contains a character starting at offset 0x35f91d that is illegal in the current source character set (codepage 65001). [D:\Workspace\VS Workspace\HuaEngine\build\HuaEngine\HuaEngine.vcxproj]
  (compiling source file '../../HuaEngine/src/HuaEngine/Rendering/VertexBuffer.cpp')
  
D:\Workspace\VS Workspace\HuaEngine\Dependencies\entt\entt.hpp(91527,1): warning C4828: The file contains a character starting at offset 0x35f923 that is illegal in the current source character set (codepage 65001). [D:\Workspace\VS Workspace\HuaEngine\build\HuaEngine\HuaEngine.vcxproj]
  (compiling source file '../../HuaEngine/src/HuaEngine/Rendering/VertexBuffer.cpp')
  
  Scene.cpp
D:\Workspace\VS Workspace\HuaEngine\Dependencies\entt\entt.hpp(6046,1): warning C4828: The file contains a character starting at offset 0x3a191 that is illegal in the current source character set (codepage 65001). [D:\Workspace\VS Workspace\HuaEngine\build\HuaEngine\HuaEngine.vcxproj]
  (compiling source file '../../HuaEngine/src/HuaEngine/Scene/Scene.cpp')
  
D:\Workspace\VS Workspace\HuaEngine\Dependencies\entt\entt.hpp(6046,1): warning C4828: The file contains a character starting at offset 0x3a197 that is illegal in the current source character set (codepage 65001). [D:\Workspace\VS Workspace\HuaEngine\build\HuaEngine\HuaEngine.vcxproj]
  (compiling source file '../../HuaEngine/src/HuaEngine/Scene/Scene.cpp')
  
D:\Workspace\VS Workspace\HuaEngine\Dependencies\entt\entt.hpp(8355,1): warning C4828: The file contains a character starting at offset 0x52025 that is illegal in the current source character set (codepage 65001). [D:\Workspace\VS Workspace\HuaEngine\build\HuaEngine\HuaEngine.vcxproj]
  (compiling source file '../../HuaEngine/src/HuaEngine/Scene/Scene.cpp')
  
D:\Workspace\VS Workspace\HuaEngine\Dependencies\entt\entt.hpp(8355,1): warning C4828: The file contains a character starting at offset 0x5202b that is illegal in the current source character set (codepage 65001). [D:\Workspace\VS Workspace\HuaEngine\build\HuaEngine\HuaEngine.vcxproj]
  (compiling source file '../../HuaEngine/src/HuaEngine/Scene/Scene.cpp')
  
D:\Workspace\VS Workspace\HuaEngine\Dependencies\entt\entt.hpp(13868,1): warning C4828: The file contains a character starting at offset 0x7f0c0 that is illegal in the current source character set (codepage 65001). [D:\Workspace\VS Workspace\HuaEngine\build\HuaEngine\HuaEngine.vcxproj]
  (compiling source file '../../HuaEngine/src/HuaEngine/Scene/Scene.cpp')
  
D:\Workspace\VS Workspace\HuaEngine\Dependencies\entt\entt.hpp(13868,1): warning C4828: The file contains a character starting at offset 0x7f0c6 that is illegal in the current source character set (codepage 65001). [D:\Workspace\VS Workspace\HuaEngine\build\HuaEngine\HuaEngine.vcxproj]
  (compiling source file '../../HuaEngine/src/HuaEngine/Scene/Scene.cpp')
  
D:\Workspace\VS Workspace\HuaEngine\Dependencies\entt\entt.hpp(59711,1): warning C4828: The file contains a character starting at offset 0x230043 that is illegal in the current source character set (codepage 65001). [D:\Workspace\VS Workspace\HuaEngine\build\HuaEngine\HuaEngine.vcxproj]
  (compiling source file '../../HuaEngine/src/HuaEngine/Scene/Scene.cpp')
  
D:\Workspace\VS Workspace\HuaEngine\Dependencies\entt\entt.hpp(59711,1): warning C4828: The file contains a character starting at offset 0x230049 that is illegal in the current source character set (codepage 65001). [D:\Workspace\VS Workspace\HuaEngine\build\HuaEngine\HuaEngine.vcxproj]
  (compiling source file '../../HuaEngine/src/HuaEngine/Scene/Scene.cpp')
  
D:\Workspace\VS Workspace\HuaEngine\Dependencies\entt\entt.hpp(71606,1): warning C4828: The file contains a character starting at offset 0x2a7cf1 that is illegal in the current source character set (codepage 65001). [D:\Workspace\VS Workspace\HuaEngine\build\HuaEngine\HuaEngine.vcxproj]
  (compiling source file '../../HuaEngine/src/HuaEngine/Scene/Scene.cpp')
  
D:\Workspace\VS Workspace\HuaEngine\Dependencies\entt\entt.hpp(71606,1): warning C4828: The file contains a character starting at offset 0x2a7cf7 that is illegal in the current source character set (codepage 65001). [D:\Workspace\VS Workspace\HuaEngine\build\HuaEngine\HuaEngine.vcxproj]
  (compiling source file '../../HuaEngine/src/HuaEngine/Scene/Scene.cpp')
  
D:\Workspace\VS Workspace\HuaEngine\Dependencies\entt\entt.hpp(91527,1): warning C4828: The file contains a character starting at offset 0x35f91d that is illegal in the current source character set (codepage 65001). [D:\Workspace\VS Workspace\HuaEngine\build\HuaEngine\HuaEngine.vcxproj]
  (compiling source file '../../HuaEngine/src/HuaEngine/Scene/Scene.cpp')
  
D:\Workspace\VS Workspace\HuaEngine\Dependencies\entt\entt.hpp(91527,1): warning C4828: The file contains a character starting at offset 0x35f923 that is illegal in the current source character set (codepage 65001). [D:\Workspace\VS Workspace\HuaEngine\build\HuaEngine\HuaEngine.vcxproj]
  (compiling source file '../../HuaEngine/src/HuaEngine/Scene/Scene.cpp')
  
D:\Workspace\VS Workspace\HuaEngine\Dependencies\entt\entt.hpp(6046,1): warning C4828: The file contains a character starting at offset 0x3a191 that is illegal in the current source character set (codepage 65001). [D:\Workspace\VS Workspace\HuaEngine\build\HuaEngine\HuaEngine.vcxproj]
  (compiling source file '../../HuaEngine/src/HuaEngine/Scene/Scene.cpp')
  
D:\Workspace\VS Workspace\HuaEngine\Dependencies\entt\entt.hpp(6046,1): warning C4828: The file contains a character starting at offset 0x3a197 that is illegal in the current source character set (codepage 65001). [D:\Workspace\VS Workspace\HuaEngine\build\HuaEngine\HuaEngine.vcxproj]
  (compiling source file '../../HuaEngine/src/HuaEngine/Scene/Scene.cpp')
  
D:\Workspace\VS Workspace\HuaEngine\Dependencies\entt\entt.hpp(8355,1): warning C4828: The file contains a character starting at offset 0x52025 that is illegal in the current source character set (codepage 65001). [D:\Workspace\VS Workspace\HuaEngine\build\HuaEngine\HuaEngine.vcxproj]
  (compiling source file '../../HuaEngine/src/HuaEngine/Scene/Scene.cpp')
  
D:\Workspace\VS Workspace\HuaEngine\Dependencies\entt\entt.hpp(8355,1): warning C4828: The file contains a character starting at offset 0x5202b that is illegal in the current source character set (codepage 65001). [D:\Workspace\VS Workspace\HuaEngine\build\HuaEngine\HuaEngine.vcxproj]
  (compiling source file '../../HuaEngine/src/HuaEngine/Scene/Scene.cpp')
  
D:\Workspace\VS Workspace\HuaEngine\Dependencies\entt\entt.hpp(13868,1): warning C4828: The file contains a character starting at offset 0x7f0c0 that is illegal in the current source character set (codepage 65001). [D:\Workspace\VS Workspace\HuaEngine\build\HuaEngine\HuaEngine.vcxproj]
  (compiling source file '../../HuaEngine/src/HuaEngine/Scene/Scene.cpp')
  
D:\Workspace\VS Workspace\HuaEngine\Dependencies\entt\entt.hpp(13868,1): warning C4828: The file contains a character starting at offset 0x7f0c6 that is illegal in the current source character set (codepage 65001). [D:\Workspace\VS Workspace\HuaEngine\build\HuaEngine\HuaEngine.vcxproj]
  (compiling source file '../../HuaEngine/src/HuaEngine/Scene/Scene.cpp')
  
D:\Workspace\VS Workspace\HuaEngine\Dependencies\entt\entt.hpp(59711,1): warning C4828: The file contains a character starting at offset 0x230043 that is illegal in the current source character set (codepage 65001). [D:\Workspace\VS Workspace\HuaEngine\build\HuaEngine\HuaEngine.vcxproj]
  (compiling source file '../../HuaEngine/src/HuaEngine/Scene/Scene.cpp')
  
D:\Workspace\VS Workspace\HuaEngine\Dependencies\entt\entt.hpp(59711,1): warning C4828: The file contains a character starting at offset 0x230049 that is illegal in the current source character set (codepage 65001). [D:\Workspace\VS Workspace\HuaEngine\build\HuaEngine\HuaEngine.vcxproj]
  (compiling source file '../../HuaEngine/src/HuaEngine/Scene/Scene.cpp')
  
D:\Workspace\VS Workspace\HuaEngine\Dependencies\entt\entt.hpp(71606,1): warning C4828: The file contains a character starting at offset 0x2a7cf1 that is illegal in the current source character set (codepage 65001). [D:\Workspace\VS Workspace\HuaEngine\build\HuaEngine\HuaEngine.vcxproj]
  (compiling source file '../../HuaEngine/src/HuaEngine/Scene/Scene.cpp')
  
D:\Workspace\VS Workspace\HuaEngine\Dependencies\entt\entt.hpp(71606,1): warning C4828: The file contains a character starting at offset 0x2a7cf7 that is illegal in the current source character set (codepage 65001). [D:\Workspace\VS Workspace\HuaEngine\build\HuaEngine\HuaEngine.vcxproj]
  (compiling source file '../../HuaEngine/src/HuaEngine/Scene/Scene.cpp')
  
D:\Workspace\VS Workspace\HuaEngine\Dependencies\entt\entt.hpp(91527,1): warning C4828: The file contains a character starting at offset 0x35f91d that is illegal in the current source character set (codepage 65001). [D:\Workspace\VS Workspace\HuaEngine\build\HuaEngine\HuaEngine.vcxproj]
  (compiling source file '../../HuaEngine/src/HuaEngine/Scene/Scene.cpp')
  
D:\Workspace\VS Workspace\HuaEngine\Dependencies\entt\entt.hpp(91527,1): warning C4828: The file contains a character starting at offset 0x35f923 that is illegal in the current source character set (codepage 65001). [D:\Workspace\VS Workspace\HuaEngine\build\HuaEngine\HuaEngine.vcxproj]
  (compiling source file '../../HuaEngine/src/HuaEngine/Scene/Scene.cpp')
  
  SceneSerializer.cpp
D:\Workspace\VS Workspace\HuaEngine\Dependencies\entt\entt.hpp(6046,1): warning C4828: The file contains a character starting at offset 0x3a191 that is illegal in the current source character set (codepage 65001). [D:\Workspace\VS Workspace\HuaEngine\build\HuaEngine\HuaEngine.vcxproj]
  (compiling source file '../../HuaEngine/src/HuaEngine/Scene/SceneSerializer.cpp')
  
D:\Workspace\VS Workspace\HuaEngine\Dependencies\entt\entt.hpp(6046,1): warning C4828: The file contains a character starting at offset 0x3a197 that is illegal in the current source character set (codepage 65001). [D:\Workspace\VS Workspace\HuaEngine\build\HuaEngine\HuaEngine.vcxproj]
  (compiling source file '../../HuaEngine/src/HuaEngine/Scene/SceneSerializer.cpp')
  
D:\Workspace\VS Workspace\HuaEngine\Dependencies\entt\entt.hpp(8355,1): warning C4828: The file contains a character starting at offset 0x52025 that is illegal in the current source character set (codepage 65001). [D:\Workspace\VS Workspace\HuaEngine\build\HuaEngine\HuaEngine.vcxproj]
  (compiling source file '../../HuaEngine/src/HuaEngine/Scene/SceneSerializer.cpp')
  
D:\Workspace\VS Workspace\HuaEngine\Dependencies\entt\entt.hpp(8355,1): warning C4828: The file contains a character starting at offset 0x5202b that is illegal in the current source character set (codepage 65001). [D:\Workspace\VS Workspace\HuaEngine\build\HuaEngine\HuaEngine.vcxproj]
  (compiling source file '../../HuaEngine/src/HuaEngine/Scene/SceneSerializer.cpp')
  
D:\Workspace\VS Workspace\HuaEngine\Dependencies\entt\entt.hpp(13868,1): warning C4828: The file contains a character starting at offset 0x7f0c0 that is illegal in the current source character set (codepage 65001). [D:\Workspace\VS Workspace\HuaEngine\build\HuaEngine\HuaEngine.vcxproj]
  (compiling source file '../../HuaEngine/src/HuaEngine/Scene/SceneSerializer.cpp')
  
D:\Workspace\VS Workspace\HuaEngine\Dependencies\entt\entt.hpp(13868,1): warning C4828: The file contains a character starting at offset 0x7f0c6 that is illegal in the current source character set (codepage 65001). [D:\Workspace\VS Workspace\HuaEngine\build\HuaEngine\HuaEngine.vcxproj]
  (compiling source file '../../HuaEngine/src/HuaEngine/Scene/SceneSerializer.cpp')
  
D:\Workspace\VS Workspace\HuaEngine\Dependencies\entt\entt.hpp(59711,1): warning C4828: The file contains a character starting at offset 0x230043 that is illegal in the current source character set (codepage 65001). [D:\Workspace\VS Workspace\HuaEngine\build\HuaEngine\HuaEngine.vcxproj]
  (compiling source file '../../HuaEngine/src/HuaEngine/Scene/SceneSerializer.cpp')
  
D:\Workspace\VS Workspace\HuaEngine\Dependencies\entt\entt.hpp(59711,1): warning C4828: The file contains a character starting at offset 0x230049 that is illegal in the current source character set (codepage 65001). [D:\Workspace\VS Workspace\HuaEngine\build\HuaEngine\HuaEngine.vcxproj]
  (compiling source file '../../HuaEngine/src/HuaEngine/Scene/SceneSerializer.cpp')
  
D:\Workspace\VS Workspace\HuaEngine\Dependencies\entt\entt.hpp(71606,1): warning C4828: The file contains a character starting at offset 0x2a7cf1 that is illegal in the current source character set (codepage 65001). [D:\Workspace\VS Workspace\HuaEngine\build\HuaEngine\HuaEngine.vcxproj]
  (compiling source file '../../HuaEngine/src/HuaEngine/Scene/SceneSerializer.cpp')
  
D:\Workspace\VS Workspace\HuaEngine\Dependencies\entt\entt.hpp(71606,1): warning C4828: The file contains a character starting at offset 0x2a7cf7 that is illegal in the current source character set (codepage 65001). [D:\Workspace\VS Workspace\HuaEngine\build\HuaEngine\HuaEngine.vcxproj]
  (compiling source file '../../HuaEngine/src/HuaEngine/Scene/SceneSerializer.cpp')
  
D:\Workspace\VS Workspace\HuaEngine\Dependencies\entt\entt.hpp(91527,1): warning C4828: The file contains a character starting at offset 0x35f91d that is illegal in the current source character set (codepage 65001). [D:\Workspace\VS Workspace\HuaEngine\build\HuaEngine\HuaEngine.vcxproj]
  (compiling source file '../../HuaEngine/src/HuaEngine/Scene/SceneSerializer.cpp')
  
D:\Workspace\VS Workspace\HuaEngine\Dependencies\entt\entt.hpp(91527,1): warning C4828: The file contains a character starting at offset 0x35f923 that is illegal in the current source character set (codepage 65001). [D:\Workspace\VS Workspace\HuaEngine\build\HuaEngine\HuaEngine.vcxproj]
  (compiling source file '../../HuaEngine/src/HuaEngine/Scene/SceneSerializer.cpp')
  
D:\Workspace\VS Workspace\HuaEngine\Dependencies\entt\entt.hpp(6046,1): warning C4828: The file contains a character starting at offset 0x3a191 that is illegal in the current source character set (codepage 65001). [D:\Workspace\VS Workspace\HuaEngine\build\HuaEngine\HuaEngine.vcxproj]
  (compiling source file '../../HuaEngine/src/HuaEngine/Scene/SceneSerializer.cpp')
  
D:\Workspace\VS Workspace\HuaEngine\Dependencies\entt\entt.hpp(6046,1): warning C4828: The file contains a character starting at offset 0x3a197 that is illegal in the current source character set (codepage 65001). [D:\Workspace\VS Workspace\HuaEngine\build\HuaEngine\HuaEngine.vcxproj]
  (compiling source file '../../HuaEngine/src/HuaEngine/Scene/SceneSerializer.cpp')
  
D:\Workspace\VS Workspace\HuaEngine\Dependencies\entt\entt.hpp(8355,1): warning C4828: The file contains a character starting at offset 0x52025 that is illegal in the current source character set (codepage 65001). [D:\Workspace\VS Workspace\HuaEngine\build\HuaEngine\HuaEngine.vcxproj]
  (compiling source file '../../HuaEngine/src/HuaEngine/Scene/SceneSerializer.cpp')
  
D:\Workspace\VS Workspace\HuaEngine\Dependencies\entt\entt.hpp(8355,1): warning C4828: The file contains a character starting at offset 0x5202b that is illegal in the current source character set (codepage 65001). [D:\Workspace\VS Workspace\HuaEngine\build\HuaEngine\HuaEngine.vcxproj]
  (compiling source file '../../HuaEngine/src/HuaEngine/Scene/SceneSerializer.cpp')
  
D:\Workspace\VS Workspace\HuaEngine\Dependencies\entt\entt.hpp(13868,1): warning C4828: The file contains a character starting at offset 0x7f0c0 that is illegal in the current source character set (codepage 65001). [D:\Workspace\VS Workspace\HuaEngine\build\HuaEngine\HuaEngine.vcxproj]
  (compiling source file '../../HuaEngine/src/HuaEngine/Scene/SceneSerializer.cpp')
  
D:\Workspace\VS Workspace\HuaEngine\Dependencies\entt\entt.hpp(13868,1): warning C4828: The file contains a character starting at offset 0x7f0c6 that is illegal in the current source character set (codepage 65001). [D:\Workspace\VS Workspace\HuaEngine\build\HuaEngine\HuaEngine.vcxproj]
  (compiling source file '../../HuaEngine/src/HuaEngine/Scene/SceneSerializer.cpp')
  
D:\Workspace\VS Workspace\HuaEngine\Dependencies\entt\entt.hpp(59711,1): warning C4828: The file contains a character starting at offset 0x230043 that is illegal in the current source character set (codepage 65001). [D:\Workspace\VS Workspace\HuaEngine\build\HuaEngine\HuaEngine.vcxproj]
  (compiling source file '../../HuaEngine/src/HuaEngine/Scene/SceneSerializer.cpp')
  
D:\Workspace\VS Workspace\HuaEngine\Dependencies\entt\entt.hpp(59711,1): warning C4828: The file contains a character starting at offset 0x230049 that is illegal in the current source character set (codepage 65001). [D:\Workspace\VS Workspace\HuaEngine\build\HuaEngine\HuaEngine.vcxproj]
  (compiling source file '../../HuaEngine/src/HuaEngine/Scene/SceneSerializer.cpp')
  
D:\Workspace\VS Workspace\HuaEngine\Dependencies\entt\entt.hpp(71606,1): warning C4828: The file contains a character starting at offset 0x2a7cf1 that is illegal in the current source character set (codepage 65001). [D:\Workspace\VS Workspace\HuaEngine\build\HuaEngine\HuaEngine.vcxproj]
  (compiling source file '../../HuaEngine/src/HuaEngine/Scene/SceneSerializer.cpp')
  
D:\Workspace\VS Workspace\HuaEngine\Dependencies\entt\entt.hpp(71606,1): warning C4828: The file contains a character starting at offset 0x2a7cf7 that is illegal in the current source character set (codepage 65001). [D:\Workspace\VS Workspace\HuaEngine\build\HuaEngine\HuaEngine.vcxproj]
  (compiling source file '../../HuaEngine/src/HuaEngine/Scene/SceneSerializer.cpp')
  
D:\Workspace\VS Workspace\HuaEngine\Dependencies\entt\entt.hpp(91527,1): warning C4828: The file contains a character starting at offset 0x35f91d that is illegal in the current source character set (codepage 65001). [D:\Workspace\VS Workspace\HuaEngine\build\HuaEngine\HuaEngine.vcxproj]
  (compiling source file '../../HuaEngine/src/HuaEngine/Scene/SceneSerializer.cpp')
  
D:\Workspace\VS Workspace\HuaEngine\Dependencies\entt\entt.hpp(91527,1): warning C4828: The file contains a character starting at offset 0x35f923 that is illegal in the current source character set (codepage 65001). [D:\Workspace\VS Workspace\HuaEngine\build\HuaEngine\HuaEngine.vcxproj]
  (compiling source file '../../HuaEngine/src/HuaEngine/Scene/SceneSerializer.cpp')
  
D:\Workspace\VS Workspace\HuaEngine\Dependencies\entt\entt.hpp(6046,1): warning C4828: The file contains a character starting at offset 0x3a191 that is illegal in the current source character set (codepage 65001). [D:\Workspace\VS Workspace\HuaEngine\build\HuaEngine\HuaEngine.vcxproj]
  (compiling source file '../../HuaEngine/src/HuaEngine/Scene/SceneSerializer.cpp')
  
D:\Workspace\VS Workspace\HuaEngine\Dependencies\entt\entt.hpp(6046,1): warning C4828: The file contains a character starting at offset 0x3a197 that is illegal in the current source character set (codepage 65001). [D:\Workspace\VS Workspace\HuaEngine\build\HuaEngine\HuaEngine.vcxproj]
  (compiling source file '../../HuaEngine/src/HuaEngine/Scene/SceneSerializer.cpp')
  
D:\Workspace\VS Workspace\HuaEngine\Dependencies\entt\entt.hpp(8355,1): warning C4828: The file contains a character starting at offset 0x52025 that is illegal in the current source character set (codepage 65001). [D:\Workspace\VS Workspace\HuaEngine\build\HuaEngine\HuaEngine.vcxproj]
  (compiling source file '../../HuaEngine/src/HuaEngine/Scene/SceneSerializer.cpp')
  
D:\Workspace\VS Workspace\HuaEngine\Dependencies\entt\entt.hpp(8355,1): warning C4828: The file contains a character starting at offset 0x5202b that is illegal in the current source character set (codepage 65001). [D:\Workspace\VS Workspace\HuaEngine\build\HuaEngine\HuaEngine.vcxproj]
  (compiling source file '../../HuaEngine/src/HuaEngine/Scene/SceneSerializer.cpp')
  
D:\Workspace\VS Workspace\HuaEngine\Dependencies\entt\entt.hpp(13868,1): warning C4828: The file contains a character starting at offset 0x7f0c0 that is illegal in the current source character set (codepage 65001). [D:\Workspace\VS Workspace\HuaEngine\build\HuaEngine\HuaEngine.vcxproj]
  (compiling source file '../../HuaEngine/src/HuaEngine/Scene/SceneSerializer.cpp')
  
D:\Workspace\VS Workspace\HuaEngine\Dependencies\entt\entt.hpp(13868,1): warning C4828: The file contains a character starting at offset 0x7f0c6 that is illegal in the current source character set (codepage 65001). [D:\Workspace\VS Workspace\HuaEngine\build\HuaEngine\HuaEngine.vcxproj]
  (compiling source file '../../HuaEngine/src/HuaEngine/Scene/SceneSerializer.cpp')
  
D:\Workspace\VS Workspace\HuaEngine\Dependencies\entt\entt.hpp(59711,1): warning C4828: The file contains a character starting at offset 0x230043 that is illegal in the current source character set (codepage 65001). [D:\Workspace\VS Workspace\HuaEngine\build\HuaEngine\HuaEngine.vcxproj]
  (compiling source file '../../HuaEngine/src/HuaEngine/Scene/SceneSerializer.cpp')
  
D:\Workspace\VS Workspace\HuaEngine\Dependencies\entt\entt.hpp(59711,1): warning C4828: The file contains a character starting at offset 0x230049 that is illegal in the current source character set (codepage 65001). [D:\Workspace\VS Workspace\HuaEngine\build\HuaEngine\HuaEngine.vcxproj]
  (compiling source file '../../HuaEngine/src/HuaEngine/Scene/SceneSerializer.cpp')
  
D:\Workspace\VS Workspace\HuaEngine\Dependencies\entt\entt.hpp(71606,1): warning C4828: The file contains a character starting at offset 0x2a7cf1 that is illegal in the current source character set (codepage 65001). [D:\Workspace\VS Workspace\HuaEngine\build\HuaEngine\HuaEngine.vcxproj]
  (compiling source file '../../HuaEngine/src/HuaEngine/Scene/SceneSerializer.cpp')
  
D:\Workspace\VS Workspace\HuaEngine\Dependencies\entt\entt.hpp(71606,1): warning C4828: The file contains a character starting at offset 0x2a7cf7 that is illegal in the current source character set (codepage 65001). [D:\Workspace\VS Workspace\HuaEngine\build\HuaEngine\HuaEngine.vcxproj]
  (compiling source file '../../HuaEngine/src/HuaEngine/Scene/SceneSerializer.cpp')
  
D:\Workspace\VS Workspace\HuaEngine\Dependencies\entt\entt.hpp(91527,1): warning C4828: The file contains a character starting at offset 0x35f91d that is illegal in the current source character set (codepage 65001). [D:\Workspace\VS Workspace\HuaEngine\build\HuaEngine\HuaEngine.vcxproj]
  (compiling source file '../../HuaEngine/src/HuaEngine/Scene/SceneSerializer.cpp')
  
D:\Workspace\VS Workspace\HuaEngine\Dependencies\entt\entt.hpp(91527,1): warning C4828: The file contains a character starting at offset 0x35f923 that is illegal in the current source character set (codepage 65001). [D:\Workspace\VS Workspace\HuaEngine\build\HuaEngine\HuaEngine.vcxproj]
  (compiling source file '../../HuaEngine/src/HuaEngine/Scene/SceneSerializer.cpp')
  
  Generating Code...
D:\Workspace\VS Workspace\HuaEngine\HuaEngine\src\HuaEngine\Rendering\Camera.h(17,1): warning C4172: returning address of local variable or temporary  [D:\Workspace\VS Workspace\HuaEngine\build\HuaEngine\HuaEngine.vcxproj]
  Compiling...
  JsonSerializationBackend.cpp
  Serialization.cpp
D:\Workspace\VS Workspace\HuaEngine\Dependencies\entt\entt.hpp(6046,1): warning C4828: The file contains a character starting at offset 0x3a191 that is illegal in the current source character set (codepage 65001). [D:\Workspace\VS Workspace\HuaEngine\build\HuaEngine\HuaEngine.vcxproj]
  (compiling source file '../../HuaEngine/src/HuaEngine/Serialization/Serialization.cpp')
  
D:\Workspace\VS Workspace\HuaEngine\Dependencies\entt\entt.hpp(6046,1): warning C4828: The file contains a character starting at offset 0x3a197 that is illegal in the current source character set (codepage 65001). [D:\Workspace\VS Workspace\HuaEngine\build\HuaEngine\HuaEngine.vcxproj]
  (compiling source file '../../HuaEngine/src/HuaEngine/Serialization/Serialization.cpp')
  
D:\Workspace\VS Workspace\HuaEngine\Dependencies\entt\entt.hpp(8355,1): warning C4828: The file contains a character starting at offset 0x52025 that is illegal in the current source character set (codepage 65001). [D:\Workspace\VS Workspace\HuaEngine\build\HuaEngine\HuaEngine.vcxproj]
  (compiling source file '../../HuaEngine/src/HuaEngine/Serialization/Serialization.cpp')
  
D:\Workspace\VS Workspace\HuaEngine\Dependencies\entt\entt.hpp(8355,1): warning C4828: The file contains a character starting at offset 0x5202b that is illegal in the current source character set (codepage 65001). [D:\Workspace\VS Workspace\HuaEngine\build\HuaEngine\HuaEngine.vcxproj]
  (compiling source file '../../HuaEngine/src/HuaEngine/Serialization/Serialization.cpp')
  
D:\Workspace\VS Workspace\HuaEngine\Dependencies\entt\entt.hpp(13868,1): warning C4828: The file contains a character starting at offset 0x7f0c0 that is illegal in the current source character set (codepage 65001). [D:\Workspace\VS Workspace\HuaEngine\build\HuaEngine\HuaEngine.vcxproj]
  (compiling source file '../../HuaEngine/src/HuaEngine/Serialization/Serialization.cpp')
  
D:\Workspace\VS Workspace\HuaEngine\Dependencies\entt\entt.hpp(13868,1): warning C4828: The file contains a character starting at offset 0x7f0c6 that is illegal in the current source character set (codepage 65001). [D:\Workspace\VS Workspace\HuaEngine\build\HuaEngine\HuaEngine.vcxproj]
  (compiling source file '../../HuaEngine/src/HuaEngine/Serialization/Serialization.cpp')
  
D:\Workspace\VS Workspace\HuaEngine\Dependencies\entt\entt.hpp(59711,1): warning C4828: The file contains a character starting at offset 0x230043 that is illegal in the current source character set (codepage 65001). [D:\Workspace\VS Workspace\HuaEngine\build\HuaEngine\HuaEngine.vcxproj]
  (compiling source file '../../HuaEngine/src/HuaEngine/Serialization/Serialization.cpp')
  
D:\Workspace\VS Workspace\HuaEngine\Dependencies\entt\entt.hpp(59711,1): warning C4828: The file contains a character starting at offset 0x230049 that is illegal in the current source character set (codepage 65001). [D:\Workspace\VS Workspace\HuaEngine\build\HuaEngine\HuaEngine.vcxproj]
  (compiling source file '../../HuaEngine/src/HuaEngine/Serialization/Serialization.cpp')
  
D:\Workspace\VS Workspace\HuaEngine\Dependencies\entt\entt.hpp(71606,1): warning C4828: The file contains a character starting at offset 0x2a7cf1 that is illegal in the current source character set (codepage 65001). [D:\Workspace\VS Workspace\HuaEngine\build\HuaEngine\HuaEngine.vcxproj]
  (compiling source file '../../HuaEngine/src/HuaEngine/Serialization/Serialization.cpp')
  
D:\Workspace\VS Workspace\HuaEngine\Dependencies\entt\entt.hpp(71606,1): warning C4828: The file contains a character starting at offset 0x2a7cf7 that is illegal in the current source character set (codepage 65001). [D:\Workspace\VS Workspace\HuaEngine\build\HuaEngine\HuaEngine.vcxproj]
  (compiling source file '../../HuaEngine/src/HuaEngine/Serialization/Serialization.cpp')
  
D:\Workspace\VS Workspace\HuaEngine\Dependencies\entt\entt.hpp(91527,1): warning C4828: The file contains a character starting at offset 0x35f91d that is illegal in the current source character set (codepage 65001). [D:\Workspace\VS Workspace\HuaEngine\build\HuaEngine\HuaEngine.vcxproj]
  (compiling source file '../../HuaEngine/src/HuaEngine/Serialization/Serialization.cpp')
  
D:\Workspace\VS Workspace\HuaEngine\Dependencies\entt\entt.hpp(91527,1): warning C4828: The file contains a character starting at offset 0x35f923 that is illegal in the current source character set (codepage 65001). [D:\Workspace\VS Workspace\HuaEngine\build\HuaEngine\HuaEngine.vcxproj]
  (compiling source file '../../HuaEngine/src/HuaEngine/Serialization/Serialization.cpp')
  
D:\Workspace\VS Workspace\HuaEngine\Dependencies\entt\entt.hpp(6046,1): warning C4828: The file contains a character starting at offset 0x3a191 that is illegal in the current source character set (codepage 65001). [D:\Workspace\VS Workspace\HuaEngine\build\HuaEngine\HuaEngine.vcxproj]
  (compiling source file '../../HuaEngine/src/HuaEngine/Serialization/Serialization.cpp')
  
D:\Workspace\VS Workspace\HuaEngine\Dependencies\entt\entt.hpp(6046,1): warning C4828: The file contains a character starting at offset 0x3a197 that is illegal in the current source character set (codepage 65001). [D:\Workspace\VS Workspace\HuaEngine\build\HuaEngine\HuaEngine.vcxproj]
  (compiling source file '../../HuaEngine/src/HuaEngine/Serialization/Serialization.cpp')
  
D:\Workspace\VS Workspace\HuaEngine\Dependencies\entt\entt.hpp(8355,1): warning C4828: The file contains a character starting at offset 0x52025 that is illegal in the current source character set (codepage 65001). [D:\Workspace\VS Workspace\HuaEngine\build\HuaEngine\HuaEngine.vcxproj]
  (compiling source file '../../HuaEngine/src/HuaEngine/Serialization/Serialization.cpp')
  
D:\Workspace\VS Workspace\HuaEngine\Dependencies\entt\entt.hpp(8355,1): warning C4828: The file contains a character starting at offset 0x5202b that is illegal in the current source character set (codepage 65001). [D:\Workspace\VS Workspace\HuaEngine\build\HuaEngine\HuaEngine.vcxproj]
  (compiling source file '../../HuaEngine/src/HuaEngine/Serialization/Serialization.cpp')
  
D:\Workspace\VS Workspace\HuaEngine\Dependencies\entt\entt.hpp(13868,1): warning C4828: The file contains a character starting at offset 0x7f0c0 that is illegal in the current source character set (codepage 65001). [D:\Workspace\VS Workspace\HuaEngine\build\HuaEngine\HuaEngine.vcxproj]
  (compiling source file '../../HuaEngine/src/HuaEngine/Serialization/Serialization.cpp')
  
D:\Workspace\VS Workspace\HuaEngine\Dependencies\entt\entt.hpp(13868,1): warning C4828: The file contains a character starting at offset 0x7f0c6 that is illegal in the current source character set (codepage 65001). [D:\Workspace\VS Workspace\HuaEngine\build\HuaEngine\HuaEngine.vcxproj]
  (compiling source file '../../HuaEngine/src/HuaEngine/Serialization/Serialization.cpp')
  
D:\Workspace\VS Workspace\HuaEngine\Dependencies\entt\entt.hpp(59711,1): warning C4828: The file contains a character starting at offset 0x230043 that is illegal in the current source character set (codepage 65001). [D:\Workspace\VS Workspace\HuaEngine\build\HuaEngine\HuaEngine.vcxproj]
  (compiling source file '../../HuaEngine/src/HuaEngine/Serialization/Serialization.cpp')
  
D:\Workspace\VS Workspace\HuaEngine\Dependencies\entt\entt.hpp(59711,1): warning C4828: The file contains a character starting at offset 0x230049 that is illegal in the current source character set (codepage 65001). [D:\Workspace\VS Workspace\HuaEngine\build\HuaEngine\HuaEngine.vcxproj]
  (compiling source file '../../HuaEngine/src/HuaEngine/Serialization/Serialization.cpp')
  
D:\Workspace\VS Workspace\HuaEngine\Dependencies\entt\entt.hpp(71606,1): warning C4828: The file contains a character starting at offset 0x2a7cf1 that is illegal in the current source character set (codepage 65001). [D:\Workspace\VS Workspace\HuaEngine\build\HuaEngine\HuaEngine.vcxproj]
  (compiling source file '../../HuaEngine/src/HuaEngine/Serialization/Serialization.cpp')
  
D:\Workspace\VS Workspace\HuaEngine\Dependencies\entt\entt.hpp(71606,1): warning C4828: The file contains a character starting at offset 0x2a7cf7 that is illegal in the current source character set (codepage 65001). [D:\Workspace\VS Workspace\HuaEngine\build\HuaEngine\HuaEngine.vcxproj]
  (compiling source file '../../HuaEngine/src/HuaEngine/Serialization/Serialization.cpp')
  
D:\Workspace\VS Workspace\HuaEngine\Dependencies\entt\entt.hpp(91527,1): warning C4828: The file contains a character starting at offset 0x35f91d that is illegal in the current source character set (codepage 65001). [D:\Workspace\VS Workspace\HuaEngine\build\HuaEngine\HuaEngine.vcxproj]
  (compiling source file '../../HuaEngine/src/HuaEngine/Serialization/Serialization.cpp')
  
D:\Workspace\VS Workspace\HuaEngine\Dependencies\entt\entt.hpp(91527,1): warning C4828: The file contains a character starting at offset 0x35f923 that is illegal in the current source character set (codepage 65001). [D:\Workspace\VS Workspace\HuaEngine\build\HuaEngine\HuaEngine.vcxproj]
  (compiling source file '../../HuaEngine/src/HuaEngine/Serialization/Serialization.cpp')
  
D:\Workspace\VS Workspace\HuaEngine\Dependencies\entt\entt.hpp(6046,1): warning C4828: The file contains a character starting at offset 0x3a191 that is illegal in the current source character set (codepage 65001). [D:\Workspace\VS Workspace\HuaEngine\build\HuaEngine\HuaEngine.vcxproj]
  (compiling source file '../../HuaEngine/src/HuaEngine/Serialization/Serialization.cpp')
  
D:\Workspace\VS Workspace\HuaEngine\Dependencies\entt\entt.hpp(6046,1): warning C4828: The file contains a character starting at offset 0x3a197 that is illegal in the current source character set (codepage 65001). [D:\Workspace\VS Workspace\HuaEngine\build\HuaEngine\HuaEngine.vcxproj]
  (compiling source file '../../HuaEngine/src/HuaEngine/Serialization/Serialization.cpp')
  
D:\Workspace\VS Workspace\HuaEngine\Dependencies\entt\entt.hpp(8355,1): warning C4828: The file contains a character starting at offset 0x52025 that is illegal in the current source character set (codepage 65001). [D:\Workspace\VS Workspace\HuaEngine\build\HuaEngine\HuaEngine.vcxproj]
  (compiling source file '../../HuaEngine/src/HuaEngine/Serialization/Serialization.cpp')
  
D:\Workspace\VS Workspace\HuaEngine\Dependencies\entt\entt.hpp(8355,1): warning C4828: The file contains a character starting at offset 0x5202b that is illegal in the current source character set (codepage 65001). [D:\Workspace\VS Workspace\HuaEngine\build\HuaEngine\HuaEngine.vcxproj]
  (compiling source file '../../HuaEngine/src/HuaEngine/Serialization/Serialization.cpp')
  
D:\Workspace\VS Workspace\HuaEngine\Dependencies\entt\entt.hpp(13868,1): warning C4828: The file contains a character starting at offset 0x7f0c0 that is illegal in the current source character set (codepage 65001). [D:\Workspace\VS Workspace\HuaEngine\build\HuaEngine\HuaEngine.vcxproj]
  (compiling source file '../../HuaEngine/src/HuaEngine/Serialization/Serialization.cpp')
  
D:\Workspace\VS Workspace\HuaEngine\Dependencies\entt\entt.hpp(13868,1): warning C4828: The file contains a character starting at offset 0x7f0c6 that is illegal in the current source character set (codepage 65001). [D:\Workspace\VS Workspace\HuaEngine\build\HuaEngine\HuaEngine.vcxproj]
  (compiling source file '../../HuaEngine/src/HuaEngine/Serialization/Serialization.cpp')
  
D:\Workspace\VS Workspace\HuaEngine\Dependencies\entt\entt.hpp(59711,1): warning C4828: The file contains a character starting at offset 0x230043 that is illegal in the current source character set (codepage 65001). [D:\Workspace\VS Workspace\HuaEngine\build\HuaEngine\HuaEngine.vcxproj]
  (compiling source file '../../HuaEngine/src/HuaEngine/Serialization/Serialization.cpp')
  
D:\Workspace\VS Workspace\HuaEngine\Dependencies\entt\entt.hpp(59711,1): warning C4828: The file contains a character starting at offset 0x230049 that is illegal in the current source character set (codepage 65001). [D:\Workspace\VS Workspace\HuaEngine\build\HuaEngine\HuaEngine.vcxproj]
  (compiling source file '../../HuaEngine/src/HuaEngine/Serialization/Serialization.cpp')
  
D:\Workspace\VS Workspace\HuaEngine\Dependencies\entt\entt.hpp(71606,1): warning C4828: The file contains a character starting at offset 0x2a7cf1 that is illegal in the current source character set (codepage 65001). [D:\Workspace\VS Workspace\HuaEngine\build\HuaEngine\HuaEngine.vcxproj]
  (compiling source file '../../HuaEngine/src/HuaEngine/Serialization/Serialization.cpp')
  
D:\Workspace\VS Workspace\HuaEngine\Dependencies\entt\entt.hpp(71606,1): warning C4828: The file contains a character starting at offset 0x2a7cf7 that is illegal in the current source character set (codepage 65001). [D:\Workspace\VS Workspace\HuaEngine\build\HuaEngine\HuaEngine.vcxproj]
  (compiling source file '../../HuaEngine/src/HuaEngine/Serialization/Serialization.cpp')
  
D:\Workspace\VS Workspace\HuaEngine\Dependencies\entt\entt.hpp(91527,1): warning C4828: The file contains a character starting at offset 0x35f91d that is illegal in the current source character set (codepage 65001). [D:\Workspace\VS Workspace\HuaEngine\build\HuaEngine\HuaEngine.vcxproj]
  (compiling source file '../../HuaEngine/src/HuaEngine/Serialization/Serialization.cpp')
  
D:\Workspace\VS Workspace\HuaEngine\Dependencies\entt\entt.hpp(91527,1): warning C4828: The file contains a character starting at offset 0x35f923 that is illegal in the current source character set (codepage 65001). [D:\Workspace\VS Workspace\HuaEngine\build\HuaEngine\HuaEngine.vcxproj]
  (compiling source file '../../HuaEngine/src/HuaEngine/Serialization/Serialization.cpp')
  
  SerializationCore.cpp
  SerializationManager.cpp
  MaterialSerializationTest.cpp
D:\Workspace\VS Workspace\HuaEngine\Dependencies\entt\entt.hpp(6046,1): warning C4828: The file contains a character starting at offset 0x3a191 that is illegal in the current source character set (codepage 65001). [D:\Workspace\VS Workspace\HuaEngine\build\HuaEngine\HuaEngine.vcxproj]
  (compiling source file '../../HuaEngine/src/HuaEngine/Test/MaterialSerializationTest.cpp')
  
D:\Workspace\VS Workspace\HuaEngine\Dependencies\entt\entt.hpp(6046,1): warning C4828: The file contains a character starting at offset 0x3a197 that is illegal in the current source character set (codepage 65001). [D:\Workspace\VS Workspace\HuaEngine\build\HuaEngine\HuaEngine.vcxproj]
  (compiling source file '../../HuaEngine/src/HuaEngine/Test/MaterialSerializationTest.cpp')
  
D:\Workspace\VS Workspace\HuaEngine\Dependencies\entt\entt.hpp(8355,1): warning C4828: The file contains a character starting at offset 0x52025 that is illegal in the current source character set (codepage 65001). [D:\Workspace\VS Workspace\HuaEngine\build\HuaEngine\HuaEngine.vcxproj]
  (compiling source file '../../HuaEngine/src/HuaEngine/Test/MaterialSerializationTest.cpp')
  
D:\Workspace\VS Workspace\HuaEngine\Dependencies\entt\entt.hpp(8355,1): warning C4828: The file contains a character starting at offset 0x5202b that is illegal in the current source character set (codepage 65001). [D:\Workspace\VS Workspace\HuaEngine\build\HuaEngine\HuaEngine.vcxproj]
  (compiling source file '../../HuaEngine/src/HuaEngine/Test/MaterialSerializationTest.cpp')
  
D:\Workspace\VS Workspace\HuaEngine\Dependencies\entt\entt.hpp(13868,1): warning C4828: The file contains a character starting at offset 0x7f0c0 that is illegal in the current source character set (codepage 65001). [D:\Workspace\VS Workspace\HuaEngine\build\HuaEngine\HuaEngine.vcxproj]
  (compiling source file '../../HuaEngine/src/HuaEngine/Test/MaterialSerializationTest.cpp')
  
D:\Workspace\VS Workspace\HuaEngine\Dependencies\entt\entt.hpp(13868,1): warning C4828: The file contains a character starting at offset 0x7f0c6 that is illegal in the current source character set (codepage 65001). [D:\Workspace\VS Workspace\HuaEngine\build\HuaEngine\HuaEngine.vcxproj]
  (compiling source file '../../HuaEngine/src/HuaEngine/Test/MaterialSerializationTest.cpp')
  
D:\Workspace\VS Workspace\HuaEngine\Dependencies\entt\entt.hpp(59711,1): warning C4828: The file contains a character starting at offset 0x230043 that is illegal in the current source character set (codepage 65001). [D:\Workspace\VS Workspace\HuaEngine\build\HuaEngine\HuaEngine.vcxproj]
  (compiling source file '../../HuaEngine/src/HuaEngine/Test/MaterialSerializationTest.cpp')
  
D:\Workspace\VS Workspace\HuaEngine\Dependencies\entt\entt.hpp(59711,1): warning C4828: The file contains a character starting at offset 0x230049 that is illegal in the current source character set (codepage 65001). [D:\Workspace\VS Workspace\HuaEngine\build\HuaEngine\HuaEngine.vcxproj]
  (compiling source file '../../HuaEngine/src/HuaEngine/Test/MaterialSerializationTest.cpp')
  
D:\Workspace\VS Workspace\HuaEngine\Dependencies\entt\entt.hpp(71606,1): warning C4828: The file contains a character starting at offset 0x2a7cf1 that is illegal in the current source character set (codepage 65001). [D:\Workspace\VS Workspace\HuaEngine\build\HuaEngine\HuaEngine.vcxproj]
  (compiling source file '../../HuaEngine/src/HuaEngine/Test/MaterialSerializationTest.cpp')
  
D:\Workspace\VS Workspace\HuaEngine\Dependencies\entt\entt.hpp(71606,1): warning C4828: The file contains a character starting at offset 0x2a7cf7 that is illegal in the current source character set (codepage 65001). [D:\Workspace\VS Workspace\HuaEngine\build\HuaEngine\HuaEngine.vcxproj]
  (compiling source file '../../HuaEngine/src/HuaEngine/Test/MaterialSerializationTest.cpp')
  
D:\Workspace\VS Workspace\HuaEngine\Dependencies\entt\entt.hpp(91527,1): warning C4828: The file contains a character starting at offset 0x35f91d that is illegal in the current source character set (codepage 65001). [D:\Workspace\VS Workspace\HuaEngine\build\HuaEngine\HuaEngine.vcxproj]
  (compiling source file '../../HuaEngine/src/HuaEngine/Test/MaterialSerializationTest.cpp')
  
D:\Workspace\VS Workspace\HuaEngine\Dependencies\entt\entt.hpp(91527,1): warning C4828: The file contains a character starting at offset 0x35f923 that is illegal in the current source character set (codepage 65001). [D:\Workspace\VS Workspace\HuaEngine\build\HuaEngine\HuaEngine.vcxproj]
  (compiling source file '../../HuaEngine/src/HuaEngine/Test/MaterialSerializationTest.cpp')
  
D:\Workspace\VS Workspace\HuaEngine\Dependencies\entt\entt.hpp(6046,1): warning C4828: The file contains a character starting at offset 0x3a191 that is illegal in the current source character set (codepage 65001). [D:\Workspace\VS Workspace\HuaEngine\build\HuaEngine\HuaEngine.vcxproj]
  (compiling source file '../../HuaEngine/src/HuaEngine/Test/MaterialSerializationTest.cpp')
  
D:\Workspace\VS Workspace\HuaEngine\Dependencies\entt\entt.hpp(6046,1): warning C4828: The file contains a character starting at offset 0x3a197 that is illegal in the current source character set (codepage 65001). [D:\Workspace\VS Workspace\HuaEngine\build\HuaEngine\HuaEngine.vcxproj]
  (compiling source file '../../HuaEngine/src/HuaEngine/Test/MaterialSerializationTest.cpp')
  
D:\Workspace\VS Workspace\HuaEngine\Dependencies\entt\entt.hpp(8355,1): warning C4828: The file contains a character starting at offset 0x52025 that is illegal in the current source character set (codepage 65001). [D:\Workspace\VS Workspace\HuaEngine\build\HuaEngine\HuaEngine.vcxproj]
  (compiling source file '../../HuaEngine/src/HuaEngine/Test/MaterialSerializationTest.cpp')
  
D:\Workspace\VS Workspace\HuaEngine\Dependencies\entt\entt.hpp(8355,1): warning C4828: The file contains a character starting at offset 0x5202b that is illegal in the current source character set (codepage 65001). [D:\Workspace\VS Workspace\HuaEngine\build\HuaEngine\HuaEngine.vcxproj]
  (compiling source file '../../HuaEngine/src/HuaEngine/Test/MaterialSerializationTest.cpp')
  
D:\Workspace\VS Workspace\HuaEngine\Dependencies\entt\entt.hpp(13868,1): warning C4828: The file contains a character starting at offset 0x7f0c0 that is illegal in the current source character set (codepage 65001). [D:\Workspace\VS Workspace\HuaEngine\build\HuaEngine\HuaEngine.vcxproj]
  (compiling source file '../../HuaEngine/src/HuaEngine/Test/MaterialSerializationTest.cpp')
  
D:\Workspace\VS Workspace\HuaEngine\Dependencies\entt\entt.hpp(13868,1): warning C4828: The file contains a character starting at offset 0x7f0c6 that is illegal in the current source character set (codepage 65001). [D:\Workspace\VS Workspace\HuaEngine\build\HuaEngine\HuaEngine.vcxproj]
  (compiling source file '../../HuaEngine/src/HuaEngine/Test/MaterialSerializationTest.cpp')
  
D:\Workspace\VS Workspace\HuaEngine\Dependencies\entt\entt.hpp(59711,1): warning C4828: The file contains a character starting at offset 0x230043 that is illegal in the current source character set (codepage 65001). [D:\Workspace\VS Workspace\HuaEngine\build\HuaEngine\HuaEngine.vcxproj]
  (compiling source file '../../HuaEngine/src/HuaEngine/Test/MaterialSerializationTest.cpp')
  
D:\Workspace\VS Workspace\HuaEngine\Dependencies\entt\entt.hpp(59711,1): warning C4828: The file contains a character starting at offset 0x230049 that is illegal in the current source character set (codepage 65001). [D:\Workspace\VS Workspace\HuaEngine\build\HuaEngine\HuaEngine.vcxproj]
  (compiling source file '../../HuaEngine/src/HuaEngine/Test/MaterialSerializationTest.cpp')
  
D:\Workspace\VS Workspace\HuaEngine\Dependencies\entt\entt.hpp(71606,1): warning C4828: The file contains a character starting at offset 0x2a7cf1 that is illegal in the current source character set (codepage 65001). [D:\Workspace\VS Workspace\HuaEngine\build\HuaEngine\HuaEngine.vcxproj]
  (compiling source file '../../HuaEngine/src/HuaEngine/Test/MaterialSerializationTest.cpp')
  
D:\Workspace\VS Workspace\HuaEngine\Dependencies\entt\entt.hpp(71606,1): warning C4828: The file contains a character starting at offset 0x2a7cf7 that is illegal in the current source character set (codepage 65001). [D:\Workspace\VS Workspace\HuaEngine\build\HuaEngine\HuaEngine.vcxproj]
  (compiling source file '../../HuaEngine/src/HuaEngine/Test/MaterialSerializationTest.cpp')
  
D:\Workspace\VS Workspace\HuaEngine\Dependencies\entt\entt.hpp(91527,1): warning C4828: The file contains a character starting at offset 0x35f91d that is illegal in the current source character set (codepage 65001). [D:\Workspace\VS Workspace\HuaEngine\build\HuaEngine\HuaEngine.vcxproj]
  (compiling source file '../../HuaEngine/src/HuaEngine/Test/MaterialSerializationTest.cpp')
  
D:\Workspace\VS Workspace\HuaEngine\Dependencies\entt\entt.hpp(91527,1): warning C4828: The file contains a character starting at offset 0x35f923 that is illegal in the current source character set (codepage 65001). [D:\Workspace\VS Workspace\HuaEngine\build\HuaEngine\HuaEngine.vcxproj]
  (compiling source file '../../HuaEngine/src/HuaEngine/Test/MaterialSerializationTest.cpp')
  
D:\Workspace\VS Workspace\HuaEngine\Dependencies\entt\entt.hpp(6046,1): warning C4828: The file contains a character starting at offset 0x3a191 that is illegal in the current source character set (codepage 65001). [D:\Workspace\VS Workspace\HuaEngine\build\HuaEngine\HuaEngine.vcxproj]
  (compiling source file '../../HuaEngine/src/HuaEngine/Test/MaterialSerializationTest.cpp')
  
D:\Workspace\VS Workspace\HuaEngine\Dependencies\entt\entt.hpp(6046,1): warning C4828: The file contains a character starting at offset 0x3a197 that is illegal in the current source character set (codepage 65001). [D:\Workspace\VS Workspace\HuaEngine\build\HuaEngine\HuaEngine.vcxproj]
  (compiling source file '../../HuaEngine/src/HuaEngine/Test/MaterialSerializationTest.cpp')
  
D:\Workspace\VS Workspace\HuaEngine\Dependencies\entt\entt.hpp(8355,1): warning C4828: The file contains a character starting at offset 0x52025 that is illegal in the current source character set (codepage 65001). [D:\Workspace\VS Workspace\HuaEngine\build\HuaEngine\HuaEngine.vcxproj]
  (compiling source file '../../HuaEngine/src/HuaEngine/Test/MaterialSerializationTest.cpp')
  
D:\Workspace\VS Workspace\HuaEngine\Dependencies\entt\entt.hpp(8355,1): warning C4828: The file contains a character starting at offset 0x5202b that is illegal in the current source character set (codepage 65001). [D:\Workspace\VS Workspace\HuaEngine\build\HuaEngine\HuaEngine.vcxproj]
  (compiling source file '../../HuaEngine/src/HuaEngine/Test/MaterialSerializationTest.cpp')
  
D:\Workspace\VS Workspace\HuaEngine\Dependencies\entt\entt.hpp(13868,1): warning C4828: The file contains a character starting at offset 0x7f0c0 that is illegal in the current source character set (codepage 65001). [D:\Workspace\VS Workspace\HuaEngine\build\HuaEngine\HuaEngine.vcxproj]
  (compiling source file '../../HuaEngine/src/HuaEngine/Test/MaterialSerializationTest.cpp')
  
D:\Workspace\VS Workspace\HuaEngine\Dependencies\entt\entt.hpp(13868,1): warning C4828: The file contains a character starting at offset 0x7f0c6 that is illegal in the current source character set (codepage 65001). [D:\Workspace\VS Workspace\HuaEngine\build\HuaEngine\HuaEngine.vcxproj]
  (compiling source file '../../HuaEngine/src/HuaEngine/Test/MaterialSerializationTest.cpp')
  
D:\Workspace\VS Workspace\HuaEngine\Dependencies\entt\entt.hpp(59711,1): warning C4828: The file contains a character starting at offset 0x230043 that is illegal in the current source character set (codepage 65001). [D:\Workspace\VS Workspace\HuaEngine\build\HuaEngine\HuaEngine.vcxproj]
  (compiling source file '../../HuaEngine/src/HuaEngine/Test/MaterialSerializationTest.cpp')
  
D:\Workspace\VS Workspace\HuaEngine\Dependencies\entt\entt.hpp(59711,1): warning C4828: The file contains a character starting at offset 0x230049 that is illegal in the current source character set (codepage 65001). [D:\Workspace\VS Workspace\HuaEngine\build\HuaEngine\HuaEngine.vcxproj]
  (compiling source file '../../HuaEngine/src/HuaEngine/Test/MaterialSerializationTest.cpp')
  
D:\Workspace\VS Workspace\HuaEngine\Dependencies\entt\entt.hpp(71606,1): warning C4828: The file contains a character starting at offset 0x2a7cf1 that is illegal in the current source character set (codepage 65001). [D:\Workspace\VS Workspace\HuaEngine\build\HuaEngine\HuaEngine.vcxproj]
  (compiling source file '../../HuaEngine/src/HuaEngine/Test/MaterialSerializationTest.cpp')
  
D:\Workspace\VS Workspace\HuaEngine\Dependencies\entt\entt.hpp(71606,1): warning C4828: The file contains a character starting at offset 0x2a7cf7 that is illegal in the current source character set (codepage 65001). [D:\Workspace\VS Workspace\HuaEngine\build\HuaEngine\HuaEngine.vcxproj]
  (compiling source file '../../HuaEngine/src/HuaEngine/Test/MaterialSerializationTest.cpp')
  
D:\Workspace\VS Workspace\HuaEngine\Dependencies\entt\entt.hpp(91527,1): warning C4828: The file contains a character starting at offset 0x35f91d that is illegal in the current source character set (codepage 65001). [D:\Workspace\VS Workspace\HuaEngine\build\HuaEngine\HuaEngine.vcxproj]
  (compiling source file '../../HuaEngine/src/HuaEngine/Test/MaterialSerializationTest.cpp')
  
D:\Workspace\VS Workspace\HuaEngine\Dependencies\entt\entt.hpp(91527,1): warning C4828: The file contains a character starting at offset 0x35f923 that is illegal in the current source character set (codepage 65001). [D:\Workspace\VS Workspace\HuaEngine\build\HuaEngine\HuaEngine.vcxproj]
  (compiling source file '../../HuaEngine/src/HuaEngine/Test/MaterialSerializationTest.cpp')
  
  TestReflection.cpp
D:\Workspace\VS Workspace\HuaEngine\Dependencies\entt\entt.hpp(6046,1): warning C4828: The file contains a character starting at offset 0x3a191 that is illegal in the current source character set (codepage 65001). [D:\Workspace\VS Workspace\HuaEngine\build\HuaEngine\HuaEngine.vcxproj]
  (compiling source file '../../HuaEngine/src/HuaEngine/Test/TestReflection.cpp')
  
D:\Workspace\VS Workspace\HuaEngine\Dependencies\entt\entt.hpp(6046,1): warning C4828: The file contains a character starting at offset 0x3a197 that is illegal in the current source character set (codepage 65001). [D:\Workspace\VS Workspace\HuaEngine\build\HuaEngine\HuaEngine.vcxproj]
  (compiling source file '../../HuaEngine/src/HuaEngine/Test/TestReflection.cpp')
  
D:\Workspace\VS Workspace\HuaEngine\Dependencies\entt\entt.hpp(8355,1): warning C4828: The file contains a character starting at offset 0x52025 that is illegal in the current source character set (codepage 65001). [D:\Workspace\VS Workspace\HuaEngine\build\HuaEngine\HuaEngine.vcxproj]
  (compiling source file '../../HuaEngine/src/HuaEngine/Test/TestReflection.cpp')
  
D:\Workspace\VS Workspace\HuaEngine\Dependencies\entt\entt.hpp(8355,1): warning C4828: The file contains a character starting at offset 0x5202b that is illegal in the current source character set (codepage 65001). [D:\Workspace\VS Workspace\HuaEngine\build\HuaEngine\HuaEngine.vcxproj]
  (compiling source file '../../HuaEngine/src/HuaEngine/Test/TestReflection.cpp')
  
D:\Workspace\VS Workspace\HuaEngine\Dependencies\entt\entt.hpp(13868,1): warning C4828: The file contains a character starting at offset 0x7f0c0 that is illegal in the current source character set (codepage 65001). [D:\Workspace\VS Workspace\HuaEngine\build\HuaEngine\HuaEngine.vcxproj]
  (compiling source file '../../HuaEngine/src/HuaEngine/Test/TestReflection.cpp')
  
D:\Workspace\VS Workspace\HuaEngine\Dependencies\entt\entt.hpp(13868,1): warning C4828: The file contains a character starting at offset 0x7f0c6 that is illegal in the current source character set (codepage 65001). [D:\Workspace\VS Workspace\HuaEngine\build\HuaEngine\HuaEngine.vcxproj]
  (compiling source file '../../HuaEngine/src/HuaEngine/Test/TestReflection.cpp')
  
D:\Workspace\VS Workspace\HuaEngine\Dependencies\entt\entt.hpp(59711,1): warning C4828: The file contains a character starting at offset 0x230043 that is illegal in the current source character set (codepage 65001). [D:\Workspace\VS Workspace\HuaEngine\build\HuaEngine\HuaEngine.vcxproj]
  (compiling source file '../../HuaEngine/src/HuaEngine/Test/TestReflection.cpp')
  
D:\Workspace\VS Workspace\HuaEngine\Dependencies\entt\entt.hpp(59711,1): warning C4828: The file contains a character starting at offset 0x230049 that is illegal in the current source character set (codepage 65001). [D:\Workspace\VS Workspace\HuaEngine\build\HuaEngine\HuaEngine.vcxproj]
  (compiling source file '../../HuaEngine/src/HuaEngine/Test/TestReflection.cpp')
  
D:\Workspace\VS Workspace\HuaEngine\Dependencies\entt\entt.hpp(71606,1): warning C4828: The file contains a character starting at offset 0x2a7cf1 that is illegal in the current source character set (codepage 65001). [D:\Workspace\VS Workspace\HuaEngine\build\HuaEngine\HuaEngine.vcxproj]
  (compiling source file '../../HuaEngine/src/HuaEngine/Test/TestReflection.cpp')
  
D:\Workspace\VS Workspace\HuaEngine\Dependencies\entt\entt.hpp(71606,1): warning C4828: The file contains a character starting at offset 0x2a7cf7 that is illegal in the current source character set (codepage 65001). [D:\Workspace\VS Workspace\HuaEngine\build\HuaEngine\HuaEngine.vcxproj]
  (compiling source file '../../HuaEngine/src/HuaEngine/Test/TestReflection.cpp')
  
D:\Workspace\VS Workspace\HuaEngine\Dependencies\entt\entt.hpp(91527,1): warning C4828: The file contains a character starting at offset 0x35f91d that is illegal in the current source character set (codepage 65001). [D:\Workspace\VS Workspace\HuaEngine\build\HuaEngine\HuaEngine.vcxproj]
  (compiling source file '../../HuaEngine/src/HuaEngine/Test/TestReflection.cpp')
  
D:\Workspace\VS Workspace\HuaEngine\Dependencies\entt\entt.hpp(91527,1): warning C4828: The file contains a character starting at offset 0x35f923 that is illegal in the current source character set (codepage 65001). [D:\Workspace\VS Workspace\HuaEngine\build\HuaEngine\HuaEngine.vcxproj]
  (compiling source file '../../HuaEngine/src/HuaEngine/Test/TestReflection.cpp')
  
D:\Workspace\VS Workspace\HuaEngine\Dependencies\entt\entt.hpp(6046,1): warning C4828: The file contains a character starting at offset 0x3a191 that is illegal in the current source character set (codepage 65001). [D:\Workspace\VS Workspace\HuaEngine\build\HuaEngine\HuaEngine.vcxproj]
  (compiling source file '../../HuaEngine/src/HuaEngine/Test/TestReflection.cpp')
  
D:\Workspace\VS Workspace\HuaEngine\Dependencies\entt\entt.hpp(6046,1): warning C4828: The file contains a character starting at offset 0x3a197 that is illegal in the current source character set (codepage 65001). [D:\Workspace\VS Workspace\HuaEngine\build\HuaEngine\HuaEngine.vcxproj]
  (compiling source file '../../HuaEngine/src/HuaEngine/Test/TestReflection.cpp')
  
D:\Workspace\VS Workspace\HuaEngine\Dependencies\entt\entt.hpp(8355,1): warning C4828: The file contains a character starting at offset 0x52025 that is illegal in the current source character set (codepage 65001). [D:\Workspace\VS Workspace\HuaEngine\build\HuaEngine\HuaEngine.vcxproj]
  (compiling source file '../../HuaEngine/src/HuaEngine/Test/TestReflection.cpp')
  
D:\Workspace\VS Workspace\HuaEngine\Dependencies\entt\entt.hpp(8355,1): warning C4828: The file contains a character starting at offset 0x5202b that is illegal in the current source character set (codepage 65001). [D:\Workspace\VS Workspace\HuaEngine\build\HuaEngine\HuaEngine.vcxproj]
  (compiling source file '../../HuaEngine/src/HuaEngine/Test/TestReflection.cpp')
  
D:\Workspace\VS Workspace\HuaEngine\Dependencies\entt\entt.hpp(13868,1): warning C4828: The file contains a character starting at offset 0x7f0c0 that is illegal in the current source character set (codepage 65001). [D:\Workspace\VS Workspace\HuaEngine\build\HuaEngine\HuaEngine.vcxproj]
  (compiling source file '../../HuaEngine/src/HuaEngine/Test/TestReflection.cpp')
  
D:\Workspace\VS Workspace\HuaEngine\Dependencies\entt\entt.hpp(13868,1): warning C4828: The file contains a character starting at offset 0x7f0c6 that is illegal in the current source character set (codepage 65001). [D:\Workspace\VS Workspace\HuaEngine\build\HuaEngine\HuaEngine.vcxproj]
  (compiling source file '../../HuaEngine/src/HuaEngine/Test/TestReflection.cpp')
  
D:\Workspace\VS Workspace\HuaEngine\Dependencies\entt\entt.hpp(59711,1): warning C4828: The file contains a character starting at offset 0x230043 that is illegal in the current source character set (codepage 65001). [D:\Workspace\VS Workspace\HuaEngine\build\HuaEngine\HuaEngine.vcxproj]
  (compiling source file '../../HuaEngine/src/HuaEngine/Test/TestReflection.cpp')
  
D:\Workspace\VS Workspace\HuaEngine\Dependencies\entt\entt.hpp(59711,1): warning C4828: The file contains a character starting at offset 0x230049 that is illegal in the current source character set (codepage 65001). [D:\Workspace\VS Workspace\HuaEngine\build\HuaEngine\HuaEngine.vcxproj]
  (compiling source file '../../HuaEngine/src/HuaEngine/Test/TestReflection.cpp')
  
D:\Workspace\VS Workspace\HuaEngine\Dependencies\entt\entt.hpp(71606,1): warning C4828: The file contains a character starting at offset 0x2a7cf1 that is illegal in the current source character set (codepage 65001). [D:\Workspace\VS Workspace\HuaEngine\build\HuaEngine\HuaEngine.vcxproj]
  (compiling source file '../../HuaEngine/src/HuaEngine/Test/TestReflection.cpp')
  
D:\Workspace\VS Workspace\HuaEngine\Dependencies\entt\entt.hpp(71606,1): warning C4828: The file contains a character starting at offset 0x2a7cf7 that is illegal in the current source character set (codepage 65001). [D:\Workspace\VS Workspace\HuaEngine\build\HuaEngine\HuaEngine.vcxproj]
  (compiling source file '../../HuaEngine/src/HuaEngine/Test/TestReflection.cpp')
  
D:\Workspace\VS Workspace\HuaEngine\Dependencies\entt\entt.hpp(91527,1): warning C4828: The file contains a character starting at offset 0x35f91d that is illegal in the current source character set (codepage 65001). [D:\Workspace\VS Workspace\HuaEngine\build\HuaEngine\HuaEngine.vcxproj]
  (compiling source file '../../HuaEngine/src/HuaEngine/Test/TestReflection.cpp')
  
D:\Workspace\VS Workspace\HuaEngine\Dependencies\entt\entt.hpp(91527,1): warning C4828: The file contains a character starting at offset 0x35f923 that is illegal in the current source character set (codepage 65001). [D:\Workspace\VS Workspace\HuaEngine\build\HuaEngine\HuaEngine.vcxproj]
  (compiling source file '../../HuaEngine/src/HuaEngine/Test/TestReflection.cpp')
  
D:\Workspace\VS Workspace\HuaEngine\Dependencies\entt\entt.hpp(6046,1): warning C4828: The file contains a character starting at offset 0x3a191 that is illegal in the current source character set (codepage 65001). [D:\Workspace\VS Workspace\HuaEngine\build\HuaEngine\HuaEngine.vcxproj]
  (compiling source file '../../HuaEngine/src/HuaEngine/Test/TestReflection.cpp')
  
D:\Workspace\VS Workspace\HuaEngine\Dependencies\entt\entt.hpp(6046,1): warning C4828: The file contains a character starting at offset 0x3a197 that is illegal in the current source character set (codepage 65001). [D:\Workspace\VS Workspace\HuaEngine\build\HuaEngine\HuaEngine.vcxproj]
  (compiling source file '../../HuaEngine/src/HuaEngine/Test/TestReflection.cpp')
  
D:\Workspace\VS Workspace\HuaEngine\Dependencies\entt\entt.hpp(8355,1): warning C4828: The file contains a character starting at offset 0x52025 that is illegal in the current source character set (codepage 65001). [D:\Workspace\VS Workspace\HuaEngine\build\HuaEngine\HuaEngine.vcxproj]
  (compiling source file '../../HuaEngine/src/HuaEngine/Test/TestReflection.cpp')
  
D:\Workspace\VS Workspace\HuaEngine\Dependencies\entt\entt.hpp(8355,1): warning C4828: The file contains a character starting at offset 0x5202b that is illegal in the current source character set (codepage 65001). [D:\Workspace\VS Workspace\HuaEngine\build\HuaEngine\HuaEngine.vcxproj]
  (compiling source file '../../HuaEngine/src/HuaEngine/Test/TestReflection.cpp')
  
D:\Workspace\VS Workspace\HuaEngine\Dependencies\entt\entt.hpp(13868,1): warning C4828: The file contains a character starting at offset 0x7f0c0 that is illegal in the current source character set (codepage 65001). [D:\Workspace\VS Workspace\HuaEngine\build\HuaEngine\HuaEngine.vcxproj]
  (compiling source file '../../HuaEngine/src/HuaEngine/Test/TestReflection.cpp')
  
D:\Workspace\VS Workspace\HuaEngine\Dependencies\entt\entt.hpp(13868,1): warning C4828: The file contains a character starting at offset 0x7f0c6 that is illegal in the current source character set (codepage 65001). [D:\Workspace\VS Workspace\HuaEngine\build\HuaEngine\HuaEngine.vcxproj]
  (compiling source file '../../HuaEngine/src/HuaEngine/Test/TestReflection.cpp')
  
D:\Workspace\VS Workspace\HuaEngine\Dependencies\entt\entt.hpp(59711,1): warning C4828: The file contains a character starting at offset 0x230043 that is illegal in the current source character set (codepage 65001). [D:\Workspace\VS Workspace\HuaEngine\build\HuaEngine\HuaEngine.vcxproj]
  (compiling source file '../../HuaEngine/src/HuaEngine/Test/TestReflection.cpp')
  
D:\Workspace\VS Workspace\HuaEngine\Dependencies\entt\entt.hpp(59711,1): warning C4828: The file contains a character starting at offset 0x230049 that is illegal in the current source character set (codepage 65001). [D:\Workspace\VS Workspace\HuaEngine\build\HuaEngine\HuaEngine.vcxproj]
  (compiling source file '../../HuaEngine/src/HuaEngine/Test/TestReflection.cpp')
  
D:\Workspace\VS Workspace\HuaEngine\Dependencies\entt\entt.hpp(71606,1): warning C4828: The file contains a character starting at offset 0x2a7cf1 that is illegal in the current source character set (codepage 65001). [D:\Workspace\VS Workspace\HuaEngine\build\HuaEngine\HuaEngine.vcxproj]
  (compiling source file '../../HuaEngine/src/HuaEngine/Test/TestReflection.cpp')
  
D:\Workspace\VS Workspace\HuaEngine\Dependencies\entt\entt.hpp(71606,1): warning C4828: The file contains a character starting at offset 0x2a7cf7 that is illegal in the current source character set (codepage 65001). [D:\Workspace\VS Workspace\HuaEngine\build\HuaEngine\HuaEngine.vcxproj]
  (compiling source file '../../HuaEngine/src/HuaEngine/Test/TestReflection.cpp')
  
D:\Workspace\VS Workspace\HuaEngine\Dependencies\entt\entt.hpp(91527,1): warning C4828: The file contains a character starting at offset 0x35f91d that is illegal in the current source character set (codepage 65001). [D:\Workspace\VS Workspace\HuaEngine\build\HuaEngine\HuaEngine.vcxproj]
  (compiling source file '../../HuaEngine/src/HuaEngine/Test/TestReflection.cpp')
  
D:\Workspace\VS Workspace\HuaEngine\Dependencies\entt\entt.hpp(91527,1): warning C4828: The file contains a character starting at offset 0x35f923 that is illegal in the current source character set (codepage 65001). [D:\Workspace\VS Workspace\HuaEngine\build\HuaEngine\HuaEngine.vcxproj]
  (compiling source file '../../HuaEngine/src/HuaEngine/Test/TestReflection.cpp')
  
  RenderSystem.cpp
D:\Workspace\VS Workspace\HuaEngine\Dependencies\entt\entt.hpp(6046,1): warning C4828: The file contains a character starting at offset 0x3a191 that is illegal in the current source character set (codepage 65001). [D:\Workspace\VS Workspace\HuaEngine\build\HuaEngine\HuaEngine.vcxproj]
  (compiling source file '../../HuaEngine/src/Module/Rendering/RenderSystem.cpp')
  
D:\Workspace\VS Workspace\HuaEngine\Dependencies\entt\entt.hpp(6046,1): warning C4828: The file contains a character starting at offset 0x3a197 that is illegal in the current source character set (codepage 65001). [D:\Workspace\VS Workspace\HuaEngine\build\HuaEngine\HuaEngine.vcxproj]
  (compiling source file '../../HuaEngine/src/Module/Rendering/RenderSystem.cpp')
  
D:\Workspace\VS Workspace\HuaEngine\Dependencies\entt\entt.hpp(8355,1): warning C4828: The file contains a character starting at offset 0x52025 that is illegal in the current source character set (codepage 65001). [D:\Workspace\VS Workspace\HuaEngine\build\HuaEngine\HuaEngine.vcxproj]
  (compiling source file '../../HuaEngine/src/Module/Rendering/RenderSystem.cpp')
  
D:\Workspace\VS Workspace\HuaEngine\Dependencies\entt\entt.hpp(8355,1): warning C4828: The file contains a character starting at offset 0x5202b that is illegal in the current source character set (codepage 65001). [D:\Workspace\VS Workspace\HuaEngine\build\HuaEngine\HuaEngine.vcxproj]
  (compiling source file '../../HuaEngine/src/Module/Rendering/RenderSystem.cpp')
  
D:\Workspace\VS Workspace\HuaEngine\Dependencies\entt\entt.hpp(13868,1): warning C4828: The file contains a character starting at offset 0x7f0c0 that is illegal in the current source character set (codepage 65001). [D:\Workspace\VS Workspace\HuaEngine\build\HuaEngine\HuaEngine.vcxproj]
  (compiling source file '../../HuaEngine/src/Module/Rendering/RenderSystem.cpp')
  
D:\Workspace\VS Workspace\HuaEngine\Dependencies\entt\entt.hpp(13868,1): warning C4828: The file contains a character starting at offset 0x7f0c6 that is illegal in the current source character set (codepage 65001). [D:\Workspace\VS Workspace\HuaEngine\build\HuaEngine\HuaEngine.vcxproj]
  (compiling source file '../../HuaEngine/src/Module/Rendering/RenderSystem.cpp')
  
D:\Workspace\VS Workspace\HuaEngine\Dependencies\entt\entt.hpp(59711,1): warning C4828: The file contains a character starting at offset 0x230043 that is illegal in the current source character set (codepage 65001). [D:\Workspace\VS Workspace\HuaEngine\build\HuaEngine\HuaEngine.vcxproj]
  (compiling source file '../../HuaEngine/src/Module/Rendering/RenderSystem.cpp')
  
D:\Workspace\VS Workspace\HuaEngine\Dependencies\entt\entt.hpp(59711,1): warning C4828: The file contains a character starting at offset 0x230049 that is illegal in the current source character set (codepage 65001). [D:\Workspace\VS Workspace\HuaEngine\build\HuaEngine\HuaEngine.vcxproj]
  (compiling source file '../../HuaEngine/src/Module/Rendering/RenderSystem.cpp')
  
D:\Workspace\VS Workspace\HuaEngine\Dependencies\entt\entt.hpp(71606,1): warning C4828: The file contains a character starting at offset 0x2a7cf1 that is illegal in the current source character set (codepage 65001). [D:\Workspace\VS Workspace\HuaEngine\build\HuaEngine\HuaEngine.vcxproj]
  (compiling source file '../../HuaEngine/src/Module/Rendering/RenderSystem.cpp')
  
D:\Workspace\VS Workspace\HuaEngine\Dependencies\entt\entt.hpp(71606,1): warning C4828: The file contains a character starting at offset 0x2a7cf7 that is illegal in the current source character set (codepage 65001). [D:\Workspace\VS Workspace\HuaEngine\build\HuaEngine\HuaEngine.vcxproj]
  (compiling source file '../../HuaEngine/src/Module/Rendering/RenderSystem.cpp')
  
D:\Workspace\VS Workspace\HuaEngine\Dependencies\entt\entt.hpp(91527,1): warning C4828: The file contains a character starting at offset 0x35f91d that is illegal in the current source character set (codepage 65001). [D:\Workspace\VS Workspace\HuaEngine\build\HuaEngine\HuaEngine.vcxproj]
  (compiling source file '../../HuaEngine/src/Module/Rendering/RenderSystem.cpp')
  
D:\Workspace\VS Workspace\HuaEngine\Dependencies\entt\entt.hpp(91527,1): warning C4828: The file contains a character starting at offset 0x35f923 that is illegal in the current source character set (codepage 65001). [D:\Workspace\VS Workspace\HuaEngine\build\HuaEngine\HuaEngine.vcxproj]
  (compiling source file '../../HuaEngine/src/Module/Rendering/RenderSystem.cpp')
  
D:\Workspace\VS Workspace\HuaEngine\Dependencies\entt\entt.hpp(6046,1): warning C4828: The file contains a character starting at offset 0x3a191 that is illegal in the current source character set (codepage 65001). [D:\Workspace\VS Workspace\HuaEngine\build\HuaEngine\HuaEngine.vcxproj]
  (compiling source file '../../HuaEngine/src/Module/Rendering/RenderSystem.cpp')
  
D:\Workspace\VS Workspace\HuaEngine\Dependencies\entt\entt.hpp(6046,1): warning C4828: The file contains a character starting at offset 0x3a197 that is illegal in the current source character set (codepage 65001). [D:\Workspace\VS Workspace\HuaEngine\build\HuaEngine\HuaEngine.vcxproj]
  (compiling source file '../../HuaEngine/src/Module/Rendering/RenderSystem.cpp')
  
D:\Workspace\VS Workspace\HuaEngine\Dependencies\entt\entt.hpp(8355,1): warning C4828: The file contains a character starting at offset 0x52025 that is illegal in the current source character set (codepage 65001). [D:\Workspace\VS Workspace\HuaEngine\build\HuaEngine\HuaEngine.vcxproj]
  (compiling source file '../../HuaEngine/src/Module/Rendering/RenderSystem.cpp')
  
D:\Workspace\VS Workspace\HuaEngine\Dependencies\entt\entt.hpp(8355,1): warning C4828: The file contains a character starting at offset 0x5202b that is illegal in the current source character set (codepage 65001). [D:\Workspace\VS Workspace\HuaEngine\build\HuaEngine\HuaEngine.vcxproj]
  (compiling source file '../../HuaEngine/src/Module/Rendering/RenderSystem.cpp')
  
D:\Workspace\VS Workspace\HuaEngine\Dependencies\entt\entt.hpp(13868,1): warning C4828: The file contains a character starting at offset 0x7f0c0 that is illegal in the current source character set (codepage 65001). [D:\Workspace\VS Workspace\HuaEngine\build\HuaEngine\HuaEngine.vcxproj]
  (compiling source file '../../HuaEngine/src/Module/Rendering/RenderSystem.cpp')
  
D:\Workspace\VS Workspace\HuaEngine\Dependencies\entt\entt.hpp(13868,1): warning C4828: The file contains a character starting at offset 0x7f0c6 that is illegal in the current source character set (codepage 65001). [D:\Workspace\VS Workspace\HuaEngine\build\HuaEngine\HuaEngine.vcxproj]
  (compiling source file '../../HuaEngine/src/Module/Rendering/RenderSystem.cpp')
  
D:\Workspace\VS Workspace\HuaEngine\Dependencies\entt\entt.hpp(59711,1): warning C4828: The file contains a character starting at offset 0x230043 that is illegal in the current source character set (codepage 65001). [D:\Workspace\VS Workspace\HuaEngine\build\HuaEngine\HuaEngine.vcxproj]
  (compiling source file '../../HuaEngine/src/Module/Rendering/RenderSystem.cpp')
  
D:\Workspace\VS Workspace\HuaEngine\Dependencies\entt\entt.hpp(59711,1): warning C4828: The file contains a character starting at offset 0x230049 that is illegal in the current source character set (codepage 65001). [D:\Workspace\VS Workspace\HuaEngine\build\HuaEngine\HuaEngine.vcxproj]
  (compiling source file '../../HuaEngine/src/Module/Rendering/RenderSystem.cpp')
  
D:\Workspace\VS Workspace\HuaEngine\Dependencies\entt\entt.hpp(71606,1): warning C4828: The file contains a character starting at offset 0x2a7cf1 that is illegal in the current source character set (codepage 65001). [D:\Workspace\VS Workspace\HuaEngine\build\HuaEngine\HuaEngine.vcxproj]
  (compiling source file '../../HuaEngine/src/Module/Rendering/RenderSystem.cpp')
  
D:\Workspace\VS Workspace\HuaEngine\Dependencies\entt\entt.hpp(71606,1): warning C4828: The file contains a character starting at offset 0x2a7cf7 that is illegal in the current source character set (codepage 65001). [D:\Workspace\VS Workspace\HuaEngine\build\HuaEngine\HuaEngine.vcxproj]
  (compiling source file '../../HuaEngine/src/Module/Rendering/RenderSystem.cpp')
  
D:\Workspace\VS Workspace\HuaEngine\Dependencies\entt\entt.hpp(91527,1): warning C4828: The file contains a character starting at offset 0x35f91d that is illegal in the current source character set (codepage 65001). [D:\Workspace\VS Workspace\HuaEngine\build\HuaEngine\HuaEngine.vcxproj]
  (compiling source file '../../HuaEngine/src/Module/Rendering/RenderSystem.cpp')
  
D:\Workspace\VS Workspace\HuaEngine\Dependencies\entt\entt.hpp(91527,1): warning C4828: The file contains a character starting at offset 0x35f923 that is illegal in the current source character set (codepage 65001). [D:\Workspace\VS Workspace\HuaEngine\build\HuaEngine\HuaEngine.vcxproj]
  (compiling source file '../../HuaEngine/src/Module/Rendering/RenderSystem.cpp')
  
D:\Workspace\VS Workspace\HuaEngine\Dependencies\entt\entt.hpp(6046,1): warning C4828: The file contains a character starting at offset 0x3a191 that is illegal in the current source character set (codepage 65001). [D:\Workspace\VS Workspace\HuaEngine\build\HuaEngine\HuaEngine.vcxproj]
  (compiling source file '../../HuaEngine/src/Module/Rendering/RenderSystem.cpp')
  
D:\Workspace\VS Workspace\HuaEngine\Dependencies\entt\entt.hpp(6046,1): warning C4828: The file contains a character starting at offset 0x3a197 that is illegal in the current source character set (codepage 65001). [D:\Workspace\VS Workspace\HuaEngine\build\HuaEngine\HuaEngine.vcxproj]
  (compiling source file '../../HuaEngine/src/Module/Rendering/RenderSystem.cpp')
  
D:\Workspace\VS Workspace\HuaEngine\Dependencies\entt\entt.hpp(8355,1): warning C4828: The file contains a character starting at offset 0x52025 that is illegal in the current source character set (codepage 65001). [D:\Workspace\VS Workspace\HuaEngine\build\HuaEngine\HuaEngine.vcxproj]
  (compiling source file '../../HuaEngine/src/Module/Rendering/RenderSystem.cpp')
  
D:\Workspace\VS Workspace\HuaEngine\Dependencies\entt\entt.hpp(8355,1): warning C4828: The file contains a character starting at offset 0x5202b that is illegal in the current source character set (codepage 65001). [D:\Workspace\VS Workspace\HuaEngine\build\HuaEngine\HuaEngine.vcxproj]
  (compiling source file '../../HuaEngine/src/Module/Rendering/RenderSystem.cpp')
  
D:\Workspace\VS Workspace\HuaEngine\Dependencies\entt\entt.hpp(13868,1): warning C4828: The file contains a character starting at offset 0x7f0c0 that is illegal in the current source character set (codepage 65001). [D:\Workspace\VS Workspace\HuaEngine\build\HuaEngine\HuaEngine.vcxproj]
  (compiling source file '../../HuaEngine/src/Module/Rendering/RenderSystem.cpp')
  
D:\Workspace\VS Workspace\HuaEngine\Dependencies\entt\entt.hpp(13868,1): warning C4828: The file contains a character starting at offset 0x7f0c6 that is illegal in the current source character set (codepage 65001). [D:\Workspace\VS Workspace\HuaEngine\build\HuaEngine\HuaEngine.vcxproj]
  (compiling source file '../../HuaEngine/src/Module/Rendering/RenderSystem.cpp')
  
D:\Workspace\VS Workspace\HuaEngine\Dependencies\entt\entt.hpp(59711,1): warning C4828: The file contains a character starting at offset 0x230043 that is illegal in the current source character set (codepage 65001). [D:\Workspace\VS Workspace\HuaEngine\build\HuaEngine\HuaEngine.vcxproj]
  (compiling source file '../../HuaEngine/src/Module/Rendering/RenderSystem.cpp')
  
D:\Workspace\VS Workspace\HuaEngine\Dependencies\entt\entt.hpp(59711,1): warning C4828: The file contains a character starting at offset 0x230049 that is illegal in the current source character set (codepage 65001). [D:\Workspace\VS Workspace\HuaEngine\build\HuaEngine\HuaEngine.vcxproj]
  (compiling source file '../../HuaEngine/src/Module/Rendering/RenderSystem.cpp')
  
D:\Workspace\VS Workspace\HuaEngine\Dependencies\entt\entt.hpp(71606,1): warning C4828: The file contains a character starting at offset 0x2a7cf1 that is illegal in the current source character set (codepage 65001). [D:\Workspace\VS Workspace\HuaEngine\build\HuaEngine\HuaEngine.vcxproj]
  (compiling source file '../../HuaEngine/src/Module/Rendering/RenderSystem.cpp')
  
D:\Workspace\VS Workspace\HuaEngine\Dependencies\entt\entt.hpp(71606,1): warning C4828: The file contains a character starting at offset 0x2a7cf7 that is illegal in the current source character set (codepage 65001). [D:\Workspace\VS Workspace\HuaEngine\build\HuaEngine\HuaEngine.vcxproj]
  (compiling source file '../../HuaEngine/src/Module/Rendering/RenderSystem.cpp')
  
D:\Workspace\VS Workspace\HuaEngine\Dependencies\entt\entt.hpp(91527,1): warning C4828: The file contains a character starting at offset 0x35f91d that is illegal in the current source character set (codepage 65001). [D:\Workspace\VS Workspace\HuaEngine\build\HuaEngine\HuaEngine.vcxproj]
  (compiling source file '../../HuaEngine/src/Module/Rendering/RenderSystem.cpp')
  
D:\Workspace\VS Workspace\HuaEngine\Dependencies\entt\entt.hpp(91527,1): warning C4828: The file contains a character starting at offset 0x35f923 that is illegal in the current source character set (codepage 65001). [D:\Workspace\VS Workspace\HuaEngine\build\HuaEngine\HuaEngine.vcxproj]
  (compiling source file '../../HuaEngine/src/Module/Rendering/RenderSystem.cpp')
  
  OpenGLContext.cpp
  OpenGLShader.cpp
  stb_image_write.cpp
  Generating Code...
  HuaEngine.vcxproj -> D:\Workspace\VS Workspace\HuaEngine\build\bin\Debug-Windows-x64\HuaEngine.lib
适用于 .NET Framework MSBuild 版本 17.14.18+a338add32

  GLAD.vcxproj -> D:\Workspace\VS Workspace\HuaEngine\build\bin\Debug-Windows-x64\GLAD.lib
  ImGui.vcxproj -> D:\Workspace\VS Workspace\HuaEngine\build\bin\Debug-Windows-x64\ImGui.lib
  glfw.vcxproj -> D:\Workspace\VS Workspace\HuaEngine\build\bin\Debug-Windows-x64\glfw3.lib
  HuaEngine.vcxproj -> D:\Workspace\VS Workspace\HuaEngine\build\bin\Debug-Windows-x64\HuaEngine.lib
  EditorApp.cpp
D:\Workspace\VS Workspace\HuaEngine\Dependencies\entt\entt.hpp(6046,1): warning C4828: The file contains a character starting at offset 0x3a191 that is illegal in the current source character set (codepage 65001). [D:\Workspace\VS Workspace\HuaEngine\build\Editor\Editor.vcxproj]
  (compiling source file '../../Editor/src/EditorApp.cpp')
  
D:\Workspace\VS Workspace\HuaEngine\Dependencies\entt\entt.hpp(6046,1): warning C4828: The file contains a character starting at offset 0x3a197 that is illegal in the current source character set (codepage 65001). [D:\Workspace\VS Workspace\HuaEngine\build\Editor\Editor.vcxproj]
  (compiling source file '../../Editor/src/EditorApp.cpp')
  
D:\Workspace\VS Workspace\HuaEngine\Dependencies\entt\entt.hpp(8355,1): warning C4828: The file contains a character starting at offset 0x52025 that is illegal in the current source character set (codepage 65001). [D:\Workspace\VS Workspace\HuaEngine\build\Editor\Editor.vcxproj]
  (compiling source file '../../Editor/src/EditorApp.cpp')
  
D:\Workspace\VS Workspace\HuaEngine\Dependencies\entt\entt.hpp(8355,1): warning C4828: The file contains a character starting at offset 0x5202b that is illegal in the current source character set (codepage 65001). [D:\Workspace\VS Workspace\HuaEngine\build\Editor\Editor.vcxproj]
  (compiling source file '../../Editor/src/EditorApp.cpp')
  
D:\Workspace\VS Workspace\HuaEngine\Dependencies\entt\entt.hpp(13868,1): warning C4828: The file contains a character starting at offset 0x7f0c0 that is illegal in the current source character set (codepage 65001). [D:\Workspace\VS Workspace\HuaEngine\build\Editor\Editor.vcxproj]
  (compiling source file '../../Editor/src/EditorApp.cpp')
  
D:\Workspace\VS Workspace\HuaEngine\Dependencies\entt\entt.hpp(13868,1): warning C4828: The file contains a character starting at offset 0x7f0c6 that is illegal in the current source character set (codepage 65001). [D:\Workspace\VS Workspace\HuaEngine\build\Editor\Editor.vcxproj]
  (compiling source file '../../Editor/src/EditorApp.cpp')
  
D:\Workspace\VS Workspace\HuaEngine\Dependencies\entt\entt.hpp(59711,1): warning C4828: The file contains a character starting at offset 0x230043 that is illegal in the current source character set (codepage 65001). [D:\Workspace\VS Workspace\HuaEngine\build\Editor\Editor.vcxproj]
  (compiling source file '../../Editor/src/EditorApp.cpp')
  
D:\Workspace\VS Workspace\HuaEngine\Dependencies\entt\entt.hpp(59711,1): warning C4828: The file contains a character starting at offset 0x230049 that is illegal in the current source character set (codepage 65001). [D:\Workspace\VS Workspace\HuaEngine\build\Editor\Editor.vcxproj]
  (compiling source file '../../Editor/src/EditorApp.cpp')
  
D:\Workspace\VS Workspace\HuaEngine\Dependencies\entt\entt.hpp(71606,1): warning C4828: The file contains a character starting at offset 0x2a7cf1 that is illegal in the current source character set (codepage 65001). [D:\Workspace\VS Workspace\HuaEngine\build\Editor\Editor.vcxproj]
  (compiling source file '../../Editor/src/EditorApp.cpp')
  
D:\Workspace\VS Workspace\HuaEngine\Dependencies\entt\entt.hpp(71606,1): warning C4828: The file contains a character starting at offset 0x2a7cf7 that is illegal in the current source character set (codepage 65001). [D:\Workspace\VS Workspace\HuaEngine\build\Editor\Editor.vcxproj]
  (compiling source file '../../Editor/src/EditorApp.cpp')
  
D:\Workspace\VS Workspace\HuaEngine\Dependencies\entt\entt.hpp(91527,1): warning C4828: The file contains a character starting at offset 0x35f91d that is illegal in the current source character set (codepage 65001). [D:\Workspace\VS Workspace\HuaEngine\build\Editor\Editor.vcxproj]
  (compiling source file '../../Editor/src/EditorApp.cpp')
  
D:\Workspace\VS Workspace\HuaEngine\Dependencies\entt\entt.hpp(91527,1): warning C4828: The file contains a character starting at offset 0x35f923 that is illegal in the current source character set (codepage 65001). [D:\Workspace\VS Workspace\HuaEngine\build\Editor\Editor.vcxproj]
  (compiling source file '../../Editor/src/EditorApp.cpp')
  
D:\Workspace\VS Workspace\HuaEngine\Dependencies\entt\entt.hpp(6046,1): warning C4828: The file contains a character starting at offset 0x3a191 that is illegal in the current source character set (codepage 65001). [D:\Workspace\VS Workspace\HuaEngine\build\Editor\Editor.vcxproj]
  (compiling source file '../../Editor/src/EditorApp.cpp')
  
D:\Workspace\VS Workspace\HuaEngine\Dependencies\entt\entt.hpp(6046,1): warning C4828: The file contains a character starting at offset 0x3a197 that is illegal in the current source character set (codepage 65001). [D:\Workspace\VS Workspace\HuaEngine\build\Editor\Editor.vcxproj]
  (compiling source file '../../Editor/src/EditorApp.cpp')
  
D:\Workspace\VS Workspace\HuaEngine\Dependencies\entt\entt.hpp(8355,1): warning C4828: The file contains a character starting at offset 0x52025 that is illegal in the current source character set (codepage 65001). [D:\Workspace\VS Workspace\HuaEngine\build\Editor\Editor.vcxproj]
  (compiling source file '../../Editor/src/EditorApp.cpp')
  
D:\Workspace\VS Workspace\HuaEngine\Dependencies\entt\entt.hpp(8355,1): warning C4828: The file contains a character starting at offset 0x5202b that is illegal in the current source character set (codepage 65001). [D:\Workspace\VS Workspace\HuaEngine\build\Editor\Editor.vcxproj]
  (compiling source file '../../Editor/src/EditorApp.cpp')
  
D:\Workspace\VS Workspace\HuaEngine\Dependencies\entt\entt.hpp(13868,1): warning C4828: The file contains a character starting at offset 0x7f0c0 that is illegal in the current source character set (codepage 65001). [D:\Workspace\VS Workspace\HuaEngine\build\Editor\Editor.vcxproj]
  (compiling source file '../../Editor/src/EditorApp.cpp')
  
D:\Workspace\VS Workspace\HuaEngine\Dependencies\entt\entt.hpp(13868,1): warning C4828: The file contains a character starting at offset 0x7f0c6 that is illegal in the current source character set (codepage 65001). [D:\Workspace\VS Workspace\HuaEngine\build\Editor\Editor.vcxproj]
  (compiling source file '../../Editor/src/EditorApp.cpp')
  
D:\Workspace\VS Workspace\HuaEngine\Dependencies\entt\entt.hpp(59711,1): warning C4828: The file contains a character starting at offset 0x230043 that is illegal in the current source character set (codepage 65001). [D:\Workspace\VS Workspace\HuaEngine\build\Editor\Editor.vcxproj]
  (compiling source file '../../Editor/src/EditorApp.cpp')
  
D:\Workspace\VS Workspace\HuaEngine\Dependencies\entt\entt.hpp(59711,1): warning C4828: The file contains a character starting at offset 0x230049 that is illegal in the current source character set (codepage 65001). [D:\Workspace\VS Workspace\HuaEngine\build\Editor\Editor.vcxproj]
  (compiling source file '../../Editor/src/EditorApp.cpp')
  
D:\Workspace\VS Workspace\HuaEngine\Dependencies\entt\entt.hpp(71606,1): warning C4828: The file contains a character starting at offset 0x2a7cf1 that is illegal in the current source character set (codepage 65001). [D:\Workspace\VS Workspace\HuaEngine\build\Editor\Editor.vcxproj]
  (compiling source file '../../Editor/src/EditorApp.cpp')
  
D:\Workspace\VS Workspace\HuaEngine\Dependencies\entt\entt.hpp(71606,1): warning C4828: The file contains a character starting at offset 0x2a7cf7 that is illegal in the current source character set (codepage 65001). [D:\Workspace\VS Workspace\HuaEngine\build\Editor\Editor.vcxproj]
  (compiling source file '../../Editor/src/EditorApp.cpp')
  
D:\Workspace\VS Workspace\HuaEngine\Dependencies\entt\entt.hpp(91527,1): warning C4828: The file contains a character starting at offset 0x35f91d that is illegal in the current source character set (codepage 65001). [D:\Workspace\VS Workspace\HuaEngine\build\Editor\Editor.vcxproj]
  (compiling source file '../../Editor/src/EditorApp.cpp')
  
D:\Workspace\VS Workspace\HuaEngine\Dependencies\entt\entt.hpp(91527,1): warning C4828: The file contains a character starting at offset 0x35f923 that is illegal in the current source character set (codepage 65001). [D:\Workspace\VS Workspace\HuaEngine\build\Editor\Editor.vcxproj]
  (compiling source file '../../Editor/src/EditorApp.cpp')
  
D:\Workspace\VS Workspace\HuaEngine\Dependencies\entt\entt.hpp(6046,1): warning C4828: The file contains a character starting at offset 0x3a191 that is illegal in the current source character set (codepage 65001). [D:\Workspace\VS Workspace\HuaEngine\build\Editor\Editor.vcxproj]
  (compiling source file '../../Editor/src/EditorApp.cpp')
  
D:\Workspace\VS Workspace\HuaEngine\Dependencies\entt\entt.hpp(6046,1): warning C4828: The file contains a character starting at offset 0x3a197 that is illegal in the current source character set (codepage 65001). [D:\Workspace\VS Workspace\HuaEngine\build\Editor\Editor.vcxproj]
  (compiling source file '../../Editor/src/EditorApp.cpp')
  
D:\Workspace\VS Workspace\HuaEngine\Dependencies\entt\entt.hpp(8355,1): warning C4828: The file contains a character starting at offset 0x52025 that is illegal in the current source character set (codepage 65001). [D:\Workspace\VS Workspace\HuaEngine\build\Editor\Editor.vcxproj]
  (compiling source file '../../Editor/src/EditorApp.cpp')
  
D:\Workspace\VS Workspace\HuaEngine\Dependencies\entt\entt.hpp(8355,1): warning C4828: The file contains a character starting at offset 0x5202b that is illegal in the current source character set (codepage 65001). [D:\Workspace\VS Workspace\HuaEngine\build\Editor\Editor.vcxproj]
  (compiling source file '../../Editor/src/EditorApp.cpp')
  
D:\Workspace\VS Workspace\HuaEngine\Dependencies\entt\entt.hpp(13868,1): warning C4828: The file contains a character starting at offset 0x7f0c0 that is illegal in the current source character set (codepage 65001). [D:\Workspace\VS Workspace\HuaEngine\build\Editor\Editor.vcxproj]
  (compiling source file '../../Editor/src/EditorApp.cpp')
  
D:\Workspace\VS Workspace\HuaEngine\Dependencies\entt\entt.hpp(13868,1): warning C4828: The file contains a character starting at offset 0x7f0c6 that is illegal in the current source character set (codepage 65001). [D:\Workspace\VS Workspace\HuaEngine\build\Editor\Editor.vcxproj]
  (compiling source file '../../Editor/src/EditorApp.cpp')
  
D:\Workspace\VS Workspace\HuaEngine\Dependencies\entt\entt.hpp(59711,1): warning C4828: The file contains a character starting at offset 0x230043 that is illegal in the current source character set (codepage 65001). [D:\Workspace\VS Workspace\HuaEngine\build\Editor\Editor.vcxproj]
  (compiling source file '../../Editor/src/EditorApp.cpp')
  
D:\Workspace\VS Workspace\HuaEngine\Dependencies\entt\entt.hpp(59711,1): warning C4828: The file contains a character starting at offset 0x230049 that is illegal in the current source character set (codepage 65001). [D:\Workspace\VS Workspace\HuaEngine\build\Editor\Editor.vcxproj]
  (compiling source file '../../Editor/src/EditorApp.cpp')
  
D:\Workspace\VS Workspace\HuaEngine\Dependencies\entt\entt.hpp(71606,1): warning C4828: The file contains a character starting at offset 0x2a7cf1 that is illegal in the current source character set (codepage 65001). [D:\Workspace\VS Workspace\HuaEngine\build\Editor\Editor.vcxproj]
  (compiling source file '../../Editor/src/EditorApp.cpp')
  
D:\Workspace\VS Workspace\HuaEngine\Dependencies\entt\entt.hpp(71606,1): warning C4828: The file contains a character starting at offset 0x2a7cf7 that is illegal in the current source character set (codepage 65001). [D:\Workspace\VS Workspace\HuaEngine\build\Editor\Editor.vcxproj]
  (compiling source file '../../Editor/src/EditorApp.cpp')
  
D:\Workspace\VS Workspace\HuaEngine\Dependencies\entt\entt.hpp(91527,1): warning C4828: The file contains a character starting at offset 0x35f91d that is illegal in the current source character set (codepage 65001). [D:\Workspace\VS Workspace\HuaEngine\build\Editor\Editor.vcxproj]
  (compiling source file '../../Editor/src/EditorApp.cpp')
  
D:\Workspace\VS Workspace\HuaEngine\Dependencies\entt\entt.hpp(91527,1): warning C4828: The file contains a character starting at offset 0x35f923 that is illegal in the current source character set (codepage 65001). [D:\Workspace\VS Workspace\HuaEngine\build\Editor\Editor.vcxproj]
  (compiling source file '../../Editor/src/EditorApp.cpp')
  
  EditorLayer.cpp
D:\Workspace\VS Workspace\HuaEngine\Dependencies\entt\entt.hpp(6046,1): warning C4828: The file contains a character starting at offset 0x3a191 that is illegal in the current source character set (codepage 65001). [D:\Workspace\VS Workspace\HuaEngine\build\Editor\Editor.vcxproj]
  (compiling source file '../../Editor/src/EditorLayer.cpp')
  
D:\Workspace\VS Workspace\HuaEngine\Dependencies\entt\entt.hpp(6046,1): warning C4828: The file contains a character starting at offset 0x3a197 that is illegal in the current source character set (codepage 65001). [D:\Workspace\VS Workspace\HuaEngine\build\Editor\Editor.vcxproj]
  (compiling source file '../../Editor/src/EditorLayer.cpp')
  
D:\Workspace\VS Workspace\HuaEngine\Dependencies\entt\entt.hpp(8355,1): warning C4828: The file contains a character starting at offset 0x52025 that is illegal in the current source character set (codepage 65001). [D:\Workspace\VS Workspace\HuaEngine\build\Editor\Editor.vcxproj]
  (compiling source file '../../Editor/src/EditorLayer.cpp')
  
D:\Workspace\VS Workspace\HuaEngine\Dependencies\entt\entt.hpp(8355,1): warning C4828: The file contains a character starting at offset 0x5202b that is illegal in the current source character set (codepage 65001). [D:\Workspace\VS Workspace\HuaEngine\build\Editor\Editor.vcxproj]
  (compiling source file '../../Editor/src/EditorLayer.cpp')
  
D:\Workspace\VS Workspace\HuaEngine\Dependencies\entt\entt.hpp(13868,1): warning C4828: The file contains a character starting at offset 0x7f0c0 that is illegal in the current source character set (codepage 65001). [D:\Workspace\VS Workspace\HuaEngine\build\Editor\Editor.vcxproj]
  (compiling source file '../../Editor/src/EditorLayer.cpp')
  
D:\Workspace\VS Workspace\HuaEngine\Dependencies\entt\entt.hpp(13868,1): warning C4828: The file contains a character starting at offset 0x7f0c6 that is illegal in the current source character set (codepage 65001). [D:\Workspace\VS Workspace\HuaEngine\build\Editor\Editor.vcxproj]
  (compiling source file '../../Editor/src/EditorLayer.cpp')
  
D:\Workspace\VS Workspace\HuaEngine\Dependencies\entt\entt.hpp(59711,1): warning C4828: The file contains a character starting at offset 0x230043 that is illegal in the current source character set (codepage 65001). [D:\Workspace\VS Workspace\HuaEngine\build\Editor\Editor.vcxproj]
  (compiling source file '../../Editor/src/EditorLayer.cpp')
  
D:\Workspace\VS Workspace\HuaEngine\Dependencies\entt\entt.hpp(59711,1): warning C4828: The file contains a character starting at offset 0x230049 that is illegal in the current source character set (codepage 65001). [D:\Workspace\VS Workspace\HuaEngine\build\Editor\Editor.vcxproj]
  (compiling source file '../../Editor/src/EditorLayer.cpp')
  
D:\Workspace\VS Workspace\HuaEngine\Dependencies\entt\entt.hpp(71606,1): warning C4828: The file contains a character starting at offset 0x2a7cf1 that is illegal in the current source character set (codepage 65001). [D:\Workspace\VS Workspace\HuaEngine\build\Editor\Editor.vcxproj]
  (compiling source file '../../Editor/src/EditorLayer.cpp')
  
D:\Workspace\VS Workspace\HuaEngine\Dependencies\entt\entt.hpp(71606,1): warning C4828: The file contains a character starting at offset 0x2a7cf7 that is illegal in the current source character set (codepage 65001). [D:\Workspace\VS Workspace\HuaEngine\build\Editor\Editor.vcxproj]
  (compiling source file '../../Editor/src/EditorLayer.cpp')
  
D:\Workspace\VS Workspace\HuaEngine\Dependencies\entt\entt.hpp(91527,1): warning C4828: The file contains a character starting at offset 0x35f91d that is illegal in the current source character set (codepage 65001). [D:\Workspace\VS Workspace\HuaEngine\build\Editor\Editor.vcxproj]
  (compiling source file '../../Editor/src/EditorLayer.cpp')
  
D:\Workspace\VS Workspace\HuaEngine\Dependencies\entt\entt.hpp(91527,1): warning C4828: The file contains a character starting at offset 0x35f923 that is illegal in the current source character set (codepage 65001). [D:\Workspace\VS Workspace\HuaEngine\build\Editor\Editor.vcxproj]
  (compiling source file '../../Editor/src/EditorLayer.cpp')
  
D:\Workspace\VS Workspace\HuaEngine\Dependencies\entt\entt.hpp(6046,1): warning C4828: The file contains a character starting at offset 0x3a191 that is illegal in the current source character set (codepage 65001). [D:\Workspace\VS Workspace\HuaEngine\build\Editor\Editor.vcxproj]
  (compiling source file '../../Editor/src/EditorLayer.cpp')
  
D:\Workspace\VS Workspace\HuaEngine\Dependencies\entt\entt.hpp(6046,1): warning C4828: The file contains a character starting at offset 0x3a197 that is illegal in the current source character set (codepage 65001). [D:\Workspace\VS Workspace\HuaEngine\build\Editor\Editor.vcxproj]
  (compiling source file '../../Editor/src/EditorLayer.cpp')
  
D:\Workspace\VS Workspace\HuaEngine\Dependencies\entt\entt.hpp(8355,1): warning C4828: The file contains a character starting at offset 0x52025 that is illegal in the current source character set (codepage 65001). [D:\Workspace\VS Workspace\HuaEngine\build\Editor\Editor.vcxproj]
  (compiling source file '../../Editor/src/EditorLayer.cpp')
  
D:\Workspace\VS Workspace\HuaEngine\Dependencies\entt\entt.hpp(8355,1): warning C4828: The file contains a character starting at offset 0x5202b that is illegal in the current source character set (codepage 65001). [D:\Workspace\VS Workspace\HuaEngine\build\Editor\Editor.vcxproj]
  (compiling source file '../../Editor/src/EditorLayer.cpp')
  
D:\Workspace\VS Workspace\HuaEngine\Dependencies\entt\entt.hpp(13868,1): warning C4828: The file contains a character starting at offset 0x7f0c0 that is illegal in the current source character set (codepage 65001). [D:\Workspace\VS Workspace\HuaEngine\build\Editor\Editor.vcxproj]
  (compiling source file '../../Editor/src/EditorLayer.cpp')
  
D:\Workspace\VS Workspace\HuaEngine\Dependencies\entt\entt.hpp(13868,1): warning C4828: The file contains a character starting at offset 0x7f0c6 that is illegal in the current source character set (codepage 65001). [D:\Workspace\VS Workspace\HuaEngine\build\Editor\Editor.vcxproj]
  (compiling source file '../../Editor/src/EditorLayer.cpp')
  
D:\Workspace\VS Workspace\HuaEngine\Dependencies\entt\entt.hpp(59711,1): warning C4828: The file contains a character starting at offset 0x230043 that is illegal in the current source character set (codepage 65001). [D:\Workspace\VS Workspace\HuaEngine\build\Editor\Editor.vcxproj]
  (compiling source file '../../Editor/src/EditorLayer.cpp')
  
D:\Workspace\VS Workspace\HuaEngine\Dependencies\entt\entt.hpp(59711,1): warning C4828: The file contains a character starting at offset 0x230049 that is illegal in the current source character set (codepage 65001). [D:\Workspace\VS Workspace\HuaEngine\build\Editor\Editor.vcxproj]
  (compiling source file '../../Editor/src/EditorLayer.cpp')
  
D:\Workspace\VS Workspace\HuaEngine\Dependencies\entt\entt.hpp(71606,1): warning C4828: The file contains a character starting at offset 0x2a7cf1 that is illegal in the current source character set (codepage 65001). [D:\Workspace\VS Workspace\HuaEngine\build\Editor\Editor.vcxproj]
  (compiling source file '../../Editor/src/EditorLayer.cpp')
  
D:\Workspace\VS Workspace\HuaEngine\Dependencies\entt\entt.hpp(71606,1): warning C4828: The file contains a character starting at offset 0x2a7cf7 that is illegal in the current source character set (codepage 65001). [D:\Workspace\VS Workspace\HuaEngine\build\Editor\Editor.vcxproj]
  (compiling source file '../../Editor/src/EditorLayer.cpp')
  
D:\Workspace\VS Workspace\HuaEngine\Dependencies\entt\entt.hpp(91527,1): warning C4828: The file contains a character starting at offset 0x35f91d that is illegal in the current source character set (codepage 65001). [D:\Workspace\VS Workspace\HuaEngine\build\Editor\Editor.vcxproj]
  (compiling source file '../../Editor/src/EditorLayer.cpp')
  
D:\Workspace\VS Workspace\HuaEngine\Dependencies\entt\entt.hpp(91527,1): warning C4828: The file contains a character starting at offset 0x35f923 that is illegal in the current source character set (codepage 65001). [D:\Workspace\VS Workspace\HuaEngine\build\Editor\Editor.vcxproj]
  (compiling source file '../../Editor/src/EditorLayer.cpp')
  
D:\Workspace\VS Workspace\HuaEngine\Dependencies\entt\entt.hpp(6046,1): warning C4828: The file contains a character starting at offset 0x3a191 that is illegal in the current source character set (codepage 65001). [D:\Workspace\VS Workspace\HuaEngine\build\Editor\Editor.vcxproj]
  (compiling source file '../../Editor/src/EditorLayer.cpp')
  
D:\Workspace\VS Workspace\HuaEngine\Dependencies\entt\entt.hpp(6046,1): warning C4828: The file contains a character starting at offset 0x3a197 that is illegal in the current source character set (codepage 65001). [D:\Workspace\VS Workspace\HuaEngine\build\Editor\Editor.vcxproj]
  (compiling source file '../../Editor/src/EditorLayer.cpp')
  
D:\Workspace\VS Workspace\HuaEngine\Dependencies\entt\entt.hpp(8355,1): warning C4828: The file contains a character starting at offset 0x52025 that is illegal in the current source character set (codepage 65001). [D:\Workspace\VS Workspace\HuaEngine\build\Editor\Editor.vcxproj]
  (compiling source file '../../Editor/src/EditorLayer.cpp')
  
D:\Workspace\VS Workspace\HuaEngine\Dependencies\entt\entt.hpp(8355,1): warning C4828: The file contains a character starting at offset 0x5202b that is illegal in the current source character set (codepage 65001). [D:\Workspace\VS Workspace\HuaEngine\build\Editor\Editor.vcxproj]
  (compiling source file '../../Editor/src/EditorLayer.cpp')
  
D:\Workspace\VS Workspace\HuaEngine\Dependencies\entt\entt.hpp(13868,1): warning C4828: The file contains a character starting at offset 0x7f0c0 that is illegal in the current source character set (codepage 65001). [D:\Workspace\VS Workspace\HuaEngine\build\Editor\Editor.vcxproj]
  (compiling source file '../../Editor/src/EditorLayer.cpp')
  
D:\Workspace\VS Workspace\HuaEngine\Dependencies\entt\entt.hpp(13868,1): warning C4828: The file contains a character starting at offset 0x7f0c6 that is illegal in the current source character set (codepage 65001). [D:\Workspace\VS Workspace\HuaEngine\build\Editor\Editor.vcxproj]
  (compiling source file '../../Editor/src/EditorLayer.cpp')
  
D:\Workspace\VS Workspace\HuaEngine\Dependencies\entt\entt.hpp(59711,1): warning C4828: The file contains a character starting at offset 0x230043 that is illegal in the current source character set (codepage 65001). [D:\Workspace\VS Workspace\HuaEngine\build\Editor\Editor.vcxproj]
  (compiling source file '../../Editor/src/EditorLayer.cpp')
  
D:\Workspace\VS Workspace\HuaEngine\Dependencies\entt\entt.hpp(59711,1): warning C4828: The file contains a character starting at offset 0x230049 that is illegal in the current source character set (codepage 65001). [D:\Workspace\VS Workspace\HuaEngine\build\Editor\Editor.vcxproj]
  (compiling source file '../../Editor/src/EditorLayer.cpp')
  
D:\Workspace\VS Workspace\HuaEngine\Dependencies\entt\entt.hpp(71606,1): warning C4828: The file contains a character starting at offset 0x2a7cf1 that is illegal in the current source character set (codepage 65001). [D:\Workspace\VS Workspace\HuaEngine\build\Editor\Editor.vcxproj]
  (compiling source file '../../Editor/src/EditorLayer.cpp')
  
D:\Workspace\VS Workspace\HuaEngine\Dependencies\entt\entt.hpp(71606,1): warning C4828: The file contains a character starting at offset 0x2a7cf7 that is illegal in the current source character set (codepage 65001). [D:\Workspace\VS Workspace\HuaEngine\build\Editor\Editor.vcxproj]
  (compiling source file '../../Editor/src/EditorLayer.cpp')
  
D:\Workspace\VS Workspace\HuaEngine\Dependencies\entt\entt.hpp(91527,1): warning C4828: The file contains a character starting at offset 0x35f91d that is illegal in the current source character set (codepage 65001). [D:\Workspace\VS Workspace\HuaEngine\build\Editor\Editor.vcxproj]
  (compiling source file '../../Editor/src/EditorLayer.cpp')
  
D:\Workspace\VS Workspace\HuaEngine\Dependencies\entt\entt.hpp(91527,1): warning C4828: The file contains a character starting at offset 0x35f923 that is illegal in the current source character set (codepage 65001). [D:\Workspace\VS Workspace\HuaEngine\build\Editor\Editor.vcxproj]
  (compiling source file '../../Editor/src/EditorLayer.cpp')
  
  ConsolePanel.cpp
  InspectorPanel.cpp
D:\Workspace\VS Workspace\HuaEngine\Dependencies\entt\entt.hpp(6046,1): warning C4828: The file contains a character starting at offset 0x3a191 that is illegal in the current source character set (codepage 65001). [D:\Workspace\VS Workspace\HuaEngine\build\Editor\Editor.vcxproj]
  (compiling source file '../../Editor/src/Panels/InspectorPanel.cpp')
  
D:\Workspace\VS Workspace\HuaEngine\Dependencies\entt\entt.hpp(6046,1): warning C4828: The file contains a character starting at offset 0x3a197 that is illegal in the current source character set (codepage 65001). [D:\Workspace\VS Workspace\HuaEngine\build\Editor\Editor.vcxproj]
  (compiling source file '../../Editor/src/Panels/InspectorPanel.cpp')
  
D:\Workspace\VS Workspace\HuaEngine\Dependencies\entt\entt.hpp(8355,1): warning C4828: The file contains a character starting at offset 0x52025 that is illegal in the current source character set (codepage 65001). [D:\Workspace\VS Workspace\HuaEngine\build\Editor\Editor.vcxproj]
  (compiling source file '../../Editor/src/Panels/InspectorPanel.cpp')
  
D:\Workspace\VS Workspace\HuaEngine\Dependencies\entt\entt.hpp(8355,1): warning C4828: The file contains a character starting at offset 0x5202b that is illegal in the current source character set (codepage 65001). [D:\Workspace\VS Workspace\HuaEngine\build\Editor\Editor.vcxproj]
  (compiling source file '../../Editor/src/Panels/InspectorPanel.cpp')
  
D:\Workspace\VS Workspace\HuaEngine\Dependencies\entt\entt.hpp(13868,1): warning C4828: The file contains a character starting at offset 0x7f0c0 that is illegal in the current source character set (codepage 65001). [D:\Workspace\VS Workspace\HuaEngine\build\Editor\Editor.vcxproj]
  (compiling source file '../../Editor/src/Panels/InspectorPanel.cpp')
  
D:\Workspace\VS Workspace\HuaEngine\Dependencies\entt\entt.hpp(13868,1): warning C4828: The file contains a character starting at offset 0x7f0c6 that is illegal in the current source character set (codepage 65001). [D:\Workspace\VS Workspace\HuaEngine\build\Editor\Editor.vcxproj]
  (compiling source file '../../Editor/src/Panels/InspectorPanel.cpp')
  
D:\Workspace\VS Workspace\HuaEngine\Dependencies\entt\entt.hpp(59711,1): warning C4828: The file contains a character starting at offset 0x230043 that is illegal in the current source character set (codepage 65001). [D:\Workspace\VS Workspace\HuaEngine\build\Editor\Editor.vcxproj]
  (compiling source file '../../Editor/src/Panels/InspectorPanel.cpp')
  
D:\Workspace\VS Workspace\HuaEngine\Dependencies\entt\entt.hpp(59711,1): warning C4828: The file contains a character starting at offset 0x230049 that is illegal in the current source character set (codepage 65001). [D:\Workspace\VS Workspace\HuaEngine\build\Editor\Editor.vcxproj]
  (compiling source file '../../Editor/src/Panels/InspectorPanel.cpp')
  
D:\Workspace\VS Workspace\HuaEngine\Dependencies\entt\entt.hpp(71606,1): warning C4828: The file contains a character starting at offset 0x2a7cf1 that is illegal in the current source character set (codepage 65001). [D:\Workspace\VS Workspace\HuaEngine\build\Editor\Editor.vcxproj]
  (compiling source file '../../Editor/src/Panels/InspectorPanel.cpp')
  
D:\Workspace\VS Workspace\HuaEngine\Dependencies\entt\entt.hpp(71606,1): warning C4828: The file contains a character starting at offset 0x2a7cf7 that is illegal in the current source character set (codepage 65001). [D:\Workspace\VS Workspace\HuaEngine\build\Editor\Editor.vcxproj]
  (compiling source file '../../Editor/src/Panels/InspectorPanel.cpp')
  
D:\Workspace\VS Workspace\HuaEngine\Dependencies\entt\entt.hpp(91527,1): warning C4828: The file contains a character starting at offset 0x35f91d that is illegal in the current source character set (codepage 65001). [D:\Workspace\VS Workspace\HuaEngine\build\Editor\Editor.vcxproj]
  (compiling source file '../../Editor/src/Panels/InspectorPanel.cpp')
  
D:\Workspace\VS Workspace\HuaEngine\Dependencies\entt\entt.hpp(91527,1): warning C4828: The file contains a character starting at offset 0x35f923 that is illegal in the current source character set (codepage 65001). [D:\Workspace\VS Workspace\HuaEngine\build\Editor\Editor.vcxproj]
  (compiling source file '../../Editor/src/Panels/InspectorPanel.cpp')
  
D:\Workspace\VS Workspace\HuaEngine\Dependencies\entt\entt.hpp(6046,1): warning C4828: The file contains a character starting at offset 0x3a191 that is illegal in the current source character set (codepage 65001). [D:\Workspace\VS Workspace\HuaEngine\build\Editor\Editor.vcxproj]
  (compiling source file '../../Editor/src/Panels/InspectorPanel.cpp')
  
D:\Workspace\VS Workspace\HuaEngine\Dependencies\entt\entt.hpp(6046,1): warning C4828: The file contains a character starting at offset 0x3a197 that is illegal in the current source character set (codepage 65001). [D:\Workspace\VS Workspace\HuaEngine\build\Editor\Editor.vcxproj]
  (compiling source file '../../Editor/src/Panels/InspectorPanel.cpp')
  
D:\Workspace\VS Workspace\HuaEngine\Dependencies\entt\entt.hpp(8355,1): warning C4828: The file contains a character starting at offset 0x52025 that is illegal in the current source character set (codepage 65001). [D:\Workspace\VS Workspace\HuaEngine\build\Editor\Editor.vcxproj]
  (compiling source file '../../Editor/src/Panels/InspectorPanel.cpp')
  
D:\Workspace\VS Workspace\HuaEngine\Dependencies\entt\entt.hpp(8355,1): warning C4828: The file contains a character starting at offset 0x5202b that is illegal in the current source character set (codepage 65001). [D:\Workspace\VS Workspace\HuaEngine\build\Editor\Editor.vcxproj]
  (compiling source file '../../Editor/src/Panels/InspectorPanel.cpp')
  
D:\Workspace\VS Workspace\HuaEngine\Dependencies\entt\entt.hpp(13868,1): warning C4828: The file contains a character starting at offset 0x7f0c0 that is illegal in the current source character set (codepage 65001). [D:\Workspace\VS Workspace\HuaEngine\build\Editor\Editor.vcxproj]
  (compiling source file '../../Editor/src/Panels/InspectorPanel.cpp')
  
D:\Workspace\VS Workspace\HuaEngine\Dependencies\entt\entt.hpp(13868,1): warning C4828: The file contains a character starting at offset 0x7f0c6 that is illegal in the current source character set (codepage 65001). [D:\Workspace\VS Workspace\HuaEngine\build\Editor\Editor.vcxproj]
  (compiling source file '../../Editor/src/Panels/InspectorPanel.cpp')
  
D:\Workspace\VS Workspace\HuaEngine\Dependencies\entt\entt.hpp(59711,1): warning C4828: The file contains a character starting at offset 0x230043 that is illegal in the current source character set (codepage 65001). [D:\Workspace\VS Workspace\HuaEngine\build\Editor\Editor.vcxproj]
  (compiling source file '../../Editor/src/Panels/InspectorPanel.cpp')
  
D:\Workspace\VS Workspace\HuaEngine\Dependencies\entt\entt.hpp(59711,1): warning C4828: The file contains a character starting at offset 0x230049 that is illegal in the current source character set (codepage 65001). [D:\Workspace\VS Workspace\HuaEngine\build\Editor\Editor.vcxproj]
  (compiling source file '../../Editor/src/Panels/InspectorPanel.cpp')
  
D:\Workspace\VS Workspace\HuaEngine\Dependencies\entt\entt.hpp(71606,1): warning C4828: The file contains a character starting at offset 0x2a7cf1 that is illegal in the current source character set (codepage 65001). [D:\Workspace\VS Workspace\HuaEngine\build\Editor\Editor.vcxproj]
  (compiling source file '../../Editor/src/Panels/InspectorPanel.cpp')
  
D:\Workspace\VS Workspace\HuaEngine\Dependencies\entt\entt.hpp(71606,1): warning C4828: The file contains a character starting at offset 0x2a7cf7 that is illegal in the current source character set (codepage 65001). [D:\Workspace\VS Workspace\HuaEngine\build\Editor\Editor.vcxproj]
  (compiling source file '../../Editor/src/Panels/InspectorPanel.cpp')
  
D:\Workspace\VS Workspace\HuaEngine\Dependencies\entt\entt.hpp(91527,1): warning C4828: The file contains a character starting at offset 0x35f91d that is illegal in the current source character set (codepage 65001). [D:\Workspace\VS Workspace\HuaEngine\build\Editor\Editor.vcxproj]
  (compiling source file '../../Editor/src/Panels/InspectorPanel.cpp')
  
D:\Workspace\VS Workspace\HuaEngine\Dependencies\entt\entt.hpp(91527,1): warning C4828: The file contains a character starting at offset 0x35f923 that is illegal in the current source character set (codepage 65001). [D:\Workspace\VS Workspace\HuaEngine\build\Editor\Editor.vcxproj]
  (compiling source file '../../Editor/src/Panels/InspectorPanel.cpp')
  
D:\Workspace\VS Workspace\HuaEngine\Dependencies\entt\entt.hpp(6046,1): warning C4828: The file contains a character starting at offset 0x3a191 that is illegal in the current source character set (codepage 65001). [D:\Workspace\VS Workspace\HuaEngine\build\Editor\Editor.vcxproj]
  (compiling source file '../../Editor/src/Panels/InspectorPanel.cpp')
  
D:\Workspace\VS Workspace\HuaEngine\Dependencies\entt\entt.hpp(6046,1): warning C4828: The file contains a character starting at offset 0x3a197 that is illegal in the current source character set (codepage 65001). [D:\Workspace\VS Workspace\HuaEngine\build\Editor\Editor.vcxproj]
  (compiling source file '../../Editor/src/Panels/InspectorPanel.cpp')
  
D:\Workspace\VS Workspace\HuaEngine\Dependencies\entt\entt.hpp(8355,1): warning C4828: The file contains a character starting at offset 0x52025 that is illegal in the current source character set (codepage 65001). [D:\Workspace\VS Workspace\HuaEngine\build\Editor\Editor.vcxproj]
  (compiling source file '../../Editor/src/Panels/InspectorPanel.cpp')
  
D:\Workspace\VS Workspace\HuaEngine\Dependencies\entt\entt.hpp(8355,1): warning C4828: The file contains a character starting at offset 0x5202b that is illegal in the current source character set (codepage 65001). [D:\Workspace\VS Workspace\HuaEngine\build\Editor\Editor.vcxproj]
  (compiling source file '../../Editor/src/Panels/InspectorPanel.cpp')
  
D:\Workspace\VS Workspace\HuaEngine\Dependencies\entt\entt.hpp(13868,1): warning C4828: The file contains a character starting at offset 0x7f0c0 that is illegal in the current source character set (codepage 65001). [D:\Workspace\VS Workspace\HuaEngine\build\Editor\Editor.vcxproj]
  (compiling source file '../../Editor/src/Panels/InspectorPanel.cpp')
  
D:\Workspace\VS Workspace\HuaEngine\Dependencies\entt\entt.hpp(13868,1): warning C4828: The file contains a character starting at offset 0x7f0c6 that is illegal in the current source character set (codepage 65001). [D:\Workspace\VS Workspace\HuaEngine\build\Editor\Editor.vcxproj]
  (compiling source file '../../Editor/src/Panels/InspectorPanel.cpp')
  
D:\Workspace\VS Workspace\HuaEngine\Dependencies\entt\entt.hpp(59711,1): warning C4828: The file contains a character starting at offset 0x230043 that is illegal in the current source character set (codepage 65001). [D:\Workspace\VS Workspace\HuaEngine\build\Editor\Editor.vcxproj]
  (compiling source file '../../Editor/src/Panels/InspectorPanel.cpp')
  
D:\Workspace\VS Workspace\HuaEngine\Dependencies\entt\entt.hpp(59711,1): warning C4828: The file contains a character starting at offset 0x230049 that is illegal in the current source character set (codepage 65001). [D:\Workspace\VS Workspace\HuaEngine\build\Editor\Editor.vcxproj]
  (compiling source file '../../Editor/src/Panels/InspectorPanel.cpp')
  
D:\Workspace\VS Workspace\HuaEngine\Dependencies\entt\entt.hpp(71606,1): warning C4828: The file contains a character starting at offset 0x2a7cf1 that is illegal in the current source character set (codepage 65001). [D:\Workspace\VS Workspace\HuaEngine\build\Editor\Editor.vcxproj]
  (compiling source file '../../Editor/src/Panels/InspectorPanel.cpp')
  
D:\Workspace\VS Workspace\HuaEngine\Dependencies\entt\entt.hpp(71606,1): warning C4828: The file contains a character starting at offset 0x2a7cf7 that is illegal in the current source character set (codepage 65001). [D:\Workspace\VS Workspace\HuaEngine\build\Editor\Editor.vcxproj]
  (compiling source file '../../Editor/src/Panels/InspectorPanel.cpp')
  
D:\Workspace\VS Workspace\HuaEngine\Dependencies\entt\entt.hpp(91527,1): warning C4828: The file contains a character starting at offset 0x35f91d that is illegal in the current source character set (codepage 65001). [D:\Workspace\VS Workspace\HuaEngine\build\Editor\Editor.vcxproj]
  (compiling source file '../../Editor/src/Panels/InspectorPanel.cpp')
  
D:\Workspace\VS Workspace\HuaEngine\Dependencies\entt\entt.hpp(91527,1): warning C4828: The file contains a character starting at offset 0x35f923 that is illegal in the current source character set (codepage 65001). [D:\Workspace\VS Workspace\HuaEngine\build\Editor\Editor.vcxproj]
  (compiling source file '../../Editor/src/Panels/InspectorPanel.cpp')
  
  SceneHierarchyPanel.cpp
D:\Workspace\VS Workspace\HuaEngine\Dependencies\entt\entt.hpp(6046,1): warning C4828: The file contains a character starting at offset 0x3a191 that is illegal in the current source character set (codepage 65001). [D:\Workspace\VS Workspace\HuaEngine\build\Editor\Editor.vcxproj]
  (compiling source file '../../Editor/src/Panels/SceneHierarchyPanel.cpp')
  
D:\Workspace\VS Workspace\HuaEngine\Dependencies\entt\entt.hpp(6046,1): warning C4828: The file contains a character starting at offset 0x3a197 that is illegal in the current source character set (codepage 65001). [D:\Workspace\VS Workspace\HuaEngine\build\Editor\Editor.vcxproj]
  (compiling source file '../../Editor/src/Panels/SceneHierarchyPanel.cpp')
  
D:\Workspace\VS Workspace\HuaEngine\Dependencies\entt\entt.hpp(8355,1): warning C4828: The file contains a character starting at offset 0x52025 that is illegal in the current source character set (codepage 65001). [D:\Workspace\VS Workspace\HuaEngine\build\Editor\Editor.vcxproj]
  (compiling source file '../../Editor/src/Panels/SceneHierarchyPanel.cpp')
  
D:\Workspace\VS Workspace\HuaEngine\Dependencies\entt\entt.hpp(8355,1): warning C4828: The file contains a character starting at offset 0x5202b that is illegal in the current source character set (codepage 65001). [D:\Workspace\VS Workspace\HuaEngine\build\Editor\Editor.vcxproj]
  (compiling source file '../../Editor/src/Panels/SceneHierarchyPanel.cpp')
  
D:\Workspace\VS Workspace\HuaEngine\Dependencies\entt\entt.hpp(13868,1): warning C4828: The file contains a character starting at offset 0x7f0c0 that is illegal in the current source character set (codepage 65001). [D:\Workspace\VS Workspace\HuaEngine\build\Editor\Editor.vcxproj]
  (compiling source file '../../Editor/src/Panels/SceneHierarchyPanel.cpp')
  
D:\Workspace\VS Workspace\HuaEngine\Dependencies\entt\entt.hpp(13868,1): warning C4828: The file contains a character starting at offset 0x7f0c6 that is illegal in the current source character set (codepage 65001). [D:\Workspace\VS Workspace\HuaEngine\build\Editor\Editor.vcxproj]
  (compiling source file '../../Editor/src/Panels/SceneHierarchyPanel.cpp')
  
D:\Workspace\VS Workspace\HuaEngine\Dependencies\entt\entt.hpp(59711,1): warning C4828: The file contains a character starting at offset 0x230043 that is illegal in the current source character set (codepage 65001). [D:\Workspace\VS Workspace\HuaEngine\build\Editor\Editor.vcxproj]
  (compiling source file '../../Editor/src/Panels/SceneHierarchyPanel.cpp')
  
D:\Workspace\VS Workspace\HuaEngine\Dependencies\entt\entt.hpp(59711,1): warning C4828: The file contains a character starting at offset 0x230049 that is illegal in the current source character set (codepage 65001). [D:\Workspace\VS Workspace\HuaEngine\build\Editor\Editor.vcxproj]
  (compiling source file '../../Editor/src/Panels/SceneHierarchyPanel.cpp')
  
D:\Workspace\VS Workspace\HuaEngine\Dependencies\entt\entt.hpp(71606,1): warning C4828: The file contains a character starting at offset 0x2a7cf1 that is illegal in the current source character set (codepage 65001). [D:\Workspace\VS Workspace\HuaEngine\build\Editor\Editor.vcxproj]
  (compiling source file '../../Editor/src/Panels/SceneHierarchyPanel.cpp')
  
D:\Workspace\VS Workspace\HuaEngine\Dependencies\entt\entt.hpp(71606,1): warning C4828: The file contains a character starting at offset 0x2a7cf7 that is illegal in the current source character set (codepage 65001). [D:\Workspace\VS Workspace\HuaEngine\build\Editor\Editor.vcxproj]
  (compiling source file '../../Editor/src/Panels/SceneHierarchyPanel.cpp')
  
D:\Workspace\VS Workspace\HuaEngine\Dependencies\entt\entt.hpp(91527,1): warning C4828: The file contains a character starting at offset 0x35f91d that is illegal in the current source character set (codepage 65001). [D:\Workspace\VS Workspace\HuaEngine\build\Editor\Editor.vcxproj]
  (compiling source file '../../Editor/src/Panels/SceneHierarchyPanel.cpp')
  
D:\Workspace\VS Workspace\HuaEngine\Dependencies\entt\entt.hpp(91527,1): warning C4828: The file contains a character starting at offset 0x35f923 that is illegal in the current source character set (codepage 65001). [D:\Workspace\VS Workspace\HuaEngine\build\Editor\Editor.vcxproj]
  (compiling source file '../../Editor/src/Panels/SceneHierarchyPanel.cpp')
  
D:\Workspace\VS Workspace\HuaEngine\Dependencies\entt\entt.hpp(6046,1): warning C4828: The file contains a character starting at offset 0x3a191 that is illegal in the current source character set (codepage 65001). [D:\Workspace\VS Workspace\HuaEngine\build\Editor\Editor.vcxproj]
  (compiling source file '../../Editor/src/Panels/SceneHierarchyPanel.cpp')
  
D:\Workspace\VS Workspace\HuaEngine\Dependencies\entt\entt.hpp(6046,1): warning C4828: The file contains a character starting at offset 0x3a197 that is illegal in the current source character set (codepage 65001). [D:\Workspace\VS Workspace\HuaEngine\build\Editor\Editor.vcxproj]
  (compiling source file '../../Editor/src/Panels/SceneHierarchyPanel.cpp')
  
D:\Workspace\VS Workspace\HuaEngine\Dependencies\entt\entt.hpp(8355,1): warning C4828: The file contains a character starting at offset 0x52025 that is illegal in the current source character set (codepage 65001). [D:\Workspace\VS Workspace\HuaEngine\build\Editor\Editor.vcxproj]
  (compiling source file '../../Editor/src/Panels/SceneHierarchyPanel.cpp')
  
D:\Workspace\VS Workspace\HuaEngine\Dependencies\entt\entt.hpp(8355,1): warning C4828: The file contains a character starting at offset 0x5202b that is illegal in the current source character set (codepage 65001). [D:\Workspace\VS Workspace\HuaEngine\build\Editor\Editor.vcxproj]
  (compiling source file '../../Editor/src/Panels/SceneHierarchyPanel.cpp')
  
D:\Workspace\VS Workspace\HuaEngine\Dependencies\entt\entt.hpp(13868,1): warning C4828: The file contains a character starting at offset 0x7f0c0 that is illegal in the current source character set (codepage 65001). [D:\Workspace\VS Workspace\HuaEngine\build\Editor\Editor.vcxproj]
  (compiling source file '../../Editor/src/Panels/SceneHierarchyPanel.cpp')
  
D:\Workspace\VS Workspace\HuaEngine\Dependencies\entt\entt.hpp(13868,1): warning C4828: The file contains a character starting at offset 0x7f0c6 that is illegal in the current source character set (codepage 65001). [D:\Workspace\VS Workspace\HuaEngine\build\Editor\Editor.vcxproj]
  (compiling source file '../../Editor/src/Panels/SceneHierarchyPanel.cpp')
  
D:\Workspace\VS Workspace\HuaEngine\Dependencies\entt\entt.hpp(59711,1): warning C4828: The file contains a character starting at offset 0x230043 that is illegal in the current source character set (codepage 65001). [D:\Workspace\VS Workspace\HuaEngine\build\Editor\Editor.vcxproj]
  (compiling source file '../../Editor/src/Panels/SceneHierarchyPanel.cpp')
  
D:\Workspace\VS Workspace\HuaEngine\Dependencies\entt\entt.hpp(59711,1): warning C4828: The file contains a character starting at offset 0x230049 that is illegal in the current source character set (codepage 65001). [D:\Workspace\VS Workspace\HuaEngine\build\Editor\Editor.vcxproj]
  (compiling source file '../../Editor/src/Panels/SceneHierarchyPanel.cpp')
  
D:\Workspace\VS Workspace\HuaEngine\Dependencies\entt\entt.hpp(71606,1): warning C4828: The file contains a character starting at offset 0x2a7cf1 that is illegal in the current source character set (codepage 65001). [D:\Workspace\VS Workspace\HuaEngine\build\Editor\Editor.vcxproj]
  (compiling source file '../../Editor/src/Panels/SceneHierarchyPanel.cpp')
  
D:\Workspace\VS Workspace\HuaEngine\Dependencies\entt\entt.hpp(71606,1): warning C4828: The file contains a character starting at offset 0x2a7cf7 that is illegal in the current source character set (codepage 65001). [D:\Workspace\VS Workspace\HuaEngine\build\Editor\Editor.vcxproj]
  (compiling source file '../../Editor/src/Panels/SceneHierarchyPanel.cpp')
  
D:\Workspace\VS Workspace\HuaEngine\Dependencies\entt\entt.hpp(91527,1): warning C4828: The file contains a character starting at offset 0x35f91d that is illegal in the current source character set (codepage 65001). [D:\Workspace\VS Workspace\HuaEngine\build\Editor\Editor.vcxproj]
  (compiling source file '../../Editor/src/Panels/SceneHierarchyPanel.cpp')
  
D:\Workspace\VS Workspace\HuaEngine\Dependencies\entt\entt.hpp(91527,1): warning C4828: The file contains a character starting at offset 0x35f923 that is illegal in the current source character set (codepage 65001). [D:\Workspace\VS Workspace\HuaEngine\build\Editor\Editor.vcxproj]
  (compiling source file '../../Editor/src/Panels/SceneHierarchyPanel.cpp')
  
D:\Workspace\VS Workspace\HuaEngine\Dependencies\entt\entt.hpp(6046,1): warning C4828: The file contains a character starting at offset 0x3a191 that is illegal in the current source character set (codepage 65001). [D:\Workspace\VS Workspace\HuaEngine\build\Editor\Editor.vcxproj]
  (compiling source file '../../Editor/src/Panels/SceneHierarchyPanel.cpp')
  
D:\Workspace\VS Workspace\HuaEngine\Dependencies\entt\entt.hpp(6046,1): warning C4828: The file contains a character starting at offset 0x3a197 that is illegal in the current source character set (codepage 65001). [D:\Workspace\VS Workspace\HuaEngine\build\Editor\Editor.vcxproj]
  (compiling source file '../../Editor/src/Panels/SceneHierarchyPanel.cpp')
  
D:\Workspace\VS Workspace\HuaEngine\Dependencies\entt\entt.hpp(8355,1): warning C4828: The file contains a character starting at offset 0x52025 that is illegal in the current source character set (codepage 65001). [D:\Workspace\VS Workspace\HuaEngine\build\Editor\Editor.vcxproj]
  (compiling source file '../../Editor/src/Panels/SceneHierarchyPanel.cpp')
  
D:\Workspace\VS Workspace\HuaEngine\Dependencies\entt\entt.hpp(8355,1): warning C4828: The file contains a character starting at offset 0x5202b that is illegal in the current source character set (codepage 65001). [D:\Workspace\VS Workspace\HuaEngine\build\Editor\Editor.vcxproj]
  (compiling source file '../../Editor/src/Panels/SceneHierarchyPanel.cpp')
  
D:\Workspace\VS Workspace\HuaEngine\Dependencies\entt\entt.hpp(13868,1): warning C4828: The file contains a character starting at offset 0x7f0c0 that is illegal in the current source character set (codepage 65001). [D:\Workspace\VS Workspace\HuaEngine\build\Editor\Editor.vcxproj]
  (compiling source file '../../Editor/src/Panels/SceneHierarchyPanel.cpp')
  
D:\Workspace\VS Workspace\HuaEngine\Dependencies\entt\entt.hpp(13868,1): warning C4828: The file contains a character starting at offset 0x7f0c6 that is illegal in the current source character set (codepage 65001). [D:\Workspace\VS Workspace\HuaEngine\build\Editor\Editor.vcxproj]
  (compiling source file '../../Editor/src/Panels/SceneHierarchyPanel.cpp')
  
D:\Workspace\VS Workspace\HuaEngine\Dependencies\entt\entt.hpp(59711,1): warning C4828: The file contains a character starting at offset 0x230043 that is illegal in the current source character set (codepage 65001). [D:\Workspace\VS Workspace\HuaEngine\build\Editor\Editor.vcxproj]
  (compiling source file '../../Editor/src/Panels/SceneHierarchyPanel.cpp')
  
D:\Workspace\VS Workspace\HuaEngine\Dependencies\entt\entt.hpp(59711,1): warning C4828: The file contains a character starting at offset 0x230049 that is illegal in the current source character set (codepage 65001). [D:\Workspace\VS Workspace\HuaEngine\build\Editor\Editor.vcxproj]
  (compiling source file '../../Editor/src/Panels/SceneHierarchyPanel.cpp')
  
D:\Workspace\VS Workspace\HuaEngine\Dependencies\entt\entt.hpp(71606,1): warning C4828: The file contains a character starting at offset 0x2a7cf1 that is illegal in the current source character set (codepage 65001). [D:\Workspace\VS Workspace\HuaEngine\build\Editor\Editor.vcxproj]
  (compiling source file '../../Editor/src/Panels/SceneHierarchyPanel.cpp')
  
D:\Workspace\VS Workspace\HuaEngine\Dependencies\entt\entt.hpp(71606,1): warning C4828: The file contains a character starting at offset 0x2a7cf7 that is illegal in the current source character set (codepage 65001). [D:\Workspace\VS Workspace\HuaEngine\build\Editor\Editor.vcxproj]
  (compiling source file '../../Editor/src/Panels/SceneHierarchyPanel.cpp')
  
D:\Workspace\VS Workspace\HuaEngine\Dependencies\entt\entt.hpp(91527,1): warning C4828: The file contains a character starting at offset 0x35f91d that is illegal in the current source character set (codepage 65001). [D:\Workspace\VS Workspace\HuaEngine\build\Editor\Editor.vcxproj]
  (compiling source file '../../Editor/src/Panels/SceneHierarchyPanel.cpp')
  
D:\Workspace\VS Workspace\HuaEngine\Dependencies\entt\entt.hpp(91527,1): warning C4828: The file contains a character starting at offset 0x35f923 that is illegal in the current source character set (codepage 65001). [D:\Workspace\VS Workspace\HuaEngine\build\Editor\Editor.vcxproj]
  (compiling source file '../../Editor/src/Panels/SceneHierarchyPanel.cpp')
  
  Selection.cpp
D:\Workspace\VS Workspace\HuaEngine\Dependencies\entt\entt.hpp(6046,1): warning C4828: The file contains a character starting at offset 0x3a191 that is illegal in the current source character set (codepage 65001). [D:\Workspace\VS Workspace\HuaEngine\build\Editor\Editor.vcxproj]
  (compiling source file '../../Editor/src/Selection.cpp')
  
D:\Workspace\VS Workspace\HuaEngine\Dependencies\entt\entt.hpp(6046,1): warning C4828: The file contains a character starting at offset 0x3a197 that is illegal in the current source character set (codepage 65001). [D:\Workspace\VS Workspace\HuaEngine\build\Editor\Editor.vcxproj]
  (compiling source file '../../Editor/src/Selection.cpp')
  
D:\Workspace\VS Workspace\HuaEngine\Dependencies\entt\entt.hpp(8355,1): warning C4828: The file contains a character starting at offset 0x52025 that is illegal in the current source character set (codepage 65001). [D:\Workspace\VS Workspace\HuaEngine\build\Editor\Editor.vcxproj]
  (compiling source file '../../Editor/src/Selection.cpp')
  
D:\Workspace\VS Workspace\HuaEngine\Dependencies\entt\entt.hpp(8355,1): warning C4828: The file contains a character starting at offset 0x5202b that is illegal in the current source character set (codepage 65001). [D:\Workspace\VS Workspace\HuaEngine\build\Editor\Editor.vcxproj]
  (compiling source file '../../Editor/src/Selection.cpp')
  
D:\Workspace\VS Workspace\HuaEngine\Dependencies\entt\entt.hpp(13868,1): warning C4828: The file contains a character starting at offset 0x7f0c0 that is illegal in the current source character set (codepage 65001). [D:\Workspace\VS Workspace\HuaEngine\build\Editor\Editor.vcxproj]
  (compiling source file '../../Editor/src/Selection.cpp')
  
D:\Workspace\VS Workspace\HuaEngine\Dependencies\entt\entt.hpp(13868,1): warning C4828: The file contains a character starting at offset 0x7f0c6 that is illegal in the current source character set (codepage 65001). [D:\Workspace\VS Workspace\HuaEngine\build\Editor\Editor.vcxproj]
  (compiling source file '../../Editor/src/Selection.cpp')
  
D:\Workspace\VS Workspace\HuaEngine\Dependencies\entt\entt.hpp(59711,1): warning C4828: The file contains a character starting at offset 0x230043 that is illegal in the current source character set (codepage 65001). [D:\Workspace\VS Workspace\HuaEngine\build\Editor\Editor.vcxproj]
  (compiling source file '../../Editor/src/Selection.cpp')
  
D:\Workspace\VS Workspace\HuaEngine\Dependencies\entt\entt.hpp(59711,1): warning C4828: The file contains a character starting at offset 0x230049 that is illegal in the current source character set (codepage 65001). [D:\Workspace\VS Workspace\HuaEngine\build\Editor\Editor.vcxproj]
  (compiling source file '../../Editor/src/Selection.cpp')
  
D:\Workspace\VS Workspace\HuaEngine\Dependencies\entt\entt.hpp(71606,1): warning C4828: The file contains a character starting at offset 0x2a7cf1 that is illegal in the current source character set (codepage 65001). [D:\Workspace\VS Workspace\HuaEngine\build\Editor\Editor.vcxproj]
  (compiling source file '../../Editor/src/Selection.cpp')
  
D:\Workspace\VS Workspace\HuaEngine\Dependencies\entt\entt.hpp(71606,1): warning C4828: The file contains a character starting at offset 0x2a7cf7 that is illegal in the current source character set (codepage 65001). [D:\Workspace\VS Workspace\HuaEngine\build\Editor\Editor.vcxproj]
  (compiling source file '../../Editor/src/Selection.cpp')
  
D:\Workspace\VS Workspace\HuaEngine\Dependencies\entt\entt.hpp(91527,1): warning C4828: The file contains a character starting at offset 0x35f91d that is illegal in the current source character set (codepage 65001). [D:\Workspace\VS Workspace\HuaEngine\build\Editor\Editor.vcxproj]
  (compiling source file '../../Editor/src/Selection.cpp')
  
D:\Workspace\VS Workspace\HuaEngine\Dependencies\entt\entt.hpp(91527,1): warning C4828: The file contains a character starting at offset 0x35f923 that is illegal in the current source character set (codepage 65001). [D:\Workspace\VS Workspace\HuaEngine\build\Editor\Editor.vcxproj]
  (compiling source file '../../Editor/src/Selection.cpp')
  
D:\Workspace\VS Workspace\HuaEngine\Dependencies\entt\entt.hpp(6046,1): warning C4828: The file contains a character starting at offset 0x3a191 that is illegal in the current source character set (codepage 65001). [D:\Workspace\VS Workspace\HuaEngine\build\Editor\Editor.vcxproj]
  (compiling source file '../../Editor/src/Selection.cpp')
  
D:\Workspace\VS Workspace\HuaEngine\Dependencies\entt\entt.hpp(6046,1): warning C4828: The file contains a character starting at offset 0x3a197 that is illegal in the current source character set (codepage 65001). [D:\Workspace\VS Workspace\HuaEngine\build\Editor\Editor.vcxproj]
  (compiling source file '../../Editor/src/Selection.cpp')
  
D:\Workspace\VS Workspace\HuaEngine\Dependencies\entt\entt.hpp(8355,1): warning C4828: The file contains a character starting at offset 0x52025 that is illegal in the current source character set (codepage 65001). [D:\Workspace\VS Workspace\HuaEngine\build\Editor\Editor.vcxproj]
  (compiling source file '../../Editor/src/Selection.cpp')
  
D:\Workspace\VS Workspace\HuaEngine\Dependencies\entt\entt.hpp(8355,1): warning C4828: The file contains a character starting at offset 0x5202b that is illegal in the current source character set (codepage 65001). [D:\Workspace\VS Workspace\HuaEngine\build\Editor\Editor.vcxproj]
  (compiling source file '../../Editor/src/Selection.cpp')
  
D:\Workspace\VS Workspace\HuaEngine\Dependencies\entt\entt.hpp(13868,1): warning C4828: The file contains a character starting at offset 0x7f0c0 that is illegal in the current source character set (codepage 65001). [D:\Workspace\VS Workspace\HuaEngine\build\Editor\Editor.vcxproj]
  (compiling source file '../../Editor/src/Selection.cpp')
  
D:\Workspace\VS Workspace\HuaEngine\Dependencies\entt\entt.hpp(13868,1): warning C4828: The file contains a character starting at offset 0x7f0c6 that is illegal in the current source character set (codepage 65001). [D:\Workspace\VS Workspace\HuaEngine\build\Editor\Editor.vcxproj]
  (compiling source file '../../Editor/src/Selection.cpp')
  
D:\Workspace\VS Workspace\HuaEngine\Dependencies\entt\entt.hpp(59711,1): warning C4828: The file contains a character starting at offset 0x230043 that is illegal in the current source character set (codepage 65001). [D:\Workspace\VS Workspace\HuaEngine\build\Editor\Editor.vcxproj]
  (compiling source file '../../Editor/src/Selection.cpp')
  
D:\Workspace\VS Workspace\HuaEngine\Dependencies\entt\entt.hpp(59711,1): warning C4828: The file contains a character starting at offset 0x230049 that is illegal in the current source character set (codepage 65001). [D:\Workspace\VS Workspace\HuaEngine\build\Editor\Editor.vcxproj]
  (compiling source file '../../Editor/src/Selection.cpp')
  
D:\Workspace\VS Workspace\HuaEngine\Dependencies\entt\entt.hpp(71606,1): warning C4828: The file contains a character starting at offset 0x2a7cf1 that is illegal in the current source character set (codepage 65001). [D:\Workspace\VS Workspace\HuaEngine\build\Editor\Editor.vcxproj]
  (compiling source file '../../Editor/src/Selection.cpp')
  
D:\Workspace\VS Workspace\HuaEngine\Dependencies\entt\entt.hpp(71606,1): warning C4828: The file contains a character starting at offset 0x2a7cf7 that is illegal in the current source character set (codepage 65001). [D:\Workspace\VS Workspace\HuaEngine\build\Editor\Editor.vcxproj]
  (compiling source file '../../Editor/src/Selection.cpp')
  
D:\Workspace\VS Workspace\HuaEngine\Dependencies\entt\entt.hpp(91527,1): warning C4828: The file contains a character starting at offset 0x35f91d that is illegal in the current source character set (codepage 65001). [D:\Workspace\VS Workspace\HuaEngine\build\Editor\Editor.vcxproj]
  (compiling source file '../../Editor/src/Selection.cpp')
  
D:\Workspace\VS Workspace\HuaEngine\Dependencies\entt\entt.hpp(91527,1): warning C4828: The file contains a character starting at offset 0x35f923 that is illegal in the current source character set (codepage 65001). [D:\Workspace\VS Workspace\HuaEngine\build\Editor\Editor.vcxproj]
  (compiling source file '../../Editor/src/Selection.cpp')
  
  Generating Code...
  Editor.vcxproj -> D:\Workspace\VS Workspace\HuaEngine\build\bin\Debug-Windows-x64\Editor.exe
适用于 .NET Framework MSBuild 版本 17.14.18+a338add32

  GLAD.vcxproj -> D:\Workspace\VS Workspace\HuaEngine\build\bin\Debug-Windows-x64\GLAD.lib
  ImGui.vcxproj -> D:\Workspace\VS Workspace\HuaEngine\build\bin\Debug-Windows-x64\ImGui.lib
  glfw.vcxproj -> D:\Workspace\VS Workspace\HuaEngine\build\bin\Debug-Windows-x64\glfw3.lib
  HuaEngine.vcxproj -> D:\Workspace\VS Workspace\HuaEngine\build\bin\Debug-Windows-x64\HuaEngine.lib
  Console.cpp
  SandboxApp.cpp
D:\Workspace\VS Workspace\HuaEngine\Dependencies\entt\entt.hpp(6046,1): warning C4828: The file contains a character starting at offset 0x3a191 that is illegal in the current source character set (codepage 65001). [D:\Workspace\VS Workspace\HuaEngine\build\Sandbox\Sandbox.vcxproj]
  (compiling source file '../../Sandbox/src/SandboxApp.cpp')
  
D:\Workspace\VS Workspace\HuaEngine\Dependencies\entt\entt.hpp(6046,1): warning C4828: The file contains a character starting at offset 0x3a197 that is illegal in the current source character set (codepage 65001). [D:\Workspace\VS Workspace\HuaEngine\build\Sandbox\Sandbox.vcxproj]
  (compiling source file '../../Sandbox/src/SandboxApp.cpp')
  
D:\Workspace\VS Workspace\HuaEngine\Dependencies\entt\entt.hpp(8355,1): warning C4828: The file contains a character starting at offset 0x52025 that is illegal in the current source character set (codepage 65001). [D:\Workspace\VS Workspace\HuaEngine\build\Sandbox\Sandbox.vcxproj]
  (compiling source file '../../Sandbox/src/SandboxApp.cpp')
  
D:\Workspace\VS Workspace\HuaEngine\Dependencies\entt\entt.hpp(8355,1): warning C4828: The file contains a character starting at offset 0x5202b that is illegal in the current source character set (codepage 65001). [D:\Workspace\VS Workspace\HuaEngine\build\Sandbox\Sandbox.vcxproj]
  (compiling source file '../../Sandbox/src/SandboxApp.cpp')
  
D:\Workspace\VS Workspace\HuaEngine\Dependencies\entt\entt.hpp(13868,1): warning C4828: The file contains a character starting at offset 0x7f0c0 that is illegal in the current source character set (codepage 65001). [D:\Workspace\VS Workspace\HuaEngine\build\Sandbox\Sandbox.vcxproj]
  (compiling source file '../../Sandbox/src/SandboxApp.cpp')
  
D:\Workspace\VS Workspace\HuaEngine\Dependencies\entt\entt.hpp(13868,1): warning C4828: The file contains a character starting at offset 0x7f0c6 that is illegal in the current source character set (codepage 65001). [D:\Workspace\VS Workspace\HuaEngine\build\Sandbox\Sandbox.vcxproj]
  (compiling source file '../../Sandbox/src/SandboxApp.cpp')
  
D:\Workspace\VS Workspace\HuaEngine\Dependencies\entt\entt.hpp(59711,1): warning C4828: The file contains a character starting at offset 0x230043 that is illegal in the current source character set (codepage 65001). [D:\Workspace\VS Workspace\HuaEngine\build\Sandbox\Sandbox.vcxproj]
  (compiling source file '../../Sandbox/src/SandboxApp.cpp')
  
D:\Workspace\VS Workspace\HuaEngine\Dependencies\entt\entt.hpp(59711,1): warning C4828: The file contains a character starting at offset 0x230049 that is illegal in the current source character set (codepage 65001). [D:\Workspace\VS Workspace\HuaEngine\build\Sandbox\Sandbox.vcxproj]
  (compiling source file '../../Sandbox/src/SandboxApp.cpp')
  
D:\Workspace\VS Workspace\HuaEngine\Dependencies\entt\entt.hpp(71606,1): warning C4828: The file contains a character starting at offset 0x2a7cf1 that is illegal in the current source character set (codepage 65001). [D:\Workspace\VS Workspace\HuaEngine\build\Sandbox\Sandbox.vcxproj]
  (compiling source file '../../Sandbox/src/SandboxApp.cpp')
  
D:\Workspace\VS Workspace\HuaEngine\Dependencies\entt\entt.hpp(71606,1): warning C4828: The file contains a character starting at offset 0x2a7cf7 that is illegal in the current source character set (codepage 65001). [D:\Workspace\VS Workspace\HuaEngine\build\Sandbox\Sandbox.vcxproj]
  (compiling source file '../../Sandbox/src/SandboxApp.cpp')
  
D:\Workspace\VS Workspace\HuaEngine\Dependencies\entt\entt.hpp(91527,1): warning C4828: The file contains a character starting at offset 0x35f91d that is illegal in the current source character set (codepage 65001). [D:\Workspace\VS Workspace\HuaEngine\build\Sandbox\Sandbox.vcxproj]
  (compiling source file '../../Sandbox/src/SandboxApp.cpp')
  
D:\Workspace\VS Workspace\HuaEngine\Dependencies\entt\entt.hpp(91527,1): warning C4828: The file contains a character starting at offset 0x35f923 that is illegal in the current source character set (codepage 65001). [D:\Workspace\VS Workspace\HuaEngine\build\Sandbox\Sandbox.vcxproj]
  (compiling source file '../../Sandbox/src/SandboxApp.cpp')
  
D:\Workspace\VS Workspace\HuaEngine\Dependencies\entt\entt.hpp(6046,1): warning C4828: The file contains a character starting at offset 0x3a191 that is illegal in the current source character set (codepage 65001). [D:\Workspace\VS Workspace\HuaEngine\build\Sandbox\Sandbox.vcxproj]
  (compiling source file '../../Sandbox/src/SandboxApp.cpp')
  
D:\Workspace\VS Workspace\HuaEngine\Dependencies\entt\entt.hpp(6046,1): warning C4828: The file contains a character starting at offset 0x3a197 that is illegal in the current source character set (codepage 65001). [D:\Workspace\VS Workspace\HuaEngine\build\Sandbox\Sandbox.vcxproj]
  (compiling source file '../../Sandbox/src/SandboxApp.cpp')
  
D:\Workspace\VS Workspace\HuaEngine\Dependencies\entt\entt.hpp(8355,1): warning C4828: The file contains a character starting at offset 0x52025 that is illegal in the current source character set (codepage 65001). [D:\Workspace\VS Workspace\HuaEngine\build\Sandbox\Sandbox.vcxproj]
  (compiling source file '../../Sandbox/src/SandboxApp.cpp')
  
D:\Workspace\VS Workspace\HuaEngine\Dependencies\entt\entt.hpp(8355,1): warning C4828: The file contains a character starting at offset 0x5202b that is illegal in the current source character set (codepage 65001). [D:\Workspace\VS Workspace\HuaEngine\build\Sandbox\Sandbox.vcxproj]
  (compiling source file '../../Sandbox/src/SandboxApp.cpp')
  
D:\Workspace\VS Workspace\HuaEngine\Dependencies\entt\entt.hpp(13868,1): warning C4828: The file contains a character starting at offset 0x7f0c0 that is illegal in the current source character set (codepage 65001). [D:\Workspace\VS Workspace\HuaEngine\build\Sandbox\Sandbox.vcxproj]
  (compiling source file '../../Sandbox/src/SandboxApp.cpp')
  
D:\Workspace\VS Workspace\HuaEngine\Dependencies\entt\entt.hpp(13868,1): warning C4828: The file contains a character starting at offset 0x7f0c6 that is illegal in the current source character set (codepage 65001). [D:\Workspace\VS Workspace\HuaEngine\build\Sandbox\Sandbox.vcxproj]
  (compiling source file '../../Sandbox/src/SandboxApp.cpp')
  
D:\Workspace\VS Workspace\HuaEngine\Dependencies\entt\entt.hpp(59711,1): warning C4828: The file contains a character starting at offset 0x230043 that is illegal in the current source character set (codepage 65001). [D:\Workspace\VS Workspace\HuaEngine\build\Sandbox\Sandbox.vcxproj]
  (compiling source file '../../Sandbox/src/SandboxApp.cpp')
  
D:\Workspace\VS Workspace\HuaEngine\Dependencies\entt\entt.hpp(59711,1): warning C4828: The file contains a character starting at offset 0x230049 that is illegal in the current source character set (codepage 65001). [D:\Workspace\VS Workspace\HuaEngine\build\Sandbox\Sandbox.vcxproj]
  (compiling source file '../../Sandbox/src/SandboxApp.cpp')
  
D:\Workspace\VS Workspace\HuaEngine\Dependencies\entt\entt.hpp(71606,1): warning C4828: The file contains a character starting at offset 0x2a7cf1 that is illegal in the current source character set (codepage 65001). [D:\Workspace\VS Workspace\HuaEngine\build\Sandbox\Sandbox.vcxproj]
  (compiling source file '../../Sandbox/src/SandboxApp.cpp')
  
D:\Workspace\VS Workspace\HuaEngine\Dependencies\entt\entt.hpp(71606,1): warning C4828: The file contains a character starting at offset 0x2a7cf7 that is illegal in the current source character set (codepage 65001). [D:\Workspace\VS Workspace\HuaEngine\build\Sandbox\Sandbox.vcxproj]
  (compiling source file '../../Sandbox/src/SandboxApp.cpp')
  
D:\Workspace\VS Workspace\HuaEngine\Dependencies\entt\entt.hpp(91527,1): warning C4828: The file contains a character starting at offset 0x35f91d that is illegal in the current source character set (codepage 65001). [D:\Workspace\VS Workspace\HuaEngine\build\Sandbox\Sandbox.vcxproj]
  (compiling source file '../../Sandbox/src/SandboxApp.cpp')
  
D:\Workspace\VS Workspace\HuaEngine\Dependencies\entt\entt.hpp(91527,1): warning C4828: The file contains a character starting at offset 0x35f923 that is illegal in the current source character set (codepage 65001). [D:\Workspace\VS Workspace\HuaEngine\build\Sandbox\Sandbox.vcxproj]
  (compiling source file '../../Sandbox/src/SandboxApp.cpp')
  
D:\Workspace\VS Workspace\HuaEngine\Dependencies\entt\entt.hpp(6046,1): warning C4828: The file contains a character starting at offset 0x3a191 that is illegal in the current source character set (codepage 65001). [D:\Workspace\VS Workspace\HuaEngine\build\Sandbox\Sandbox.vcxproj]
  (compiling source file '../../Sandbox/src/SandboxApp.cpp')
  
D:\Workspace\VS Workspace\HuaEngine\Dependencies\entt\entt.hpp(6046,1): warning C4828: The file contains a character starting at offset 0x3a197 that is illegal in the current source character set (codepage 65001). [D:\Workspace\VS Workspace\HuaEngine\build\Sandbox\Sandbox.vcxproj]
  (compiling source file '../../Sandbox/src/SandboxApp.cpp')
  
D:\Workspace\VS Workspace\HuaEngine\Dependencies\entt\entt.hpp(8355,1): warning C4828: The file contains a character starting at offset 0x52025 that is illegal in the current source character set (codepage 65001). [D:\Workspace\VS Workspace\HuaEngine\build\Sandbox\Sandbox.vcxproj]
  (compiling source file '../../Sandbox/src/SandboxApp.cpp')
  
D:\Workspace\VS Workspace\HuaEngine\Dependencies\entt\entt.hpp(8355,1): warning C4828: The file contains a character starting at offset 0x5202b that is illegal in the current source character set (codepage 65001). [D:\Workspace\VS Workspace\HuaEngine\build\Sandbox\Sandbox.vcxproj]
  (compiling source file '../../Sandbox/src/SandboxApp.cpp')
  
D:\Workspace\VS Workspace\HuaEngine\Dependencies\entt\entt.hpp(13868,1): warning C4828: The file contains a character starting at offset 0x7f0c0 that is illegal in the current source character set (codepage 65001). [D:\Workspace\VS Workspace\HuaEngine\build\Sandbox\Sandbox.vcxproj]
  (compiling source file '../../Sandbox/src/SandboxApp.cpp')
  
D:\Workspace\VS Workspace\HuaEngine\Dependencies\entt\entt.hpp(13868,1): warning C4828: The file contains a character starting at offset 0x7f0c6 that is illegal in the current source character set (codepage 65001). [D:\Workspace\VS Workspace\HuaEngine\build\Sandbox\Sandbox.vcxproj]
  (compiling source file '../../Sandbox/src/SandboxApp.cpp')
  
D:\Workspace\VS Workspace\HuaEngine\Dependencies\entt\entt.hpp(59711,1): warning C4828: The file contains a character starting at offset 0x230043 that is illegal in the current source character set (codepage 65001). [D:\Workspace\VS Workspace\HuaEngine\build\Sandbox\Sandbox.vcxproj]
  (compiling source file '../../Sandbox/src/SandboxApp.cpp')
  
D:\Workspace\VS Workspace\HuaEngine\Dependencies\entt\entt.hpp(59711,1): warning C4828: The file contains a character starting at offset 0x230049 that is illegal in the current source character set (codepage 65001). [D:\Workspace\VS Workspace\HuaEngine\build\Sandbox\Sandbox.vcxproj]
  (compiling source file '../../Sandbox/src/SandboxApp.cpp')
  
D:\Workspace\VS Workspace\HuaEngine\Dependencies\entt\entt.hpp(71606,1): warning C4828: The file contains a character starting at offset 0x2a7cf1 that is illegal in the current source character set (codepage 65001). [D:\Workspace\VS Workspace\HuaEngine\build\Sandbox\Sandbox.vcxproj]
  (compiling source file '../../Sandbox/src/SandboxApp.cpp')
  
D:\Workspace\VS Workspace\HuaEngine\Dependencies\entt\entt.hpp(71606,1): warning C4828: The file contains a character starting at offset 0x2a7cf7 that is illegal in the current source character set (codepage 65001). [D:\Workspace\VS Workspace\HuaEngine\build\Sandbox\Sandbox.vcxproj]
  (compiling source file '../../Sandbox/src/SandboxApp.cpp')
  
D:\Workspace\VS Workspace\HuaEngine\Dependencies\entt\entt.hpp(91527,1): warning C4828: The file contains a character starting at offset 0x35f91d that is illegal in the current source character set (codepage 65001). [D:\Workspace\VS Workspace\HuaEngine\build\Sandbox\Sandbox.vcxproj]
  (compiling source file '../../Sandbox/src/SandboxApp.cpp')
  
D:\Workspace\VS Workspace\HuaEngine\Dependencies\entt\entt.hpp(91527,1): warning C4828: The file contains a character starting at offset 0x35f923 that is illegal in the current source character set (codepage 65001). [D:\Workspace\VS Workspace\HuaEngine\build\Sandbox\Sandbox.vcxproj]
  (compiling source file '../../Sandbox/src/SandboxApp.cpp')
  
  Generating Code...
  Sandbox.vcxproj -> D:\Workspace\VS Workspace\HuaEngine\build\bin\Debug-Windows-x64\Sandbox.exe
